{
    "coefs": {
        "const": 24.95437046687283,
        "cire_max": 4.818116794737691,
        "ndre_max": 58.64256445263294
    },
    "p_values": {
        "const": 0.712723258300779,
        "cire_max": 0.8936983948435002,
        "ndre_max": 0.8309206145117317
    },
    "rsquared": 0.16122545303200408,
    "aic": 247.4439523458214,
    "fvalue": 2.691016734600771,
    "f_pvalue": 0.0853165732320108,
    "mse_model": 420.8764447295139,
    "rmse_model": 20.515273450030197
}