{
    "coefs": {
        "const": 66.28287524945986,
        "gndvi_max": -62.454305803222496,
        "cire_max": 18.096764786110878
    },
    "p_values": {
        "const": 0.47669895596160927,
        "gndvi_max": 0.7684191534114067,
        "cire_max": 0.3685395740441624
    },
    "rsquared": 0.16247806008800736,
    "aic": 247.3976230403943,
    "fvalue": 2.7159800034266923,
    "f_pvalue": 0.08355004694791446,
    "mse_model": 424.14635524587084,
    "rmse_model": 20.594813794882217
}