{
    "coefs": {
        "const": -12.626901750017776,
        "ndvi_max": -23.6445565140191,
        "gndvi_max": 152.9694396251603
    },
    "p_values": {
        "const": 0.7450951139581352,
        "ndvi_max": 0.8944178350527359,
        "gndvi_max": 0.5222993580472373
    },
    "rsquared": 0.13804426306607043,
    "aic": 248.28907329465193,
    "fvalue": 2.2421333255458396,
    "f_pvalue": 0.12496531944430381,
    "mse_model": 360.3623222136048,
    "rmse_model": 18.983211588495895
}