{
    "coefs": {
        "const": 66.37708347704447,
        "ndvi_max": -55.43587403704127,
        "cire_max": 19.033989764608414
    },
    "p_values": {
        "const": 0.31533195687152954,
        "ndvi_max": 0.6734558924101111,
        "cire_max": 0.2558169348106633
    },
    "rsquared": 0.16524106010037432,
    "aic": 247.29518441377564,
    "fvalue": 2.771308854366278,
    "f_pvalue": 0.07977284923286641,
    "mse_model": 431.35912221363833,
    "rmse_model": 20.76918684526764
}