{
    "coefs": {
        "const": 8.612985383386693,
        "ndre1_max": -494.9299423793706,
        "ndre_max": 534.8277577092892
    },
    "p_values": {
        "const": 0.7075949037753069,
        "ndre1_max": 0.351691832489084,
        "ndre_max": 0.26104012797174597
    },
    "rsquared": 0.18673410798768775,
    "aic": 246.48655307439822,
    "fvalue": 3.2145421780310577,
    "f_pvalue": 0.05536761547225485,
    "mse_model": 487.46637706140746,
    "rmse_model": 22.078640743066757
}