{
    "coefs": {
        "const": 62.915844926814124,
        "ndvi_max": -180.023754729637,
        "ndre_max": 263.29215801008843
    },
    "p_values": {
        "const": 0.24306233258878832,
        "ndvi_max": 0.34379651668683986,
        "ndre_max": 0.15343943779753313
    },
    "rsquared": 0.18758749934312902,
    "aic": 246.45400649622133,
    "fvalue": 3.23262503799534,
    "f_pvalue": 0.054559748826752553,
    "mse_model": 489.6941414304101,
    "rmse_model": 22.129033901876742
}