{
    "coefs": {
        "const": 51.6306438848372,
        "cire_max": 19.583037804686434,
        "ndre1_max": -62.08061467131918
    },
    "p_values": {
        "const": 0.3287740615128597,
        "cire_max": 0.5132269237956368,
        "ndre1_max": 0.8075022995564602
    },
    "rsquared": 0.16164539097016495,
    "aic": 247.42842810750204,
    "fvalue": 2.699377386618236,
    "f_pvalue": 0.08472051522223781,
    "mse_model": 421.97268594389016,
    "rmse_model": 20.541973759692375
}