{
    "coefs": {
        "const": 21.608839457670655,
        "gndvi_max": -5.423082951004972,
        "ndre1_max": 106.48791462939505
    },
    "p_values": {
        "const": 0.7426021428024605,
        "gndvi_max": 0.9804790257569037,
        "ndre1_max": 0.5516617657679167
    },
    "rsquared": 0.14853254039377428,
    "aic": 247.90955157600206,
    "fvalue": 2.4422020384366956,
    "f_pvalue": 0.105281672026882,
    "mse_model": 387.7418010118122,
    "rmse_model": 19.691160479052833
}