{
    "coefs": {
        "const": 48.58022600949411,
        "gndvi_max": -121.82228742931596,
        "ndre_max": 180.03284169376423
    },
    "p_values": {
        "const": 0.48725751292447217,
        "gndvi_max": 0.6273767709211924,
        "ndre_max": 0.32090097564624126
    },
    "rsquared": 0.16784049407592305,
    "aic": 247.19849999737335,
    "fvalue": 2.823697741040174,
    "f_pvalue": 0.0763646033134891,
    "mse_model": 438.1449026804539,
    "rmse_model": 20.931911109128425
}