{
    "coefs": {
        "const": 64.44857456570465,
        "ndvi_max": -162.2287404526695,
        "ndre1_max": 273.5404450734719
    },
    "p_values": {
        "const": 0.32181876889460925,
        "ndvi_max": 0.4691921818254583,
        "ndre1_max": 0.2598751282400143
    },
    "rsquared": 0.1645782864007702,
    "aic": 247.31978772327176,
    "fvalue": 2.758003499435147,
    "f_pvalue": 0.0806641616770423,
    "mse_model": 429.6289621607202,
    "rmse_model": 20.72749290581763
}