{
    "coefs": {
        "const": -849.5204581713963,
        "ndvi_mean": -1176.003236434854,
        "gndvi_mean": 2808.5033002975015,
        "cire_mean": -16.69464351433868,
        "ndre1_mean": 2914.625520719681,
        "ndre_mean": -4026.8878891526056,
        "ndmi_mean": 1830.9238258063697,
        "msi_mean": 674.1393086392238
    },
    "p_values": {
        "const": 0.2606880144547135,
        "ndvi_mean": 0.4109963016551805,
        "gndvi_mean": 0.27881354746622694,
        "cire_mean": 0.9053013329182582,
        "ndre1_mean": 0.4670664528353774,
        "ndre_mean": 0.3785955707512222,
        "ndmi_mean": 0.18294671528798756,
        "msi_mean": 0.2526329167708553
    },
    "rsquared": 0.8609589314101724,
    "aic": 90.28728970163031,
    "fvalue": 3.5383540792952317,
    "f_pvalue": 0.11967014335361197,
    "mse_model": 303.3855282112037,
    "rmse_model": 17.417965673729057
}