{
    "coefs": {
        "const": 4.117109814978448,
        "ndvi_mean": -251.87529221038346,
        "gndvi_mean": -159.4680643919312,
        "cire_mean": -50.05741732716484,
        "ndre1_mean": -955.4214988868837,
        "ndre_mean": 1812.3229402966317,
        "ndmi_mean": -152.39871815603897,
        "msi_mean": -22.19978249299811
    },
    "p_values": {
        "const": 0.9890454746987201,
        "ndvi_mean": 0.7017146221937933,
        "gndvi_mean": 0.8129349414979699,
        "cire_mean": 0.5355299943246353,
        "ndre1_mean": 0.5168159158291643,
        "ndre_mean": 0.19375339452456986,
        "ndmi_mean": 0.7801139269765107,
        "msi_mean": 0.9253823084339587
    },
    "rsquared": 0.3122430445121588,
    "aic": 251.2902526797747,
    "fvalue": 1.4917209106824643,
    "f_pvalue": 0.219463664497492,
    "mse_model": 232.88726614881514,
    "rmse_model": 15.26064435562323
}