{
    "coefs": {
        "const": -389.8372241018077,
        "cire_max": -98.22983039611742,
        "ndre_max": 1229.6167691329176
    },
    "p_values": {
        "const": 0.1981716633059678,
        "cire_max": 0.199722735993737,
        "ndre_max": 0.16758643513450952
    },
    "rsquared": 0.42131454479244623,
    "aic": 62.72533212653367,
    "fvalue": 1.8201362285895706,
    "f_pvalue": 0.2547454390422526,
    "mse_model": 204.73253661007936,
    "rmse_model": 14.308477788013628
}