{
    "coefs": {
        "const": 16.41746429042925,
        "ndvi_max": -800.1725242348122,
        "gndvi_max": 979.13028495034
    },
    "p_values": {
        "const": 0.8443712120529905,
        "ndvi_max": 0.09313072500876346,
        "gndvi_max": 0.06481234497644113
    },
    "rsquared": 0.5518779090697115,
    "aic": 60.679785286399145,
    "fvalue": 3.0788367737240367,
    "f_pvalue": 0.1344283550268457,
    "mse_model": 268.1781714385629,
    "rmse_model": 16.376146416008954
}