{
    "coefs": {
        "const": -248.1711897944374,
        "gndvi_max": 559.7554905549055,
        "cire_max": -27.222579911415792
    },
    "p_values": {
        "const": 0.49430954570056096,
        "gndvi_max": 0.4409411528686145,
        "cire_max": 0.5584206244568544
    },
    "rsquared": 0.22811578538564192,
    "aic": 65.02993599057582,
    "fvalue": 0.738827731759002,
    "f_pvalue": 0.5234562610380463,
    "mse_model": 110.85001446083538,
    "rmse_model": 10.528533348042137
}