{
    "coefs": {
        "const": 204.27880120377023,
        "ndvi_max": -560.6915232389139,
        "ndre1_max": 587.8061110002509
    },
    "p_values": {
        "const": 0.28919594606341403,
        "ndvi_max": 0.2705670286915085,
        "ndre1_max": 0.20180195637098153
    },
    "rsquared": 0.33848898953206186,
    "aic": 63.79547255383824,
    "fvalue": 1.2792265894887462,
    "f_pvalue": 0.3559120507280534,
    "mse_model": 164.48449335073633,
    "rmse_model": 12.825150812007488
}