{
    "coefs": {
        "const": -63.49430001630201,
        "ndre1_max": -1566.7959717584179,
        "ndre_max": 1523.7040097915065
    },
    "p_values": {
        "const": 0.39710871807085024,
        "ndre1_max": 0.246957407153749,
        "ndre_max": 0.21778668119598044
    },
    "rsquared": 0.381368260708426,
    "aic": 63.2593408665028,
    "fvalue": 1.5411764240594483,
    "f_pvalue": 0.3010097028229402,
    "mse_model": 185.32113918800076,
    "rmse_model": 13.613270701341422
}