{
    "coefs": {
        "const": -170.41366798823245,
        "gndvi_max": 614.8250212926202,
        "ndre1_max": -387.50933315444894
    },
    "p_values": {
        "const": 0.5283477115460153,
        "gndvi_max": 0.51508572398212,
        "ndre1_max": 0.6147528905052186
    },
    "rsquared": 0.21278572498316128,
    "aic": 65.18726336481811,
    "fvalue": 0.6757554192554809,
    "f_pvalue": 0.5498350258573733,
    "mse_model": 103.40056323400495,
    "rmse_model": 10.168606749894744
}