{
    "coefs": {
        "const": 195.93296202647002,
        "ndvi_max": -272.5335069808646,
        "cire_max": 26.108694881341926
    },
    "p_values": {
        "const": 0.4500589530785385,
        "ndvi_max": 0.523471731429117,
        "cire_max": 0.38960826916833846
    },
    "rsquared": 0.1956680929361524,
    "aic": 65.35935555870776,
    "fvalue": 0.608169622570438,
    "f_pvalue": 0.5802140521199718,
    "mse_model": 95.08246391116154,
    "rmse_model": 9.751023736570511
}