{
    "coefs": {
        "const": 172.46835371766485,
        "ndvi_max": -539.4817637963113,
        "ndre_max": 521.1971037363185
    },
    "p_values": {
        "const": 0.25645236810697847,
        "ndvi_max": 0.20109238414246897,
        "ndre_max": 0.1354007914641146
    },
    "rsquared": 0.4200459034649058,
    "aic": 62.742851180947056,
    "fvalue": 1.8106859921088945,
    "f_pvalue": 0.2561439196859546,
    "mse_model": 204.11605621497768,
    "rmse_model": 14.286919059579558
}