{
    "coefs": {
        "const": -19.79348071530069,
        "gndvi_max": 41.23188368752699,
        "ndre_max": 81.95315467067968
    },
    "p_values": {
        "const": 0.9479619138218465,
        "gndvi_max": 0.9725088028196269,
        "ndre_max": 0.9266868221642117
    },
    "rsquared": 0.16906057267669494,
    "aic": 65.6197147360482,
    "fvalue": 0.508642889955552,
    "f_pvalue": 0.6293951845571414,
    "mse_model": 82.15287203508143,
    "rmse_model": 9.063822153765013
}