{
    "coefs": {
        "const": -144.89602376912987,
        "cire_max": -42.63317761796813,
        "ndre1_max": 648.5847075756133
    },
    "p_values": {
        "const": 0.6717263177378043,
        "cire_max": 0.6641848413644937,
        "ndre1_max": 0.6038076744996682
    },
    "rsquared": 0.17085036836601497,
    "aic": 65.60246461204423,
    "fvalue": 0.5151373221662182,
    "f_pvalue": 0.6260114552181443,
    "mse_model": 83.02260087786038,
    "rmse_model": 9.111673879033445
}