{
    "coefs": {
        "const": -23.179926792555445,
        "gndvi_mean": 316.6713101392861,
        "cire_mean": 34.25463033757903,
        "ndre1_mean": -386.53874646505653
    },
    "p_values": {
        "const": 0.7010493841499357,
        "gndvi_mean": 0.13345299449031053,
        "cire_mean": 0.32550709574038883,
        "ndre1_mean": 0.2046774123984535
    },
    "rsquared": 0.21390052973154783,
    "aic": 247.4333352168722,
    "fvalue": 2.44893278827234,
    "f_pvalue": 0.08526419736425801,
    "mse_model": 372.2559219037742,
    "rmse_model": 19.293934847608824
}