{
    "coefs": {
        "const": -60.62844021721209,
        "ndre1_mean": -1107.4008864493073,
        "ndre_mean": 1169.3126707673373,
        "msi_mean": 32.34738349048996
    },
    "p_values": {
        "const": 0.596622701335443,
        "ndre1_mean": 0.09438181316156119,
        "ndre_mean": 0.02817973685656041,
        "msi_mean": 0.6628915233660311
    },
    "rsquared": 0.29280634731834554,
    "aic": 244.15419238823387,
    "fvalue": 3.7263585665288477,
    "f_pvalue": 0.02312184173049148,
    "mse_model": 509.5774979943464,
    "rmse_model": 22.5738232914663
}