{
    "coefs": {
        "const": -81.65262376102629,
        "ndvi_mean": -135.86500433893255,
        "ndre_mean": 418.5574660407245,
        "msi_mean": 74.56894306838106
    },
    "p_values": {
        "const": 0.6308103043238915,
        "ndvi_mean": 0.6241232588546533,
        "ndre_mean": 0.08333535963210262,
        "msi_mean": 0.38334729906193643
    },
    "rsquared": 0.22116900050930166,
    "aic": 247.14536815542624,
    "fvalue": 2.5557804015060746,
    "f_pvalue": 0.07617764050228558,
    "mse_model": 384.9054057250587,
    "rmse_model": 19.619006236939185
}