{
    "coefs": {
        "const": -74.38677801466832,
        "ndvi_mean": -194.07968707315587,
        "gndvi_mean": 455.28397759280557,
        "msi_mean": 19.123475024930116
    },
    "p_values": {
        "const": 0.6615185678216076,
        "ndvi_mean": 0.5138908745308051,
        "gndvi_mean": 0.07388127376827928,
        "msi_mean": 0.8358893168173376
    },
    "rsquared": 0.22690476742124444,
    "aic": 246.91622120216675,
    "fvalue": 2.6415153279103505,
    "f_pvalue": 0.06962236823302327,
    "mse_model": 394.8874903992302,
    "rmse_model": 19.871776226578998
}