{
    "coefs": {
        "const": -2.9790595282143713,
        "ndvi_mean": -76.18112020820925,
        "ndre1_mean": 405.36202441897626,
        "ndmi_mean": -139.86883450788562
    },
    "p_values": {
        "const": 0.9716345824542352,
        "ndvi_mean": 0.7713382388407549,
        "ndre1_mean": 0.2865038592931194,
        "ndmi_mean": 0.4528749755948607
    },
    "rsquared": 0.13519884041536523,
    "aic": 250.39123959517684,
    "fvalue": 1.4070165728301207,
    "f_pvalue": 0.26226944921817674,
    "mse_model": 235.2895948519017,
    "rmse_model": 15.339152351153622
}