{
    "coefs": {
        "const": -32.040928075366416,
        "ndre1_mean": -1125.7421388411967,
        "ndre_mean": 1201.9482989987719,
        "ndmi_mean": -67.99145857690081
    },
    "p_values": {
        "const": 0.5663556316866873,
        "ndre1_mean": 0.08544221868728658,
        "ndre_mean": 0.020247751392620417,
        "ndmi_mean": 0.6876544508634315
    },
    "rsquared": 0.2920483582106319,
    "aic": 244.18740122506222,
    "fvalue": 3.7127327189357757,
    "f_pvalue": 0.02343412009006889,
    "mse_model": 508.2583524343093,
    "rmse_model": 22.54458587852767
}