{
    "coefs": {
        "const": -235.07301238436239,
        "gndvi_mean": 288.0473494187213,
        "ndmi_mean": 174.52205884353828,
        "msi_mean": 156.04379793896675
    },
    "p_values": {
        "const": 0.13363563116936023,
        "gndvi_mean": 0.05392900449666151,
        "ndmi_mean": 0.46134584451987315,
        "msi_mean": 0.23294160292841842
    },
    "rsquared": 0.23029495468995953,
    "aic": 246.77998065827433,
    "fvalue": 2.6927907057888154,
    "f_pvalue": 0.06598721908565056,
    "mse_model": 400.7875098555908,
    "rmse_model": 20.019678065732997
}