{
    "coefs": {
        "const": -65.27568839487965,
        "gndvi_mean": 300.07052064576135,
        "ndre1_mean": -48.0408496699452,
        "ndmi_mean": -64.96084511112352
    },
    "p_values": {
        "const": 0.3435869979374553,
        "gndvi_mean": 0.18382573526703203,
        "ndre1_mean": 0.8966608517365375,
        "ndmi_mean": 0.7296563845595934
    },
    "rsquared": 0.1883674077462305,
    "aic": 248.42423249245718,
    "fvalue": 2.0887612029089273,
    "f_pvalue": 0.1251817199018655,
    "mse_model": 327.82005315835914,
    "rmse_model": 18.105801643626805
}