{
    "coefs": {
        "const": 1.8496068793894658,
        "ndvi_mean": -73.54674725457642,
        "ndre1_mean": -1161.470382803266,
        "ndre_mean": 1231.959292997451
    },
    "p_values": {
        "const": 0.970623906659386,
        "ndvi_mean": 0.7542322919171659,
        "ndre1_mean": 0.07248061382957334,
        "ndre_mean": 0.015971396108499816
    },
    "rsquared": 0.290346827799539,
    "aic": 244.26181895778177,
    "fvalue": 3.682251489263692,
    "f_pvalue": 0.02414901090433707,
    "mse_model": 505.29714063822985,
    "rmse_model": 22.478815374441552
}