{
    "coefs": {
        "const": -150.52418517979106,
        "gndvi_mean": 272.3467757544345,
        "cire_mean": 8.794203973677337,
        "msi_mean": 74.82295557284118
    },
    "p_values": {
        "const": 0.19577239591609405,
        "gndvi_mean": 0.15325574189783822,
        "cire_mean": 0.700928910976303,
        "msi_mean": 0.1831074328722809
    },
    "rsquared": 0.21873506566954382,
    "aic": 247.242095593288,
    "fvalue": 2.519779788546374,
    "f_pvalue": 0.07912027225100618,
    "mse_model": 380.66957396360914,
    "rmse_model": 19.510755340673235
}