{
    "coefs": {
        "const": 16.328335276109485,
        "cire_mean": 30.986276716658068,
        "ndre1_mean": 56.113125239914325,
        "ndmi_mean": -107.88754286568192
    },
    "p_values": {
        "const": 0.8260399796985936,
        "cire_mean": 0.4056207512553849,
        "ndre1_mean": 0.8905335028315855,
        "ndmi_mean": 0.5658329459580748
    },
    "rsquared": 0.15478257322257205,
    "aic": 249.68116279783868,
    "fvalue": 1.6481477012541297,
    "f_pvalue": 0.20166400621405708,
    "mse_model": 269.3716072696052,
    "rmse_model": 16.412544204650455
}