{
    "coefs": {
        "const": -23.12149810699707,
        "gndvi_mean": 274.5277592145423,
        "cire_mean": 17.536248874325814,
        "ndre_mean": -198.68672138761752
    },
    "p_values": {
        "const": 0.7121715746042627,
        "gndvi_mean": 0.34931790293770315,
        "cire_mean": 0.6901777731177188,
        "ndre_mean": 0.6419460540881128
    },
    "rsquared": 0.17150192794101282,
    "aic": 249.06180157712674,
    "fvalue": 1.8630307100572474,
    "f_pvalue": 0.15969730099965218,
    "mse_model": 298.46867781992387,
    "rmse_model": 17.27624605693968
}