{
    "coefs": {
        "const": -72.1932427140356,
        "cire_mean": -10.9469854853702,
        "ndre_mean": 468.70080776809584,
        "ndmi_mean": -232.49395154712633
    },
    "p_values": {
        "const": 0.3359196440731905,
        "cire_mean": 0.7844100112083254,
        "ndre_mean": 0.1757260748476522,
        "ndmi_mean": 0.14156368686945914
    },
    "rsquared": 0.21070247443515544,
    "aic": 247.5591953659423,
    "fvalue": 2.4025442985638845,
    "f_pvalue": 0.08955580873039123,
    "mse_model": 366.6902740573108,
    "rmse_model": 19.149158573089075
}