{
    "coefs": {
        "const": -56.72237464233754,
        "cire_mean": 20.075684136849464,
        "ndre1_mean": 128.4532118008379,
        "msi_mean": 62.68209125700745
    },
    "p_values": {
        "const": 0.7349210309604526,
        "cire_mean": 0.6421852466037934,
        "ndre1_mean": 0.7777669546432899,
        "msi_mean": 0.49975899903823684
    },
    "rsquared": 0.15878276081001863,
    "aic": 249.53409982495504,
    "fvalue": 1.6987821703062254,
    "f_pvalue": 0.1908563551450292,
    "mse_model": 276.33322405485495,
    "rmse_model": 16.62327356614379
}