{
    "coefs": {
        "const": -22.678305300387596,
        "ndvi_mean": -261.71548863333805,
        "gndvi_mean": 437.00991180247047,
        "cire_mean": 8.65454968529442
    },
    "p_values": {
        "const": 0.7041095553603709,
        "ndvi_mean": 0.14207687015937315,
        "gndvi_mean": 0.08558521707757599,
        "cire_mean": 0.7011252636988614
    },
    "rsquared": 0.22994364387106636,
    "aic": 246.7941265325175,
    "fvalue": 2.6874562859826505,
    "f_pvalue": 0.06635593423589718,
    "mse_model": 400.17611570464607,
    "rmse_model": 20.00440240808623
}