{
    "coefs": {
        "const": 30.40906505881197,
        "ndvi_mean": 234.0290368003478,
        "cire_mean": 61.76580749253397,
        "ndre1_mean": -583.7921366013051
    },
    "p_values": {
        "const": 0.5704117156765169,
        "ndvi_mean": 0.5623421172195677,
        "cire_mean": 0.27805359023960907,
        "ndre1_mean": 0.48277896302949797
    },
    "rsquared": 0.15497261566916487,
    "aic": 249.6741918361999,
    "fvalue": 1.6505424165951366,
    "f_pvalue": 0.20113911437481016,
    "mse_model": 269.7023424306917,
    "rmse_model": 16.422616796073996
}