{
    "coefs": {
        "const": -126.87925820542227,
        "ndre1_mean": 283.3322963201923,
        "ndmi_mean": 70.71847075769062,
        "msi_mean": 111.75933073928195
    },
    "p_values": {
        "const": 0.3870096980308638,
        "ndre1_mean": 0.27518439793856875,
        "ndmi_mean": 0.8280143497091736,
        "msi_mean": 0.42060002779088523
    },
    "rsquared": 0.153411549542132,
    "aic": 249.7314070297209,
    "fvalue": 1.6309033570354625,
    "f_pvalue": 0.2054850469756683,
    "mse_model": 266.985583799936,
    "rmse_model": 16.33969350385545
}