{
    "coefs": {
        "const": -54.552418438890435,
        "gndvi_mean": 217.21214205149508,
        "cire_mean": 16.34021138369792,
        "ndmi_mean": -126.80170364304698
    },
    "p_values": {
        "const": 0.43569290201818855,
        "gndvi_mean": 0.23005752196050905,
        "cire_mean": 0.5464838608251282,
        "ndmi_mean": 0.29248033048094363
    },
    "rsquared": 0.19891732230085812,
    "aic": 248.01864072728466,
    "fvalue": 2.234795421927822,
    "f_pvalue": 0.10705390055560483,
    "mse_model": 346.1803076816547,
    "rmse_model": 18.605921306983287
}