{
    "coefs": {
        "const": -123.14524378205653,
        "ndre_mean": 362.24220310511873,
        "ndmi_mean": -83.8271913638223,
        "msi_mean": 69.41094510216203
    },
    "p_values": {
        "const": 0.37451341265407323,
        "ndre_mean": 0.07214605324226858,
        "ndmi_mean": 0.7894190442820483,
        "msi_mean": 0.61020369939519
    },
    "rsquared": 0.21619340699174794,
    "aic": 247.34278298923385,
    "fvalue": 2.4824244657830357,
    "f_pvalue": 0.08229979162077126,
    "mse_model": 376.2462679743483,
    "rmse_model": 19.397068540744716
}