{
    "coefs": {
        "const": -18.049057460145207,
        "ndvi_mean": -351.6007800580677,
        "gndvi_mean": 457.0113430655172,
        "ndre1_mean": 152.81533516638092
    },
    "p_values": {
        "const": 0.7582861998971457,
        "ndvi_mean": 0.20376145992506445,
        "gndvi_mean": 0.05307185486285507,
        "ndre1_mean": 0.6176345321801354
    },
    "rsquared": 0.23289851659536542,
    "aic": 246.67494401927598,
    "fvalue": 2.7324763342331257,
    "f_pvalue": 0.06331082866218264,
    "mse_model": 405.31854742967624,
    "rmse_model": 20.13252461639315
}