{
    "coefs": {
        "const": -16.344433948239562,
        "cire_mean": -4.596666374797531,
        "ndre1_mean": -1263.9245643291051,
        "ndre_mean": 1272.682348259736
    },
    "p_values": {
        "const": 0.7087100731124413,
        "cire_mean": 0.9019722620209979,
        "ndre1_mean": 0.026881407518284724,
        "ndre_mean": 0.027141919574212553
    },
    "rsquared": 0.28812542008882935,
    "aic": 244.35870583879387,
    "fvalue": 3.6426764685473674,
    "f_pvalue": 0.025111887751199033,
    "mse_model": 501.43117463846255,
    "rmse_model": 22.392658945253967
}