{
    "coefs": {
        "const": -9.568556477667421,
        "ndvi_mean": -201.26314255529934,
        "ndre_mean": 543.078358916948,
        "ndmi_mean": -171.21805884780855
    },
    "p_values": {
        "const": 0.9036544558376893,
        "ndvi_mean": 0.3805254457455596,
        "ndre_mean": 0.0391933228703135,
        "ndmi_mean": 0.294203809630116
    },
    "rsquared": 0.23110485295209493,
    "aic": 246.7473446966128,
    "fvalue": 2.7051070416487693,
    "f_pvalue": 0.06514411120031867,
    "mse_model": 402.19699408921025,
    "rmse_model": 20.05484964015463
}