{
    "coefs": {
        "const": -65.75958021546475,
        "gndvi_mean": 59.070585336156974,
        "ndre_mean": 324.9493239466967,
        "ndmi_mean": -207.80234751938207
    },
    "p_values": {
        "const": 0.3234226378562496,
        "gndvi_mean": 0.8414741698849092,
        "ndre_mean": 0.3956006167225494,
        "ndmi_mean": 0.23524193137313526
    },
    "rsquared": 0.2096642546707428,
    "aic": 247.5999450993446,
    "fvalue": 2.3875654153167036,
    "f_pvalue": 0.09098931464612559,
    "mse_model": 364.8834367576313,
    "rmse_model": 19.101922331473116
}