{
    "coefs": {
        "const": -12.75640193292935,
        "ndvi_mean": -329.39048970890036,
        "gndvi_mean": 503.15189599567566,
        "ndmi_mean": 61.53346464478744
    },
    "p_values": {
        "const": 0.8719896839360763,
        "ndvi_mean": 0.23338068868047113,
        "gndvi_mean": 0.03990594389396387,
        "ndmi_mean": 0.6921869132069376
    },
    "rsquared": 0.23021739652227713,
    "aic": 246.78310416914115,
    "fvalue": 2.6916126180817943,
    "f_pvalue": 0.06606846294017117,
    "mse_model": 400.65253362505956,
    "rmse_model": 20.01630669292064
}