{
    "coefs": {
        "const": -130.00750471292304,
        "ndvi_mean": 48.268778278115455,
        "ndre1_mean": 279.77143380719485,
        "msi_mean": 94.03416593613049
    },
    "p_values": {
        "const": 0.45702670898870257,
        "ndvi_mean": 0.8699828367502128,
        "ndre1_mean": 0.3812462928811369,
        "msi_mean": 0.2926815742429142
    },
    "rsquared": 0.15275951665639775,
    "aic": 249.75527369069573,
    "fvalue": 1.6227218563516266,
    "f_pvalue": 0.20732353726096403,
    "mse_model": 265.85083624556955,
    "rmse_model": 16.304932880744083
}