{
    "coefs": {
        "const": -172.3405489291429,
        "gndvi_mean": 174.4749804370264,
        "ndre_mean": 175.5578587380702,
        "msi_mean": 94.93306405651134
    },
    "p_values": {
        "const": 0.14064529662327144,
        "gndvi_mean": 0.5033119385499654,
        "ndre_mean": 0.5080693229591167,
        "msi_mean": 0.15673110700403592
    },
    "rsquared": 0.22725191835723502,
    "aic": 246.90229782571896,
    "fvalue": 2.646745186176502,
    "f_pvalue": 0.06924215286797918,
    "mse_model": 395.4916450120266,
    "rmse_model": 19.886971740615177
}