{
    "coefs": {
        "const": -216.1004578737685,
        "cire_mean": -32.568135777078965,
        "ndre_mean": 575.9880023349046,
        "msi_mean": 125.55482227753639
    },
    "p_values": {
        "const": 0.1368384616923432,
        "cire_mean": 0.4538473629943046,
        "ndre_mean": 0.11803174283482673,
        "msi_mean": 0.0921853034796247
    },
    "rsquared": 0.23054154173419095,
    "aic": 246.77004773247558,
    "fvalue": 2.696537874551448,
    "f_pvalue": 0.06572950210083756,
    "mse_model": 401.2166508567613,
    "rmse_model": 20.030393177787634
}