{
    "coefs": {
        "const": 5.435205947921615,
        "gndvi_mean": -94.70570712007492,
        "ndre1_mean": -1368.2511995615139,
        "ndre_mean": 1411.361650965593
    },
    "p_values": {
        "const": 0.9255020685966815,
        "gndvi_mean": 0.7426458615878411,
        "ndre1_mean": 0.03870611799407726,
        "ndre_mean": 0.05477693719176565
    },
    "rsquared": 0.29060932482615076,
    "aic": 244.25035009734756,
    "fvalue": 3.6869443241474578,
    "f_pvalue": 0.024037457266107506,
    "mse_model": 505.75397014099445,
    "rmse_model": 22.488974412831602
}