{
    "coefs": {
        "const": -163.5557405604875,
        "gndvi_mean": 302.37187144838776,
        "ndre1_mean": 31.88152422765978,
        "msi_mean": 74.9741334234074
    },
    "p_values": {
        "const": 0.1937556731430392,
        "gndvi_mean": 0.15296108895057528,
        "ndre1_mean": 0.905166374455047,
        "msi_mean": 0.31806439498682937
    },
    "rsquared": 0.2147955929650982,
    "aic": 247.39801809757785,
    "fvalue": 2.4619835540479285,
    "f_pvalue": 0.08409598256879508,
    "mse_model": 373.8136206602273,
    "rmse_model": 19.33426028220959
}