{
    "coefs": {
        "const": 1.8410586639665665,
        "ndvi_mean": -369.60192474706054,
        "gndvi_mean": 349.64429433780094,
        "ndre_mean": 244.1282492854009
    },
    "p_values": {
        "const": 0.9756627625540203,
        "ndvi_mean": 0.09761687355958246,
        "gndvi_mean": 0.19147117342036934,
        "ndre_mean": 0.3731298826995
    },
    "rsquared": 0.2484818140795355,
    "aic": 246.03870943240133,
    "fvalue": 2.975758096893875,
    "f_pvalue": 0.04921367317105367,
    "mse_model": 432.4385119222882,
    "rmse_model": 20.795155972540535
}