{
    "coefs": {
        "const": -235.081453033351,
        "ndvi_mean": 203.459140142171,
        "ndmi_mean": 225.40961007211354,
        "msi_mean": 188.17696150668976
    },
    "p_values": {
        "const": 0.22830013751020217,
        "ndvi_mean": 0.2721876502761074,
        "ndmi_mean": 0.3704796428495214,
        "msi_mean": 0.19031298807438382
    },
    "rsquared": 0.1538894664754642,
    "aic": 249.713901938187,
    "fvalue": 1.6369081147233053,
    "f_pvalue": 0.2041462300866082,
    "mse_model": 267.81731343068685,
    "rmse_model": 16.36512491338477
}