{
    "coefs": {
        "const": 34.331614437041026,
        "ndvi_mean": -693.4033735146747,
        "cire_mean": -96.25968514886684,
        "ndre_mean": 1463.374627504735
    },
    "p_values": {
        "const": 0.4172396195431358,
        "ndvi_mean": 0.037239286653806235,
        "cire_mean": 0.10793491151071016,
        "ndre_mean": 0.03429827805867802
    },
    "rsquared": 0.2729611294132973,
    "aic": 245.01213001169413,
    "fvalue": 3.37898049761386,
    "f_pvalue": 0.03266270840405213,
    "mse_model": 475.0404171563673,
    "rmse_model": 21.795421931138826
}