{
    "coefs": {
        "const": -13.525087316529778,
        "cire_mean": 31.19617849543844,
        "ndmi_mean": 0.06560346925243721,
        "msi_mean": 41.12247944528292
    },
    "p_values": {
        "const": 0.9312748969992002,
        "cire_mean": 0.25794083193820505,
        "ndmi_mean": 0.9998562665512599,
        "msi_mean": 0.7987216067238693
    },
    "rsquared": 0.15625088304312096,
    "aic": 249.62726283626404,
    "fvalue": 1.6666778300876812,
    "f_pvalue": 0.1976384323691632,
    "mse_model": 271.92694000568946,
    "rmse_model": 16.490207397291567
}