{
    "coefs": {
        "const": -109.01782552533437,
        "ndvi_mean": 123.88413217344979,
        "cire_mean": 23.913650042189815,
        "msi_mean": 82.86146247895579
    },
    "p_values": {
        "const": 0.534822318796478,
        "ndvi_mean": 0.5555716409403273,
        "cire_mean": 0.2686545258024561,
        "msi_mean": 0.348158566199943
    },
    "rsquared": 0.16723854106810754,
    "aic": 249.22091612936907,
    "fvalue": 1.807416581866653,
    "f_pvalue": 0.1696177881606523,
    "mse_model": 291.0490093749807,
    "rmse_model": 17.06015853897556
}