{
    "coefs": {
        "const": -3.194535911162326,
        "ndvi_mean": 66.44647526519074,
        "cire_mean": 32.74064100177059,
        "ndmi_mean": -133.37544495449436
    },
    "p_values": {
        "const": 0.9691656379138759,
        "ndvi_mean": 0.7136822074770093,
        "cire_mean": 0.17275191547195318,
        "ndmi_mean": 0.43769787534668203
    },
    "rsquared": 0.1584636184710666,
    "aic": 249.5458584240801,
    "fvalue": 1.6947247885450636,
    "f_pvalue": 0.191700232481315,
    "mse_model": 275.7778134359369,
    "rmse_model": 16.606559349724943
}