{
    "coefs": {
        "const": 188.29984843939184,
        "ndvi_max": 141.07203647535698,
        "gndvi_max": -299.44412095466305,
        "cire_max": 142.66032705163013,
        "ndre1_max": -415.8994804216645,
        "ndre_max": -297.9586747052533
    },
    "p_values": {
        "const": 0.08292838391479052,
        "ndvi_max": 0.7106436811097545,
        "gndvi_max": 0.368421766197839,
        "cire_max": 0.11006144070616009,
        "ndre1_max": 0.4701006586028755,
        "ndre_max": 0.671252549866304
    },
    "rsquared": 0.9683593813794915,
    "aic": 54.97218367720771,
    "fvalue": 24.483955715121986,
    "f_pvalue": 0.00424217997915505,
    "mse_model": 263.3937517352217,
    "rmse_model": 16.22941008586639
}