{
    "coefs": {
        "const": -698.3942310688049,
        "gndvi_mean": 851.4610073054146,
        "cire_mean": 29.220686290711683,
        "ndre_mean": -1568.8985073122649,
        "ndmi_mean": 2105.123033308644,
        "msi_mean": 766.1997002345761
    },
    "p_values": {
        "const": 0.025487410238877888,
        "gndvi_mean": 0.1036851154855392,
        "cire_mean": 0.6913505452788048,
        "ndre_mean": 0.08465908206261284,
        "ndmi_mean": 0.011117388541813036,
        "msi_mean": 0.015680592439193515
    },
    "rsquared": 0.9098596721209122,
    "aic": 81.08646939434374,
    "fvalue": 12.112576382123358,
    "f_pvalue": 0.00432796137105886,
    "mse_model": 448.8641049129834,
    "rmse_model": 21.18641321491166
}