{
    "coefs": {
        "const": 54.97292573972874,
        "ndvi_mean": 129.11708152303208,
        "gndvi_mean": 252.29895940723236,
        "cire_mean": 148.6456603625906,
        "ndre_mean": -993.3781369090091,
        "msi_mean": -21.87562858184714
    },
    "p_values": {
        "const": 0.8022183350368564,
        "ndvi_mean": 0.8659266888116955,
        "gndvi_mean": 0.7569341206322403,
        "cire_mean": 0.36649296179515983,
        "ndre_mean": 0.5681257237590036,
        "msi_mean": 0.8720436718520934
    },
    "rsquared": 0.7146292411977355,
    "aic": 94.91552845274846,
    "fvalue": 3.0050559245682518,
    "f_pvalue": 0.10646460692151426,
    "mse_model": 352.55042565754957,
    "rmse_model": 18.776326202363165
}