{
    "coefs": {
        "const": -641.2635987280587,
        "ndvi_mean": -443.0627885898839,
        "gndvi_mean": 498.48045744907813,
        "cire_mean": -98.65937206182969,
        "ndmi_mean": 1976.0973536157744,
        "msi_mean": 729.3931374669437
    },
    "p_values": {
        "const": 0.06334925449412296,
        "ndvi_mean": 0.3131676863861359,
        "gndvi_mean": 0.34486497245676473,
        "cire_mean": 0.179928370139339,
        "ndmi_mean": 0.028890026514084767,
        "msi_mean": 0.03692994196246003
    },
    "rsquared": 0.8717907608802287,
    "aic": 85.3140208568411,
    "fvalue": 8.159699879967123,
    "f_pvalue": 0.01188746456145824,
    "mse_model": 430.0834420342462,
    "rmse_model": 20.738453221835186
}