{
    "coefs": {
        "const": 147.3235166484498,
        "ndvi_mean": 62.5562487464224,
        "gndvi_mean": -500.84647007321087,
        "ndre1_mean": -1968.2997231034242,
        "ndre_mean": 1899.1187088807337,
        "ndmi_mean": 327.58485832260476
    },
    "p_values": {
        "const": 0.36700539505278124,
        "ndvi_mean": 0.9477150640587284,
        "gndvi_mean": 0.7369330801024117,
        "ndre1_mean": 0.4327505097664629,
        "ndre_mean": 0.427883341403607,
        "ndmi_mean": 0.33962175701226616
    },
    "rsquared": 0.7392327362274306,
    "aic": 93.83359713591392,
    "fvalue": 3.4018046231699968,
    "f_pvalue": 0.08407995944981675,
    "mse_model": 364.6881498721991,
    "rmse_model": 19.096809939678383
}