{
    "coefs": {
        "const": -711.9261385881616,
        "ndvi_mean": -118.26716312971985,
        "gndvi_mean": 863.2185785817637,
        "ndre_mean": -1323.3824330969337,
        "ndmi_mean": 2165.7853850699958,
        "msi_mean": 783.428989959863
    },
    "p_values": {
        "const": 0.019640776552597744,
        "ndvi_mean": 0.7203644553357604,
        "gndvi_mean": 0.11566722419571089,
        "ndre_mean": 0.05349837267431054,
        "ndmi_mean": 0.007224193970560828,
        "msi_mean": 0.010748164993055885
    },
    "rsquared": 0.909377316744383,
    "aic": 81.15051212322577,
    "fvalue": 12.041717822624962,
    "f_pvalue": 0.0043952600420673,
    "mse_model": 448.626142927229,
    "rmse_model": 21.18079656026253
}