{
    "coefs": {
        "const": 128.1344392650783,
        "ndvi_mean": 605.8264017435033,
        "gndvi_mean": -347.53897532426754,
        "cire_mean": 169.04126637791168,
        "ndre1_mean": -1353.3483776114354,
        "msi_mean": -41.49884634399291
    },
    "p_values": {
        "const": 0.5708867407632048,
        "ndvi_mean": 0.5465116621629145,
        "gndvi_mean": 0.662568803068462,
        "cire_mean": 0.2087676222571117,
        "ndre1_mean": 0.36864481371493885,
        "msi_mean": 0.7555710319366145
    },
    "rsquared": 0.7384650310780925,
    "aic": 93.86887352513749,
    "fvalue": 3.3882965667903147,
    "f_pvalue": 0.08473459897935566,
    "mse_model": 364.309415331859,
    "rmse_model": 19.086891190863405
}