{
    "coefs": {
        "const": 115.23757587034629,
        "ndvi_mean": 349.706849286871,
        "cire_mean": 157.50016358082763,
        "ndre1_mean": -918.3661936375693,
        "ndre_mean": -344.7069125477783,
        "msi_mean": -53.25374249759443
    },
    "p_values": {
        "const": 0.6276652913625402,
        "ndvi_mean": 0.6391435885427584,
        "cire_mean": 0.3211854039405511,
        "ndre1_mean": 0.5093557531566912,
        "ndre_mean": 0.8264747664649976,
        "msi_mean": 0.6934142983260289
    },
    "rsquared": 0.7316375667493205,
    "aic": 94.17811869516979,
    "fvalue": 3.271564762118065,
    "f_pvalue": 0.09068093285575056,
    "mse_model": 360.94119959633144,
    "rmse_model": 18.998452557940908
}