{
    "coefs": {
        "const": 64.98876588770594,
        "ndvi_mean": -128.01224337521307,
        "gndvi_mean": 616.1590255191486,
        "cire_mean": 132.67668589053937,
        "ndre_mean": -1196.3547004282673,
        "ndmi_mean": 266.9135115454892
    },
    "p_values": {
        "const": 0.6025235301473617,
        "ndvi_mean": 0.8606140717572002,
        "gndvi_mean": 0.460514399956939,
        "cire_mean": 0.3965828147105517,
        "ndre_mean": 0.4745174142871015,
        "ndmi_mean": 0.42830472077121984
    },
    "rsquared": 0.7440535947518252,
    "aic": 93.6096743547107,
    "fvalue": 3.488481554708444,
    "f_pvalue": 0.08003375921328527,
    "mse_model": 367.0664400775671,
    "rmse_model": 19.158978054102132
}