{
    "coefs": {
        "const": -556.9391927773574,
        "ndvi_mean": 297.4453985056339,
        "ndre1_mean": -1141.32186232391,
        "ndre_mean": 68.8375118816607,
        "ndmi_mean": 1871.465264597431,
        "msi_mean": 682.0785765176538
    },
    "p_values": {
        "const": 0.057620434082957854,
        "ndvi_mean": 0.36941485305600036,
        "ndre1_mean": 0.21468778416416054,
        "ndre_mean": 0.9161791126643053,
        "ndmi_mean": 0.013550015895537393,
        "msi_mean": 0.024591500162215663
    },
    "rsquared": 0.8927454069824075,
    "aic": 83.17252212472039,
    "fvalue": 9.988332044700112,
    "f_pvalue": 0.007141168286582406,
    "mse_model": 440.42106744465434,
    "rmse_model": 20.986211364718844
}