{
    "coefs": {
        "const": 142.12762162947797,
        "gndvi_mean": 23.179302906046132,
        "cire_mean": 101.1105422431364,
        "ndre1_mean": -698.8542542548093,
        "ndre_mean": 117.33658735618883,
        "msi_mean": -62.87632473093015
    },
    "p_values": {
        "const": 0.5854176979460236,
        "gndvi_mean": 0.9821431168344891,
        "cire_mean": 0.4820972953944852,
        "ndre1_mean": 0.6998887715806961,
        "ndre_mean": 0.9660186274274444,
        "msi_mean": 0.645202006457297
    },
    "rsquared": 0.7207661663074594,
    "aic": 94.65465207068377,
    "fvalue": 3.097473497861647,
    "f_pvalue": 0.10061023290735595,
    "mse_model": 355.57797537834665,
    "rmse_model": 18.856775317597297
}