{
    "coefs": {
        "const": -567.5810956906944,
        "gndvi_mean": 294.33912470239693,
        "cire_mean": -26.577393113114056,
        "ndre1_mean": -875.2059097138808,
        "ndmi_mean": 1927.8435132729192,
        "msi_mean": 682.9220309613029
    },
    "p_values": {
        "const": 0.0724536386512498,
        "gndvi_mean": 0.30750195990528234,
        "cire_mean": 0.6761242042402814,
        "ndre1_mean": 0.14437889358401867,
        "ndmi_mean": 0.01959287520298262,
        "msi_mean": 0.03329806860925145
    },
    "rsquared": 0.8951120083972947,
    "aic": 82.9047739476099,
    "fvalue": 10.240775837765677,
    "f_pvalue": 0.006698093093352364,
    "mse_model": 441.58859080933206,
    "rmse_model": 21.01400939395745
}