{
    "coefs": {
        "const": 120.05628177979656,
        "gndvi_mean": 143.90396900855137,
        "cire_mean": 96.46528294197344,
        "ndre1_mean": -1093.6342800687053,
        "ndre_mean": 117.44279613051731,
        "ndmi_mean": 335.99112894291466
    },
    "p_values": {
        "const": 0.4185083495249947,
        "gndvi_mean": 0.8808382175581524,
        "cire_mean": 0.46540763477108005,
        "ndre1_mean": 0.4993865878344572,
        "ndre_mean": 0.9625449374065885,
        "ndmi_mean": 0.2899950663296945
    },
    "rsquared": 0.7630179086891713,
    "aic": 92.68587242824862,
    "fvalue": 3.863673771137689,
    "f_pvalue": 0.06519819775426575,
    "mse_model": 376.4221682866579,
    "rmse_model": 19.40160220926761
}