{
    "coefs": {
        "const": 121.88481721978704,
        "ndvi_mean": 406.2344607330572,
        "gndvi_mean": -98.88860892914408,
        "cire_mean": 146.13075186179623,
        "ndre1_mean": -1494.8424652559233,
        "ndmi_mean": 292.98579989068253
    },
    "p_values": {
        "const": 0.3358320324867568,
        "ndvi_mean": 0.6693045476672335,
        "gndvi_mean": 0.8980956636450662,
        "cire_mean": 0.24725027169029987,
        "ndre1_mean": 0.2903373663220591,
        "ndmi_mean": 0.3644848471019082
    },
    "rsquared": 0.7706247130729421,
    "aic": 92.2943711745548,
    "fvalue": 4.031601085175335,
    "f_pvalue": 0.05973034880813939,
    "mse_model": 380.17485844931815,
    "rmse_model": 19.4980731983783
}