{
    "coefs": {
        "const": -716.8216941497601,
        "gndvi_mean": 716.1578814968238,
        "ndre1_mean": -177.93175746965244,
        "ndre_mean": -1153.371551139262,
        "ndmi_mean": 2159.8251765661053,
        "msi_mean": 789.9393681127692
    },
    "p_values": {
        "const": 0.039192565696139936,
        "gndvi_mean": 0.19935431285225458,
        "ndre1_mean": 0.8488629565663176,
        "ndre_mean": 0.34519543840328476,
        "ndmi_mean": 0.009781925391479195,
        "msi_mean": 0.016090969074939322
    },
    "rsquared": 0.9078581550395745,
    "aic": 81.35000773101444,
    "fvalue": 11.823398875021374,
    "f_pvalue": 0.004611580323947032,
    "mse_model": 447.87668981952345,
    "rmse_model": 21.16309735883487
}