{
    "coefs": {
        "const": 89.62232218580888,
        "ndvi_mean": 770.5807915618625,
        "gndvi_mean": -732.3178155817022,
        "cire_mean": 146.25216670656727,
        "ndre1_mean": -1699.8859849490382,
        "ndre_mean": 650.8060371931824
    },
    "p_values": {
        "const": 0.5498327900427153,
        "ndvi_mean": 0.4666880194418256,
        "gndvi_mean": 0.6145115430095611,
        "cire_mean": 0.35616842784743175,
        "ndre1_mean": 0.4958670125314315,
        "ndre_mean": 0.8183006941281953
    },
    "rsquared": 0.7363669853593986,
    "aic": 93.96475401805795,
    "fvalue": 3.351781959614976,
    "f_pvalue": 0.0865380767979613,
    "mse_model": 363.2743794439701,
    "rmse_model": 19.059758116092922
}