{
    "coefs": {
        "const": 159.8581188090718,
        "ndvi_mean": 252.4441284729155,
        "gndvi_mean": -894.9541954943293,
        "ndre1_mean": -1951.1640253133792,
        "ndre_mean": 2298.9161081650673,
        "msi_mean": -45.8214718222938
    },
    "p_values": {
        "const": 0.5578651831069102,
        "ndvi_mean": 0.8033989926785642,
        "gndvi_mean": 0.5645726310863894,
        "ndre1_mean": 0.47809452396580865,
        "ndre_mean": 0.37591693277854027,
        "msi_mean": 0.750518394335288
    },
    "rsquared": 0.698055263466876,
    "aic": 95.5929856461726,
    "fvalue": 2.7742371858446258,
    "f_pvalue": 0.12316789615886356,
    "mse_model": 344.37392997699214,
    "rmse_model": 18.557314729696
}