{
    "coefs": {
        "const": -527.5692147134066,
        "ndvi_mean": 344.6020361556998,
        "cire_mean": 17.268362912461697,
        "ndre1_mean": -1215.1668524180668,
        "ndmi_mean": 1809.4809057692864,
        "msi_mean": 654.037328251788
    },
    "p_values": {
        "const": 0.08416439497003858,
        "ndvi_mean": 0.32505313407662567,
        "cire_mean": 0.8039454530330458,
        "ndre1_mean": 0.16451503708244455,
        "ndmi_mean": 0.022604094345084747,
        "msi_mean": 0.03836009175445762
    },
    "rsquared": 0.8937225758721176,
    "aic": 83.06269214522723,
    "fvalue": 10.09120328091555,
    "f_pvalue": 0.006956038611036638,
    "mse_model": 440.9031374302447,
    "rmse_model": 20.997693621687233
}