{
    "coefs": {
        "const": 117.14147622372116,
        "ndvi_mean": 296.99550808646006,
        "cire_mean": 132.8743852677866,
        "ndre1_mean": -1416.1557392485302,
        "ndre_mean": 18.6756826673427,
        "ndmi_mean": 313.62194916438466
    },
    "p_values": {
        "const": 0.334074913752188,
        "ndvi_mean": 0.6658889106693846,
        "cire_mean": 0.3693642536370049,
        "ndre1_mean": 0.2867046908866196,
        "ndre_mean": 0.9897570074960962,
        "ndmi_mean": 0.31552734285307305
    },
    "rsquared": 0.7699493399846685,
    "aic": 92.3296520852268,
    "fvalue": 4.016242369919857,
    "f_pvalue": 0.06020468284310069,
    "mse_model": 379.8416743924365,
    "rmse_model": 19.489527300384598
}