{
    "coefs": {
        "const": -540.4209013834136,
        "ndvi_mean": 191.52050105120293,
        "gndvi_mean": 155.9259945670958,
        "ndre1_mean": -1110.2230142223452,
        "ndmi_mean": 1856.085022290652,
        "msi_mean": 660.0445740688115
    },
    "p_values": {
        "const": 0.03359834758058302,
        "ndvi_mean": 0.6390088158560062,
        "gndvi_mean": 0.6715178820209505,
        "ndre1_mean": 0.08536168559416317,
        "ndmi_mean": 0.009500243816499864,
        "msi_mean": 0.01652675901588202
    },
    "rsquared": 0.8959725659099702,
    "aic": 82.80591338214786,
    "fvalue": 10.335418618145171,
    "f_pvalue": 0.006541424388708874,
    "mse_model": 442.0131325155853,
    "rmse_model": 21.024108364341764
}