{
    "coefs": {
        "const": -493.48052455123343,
        "cire_mean": -36.530775024844274,
        "ndre1_mean": -961.4175058991241,
        "ndre_mean": 444.59062770403307,
        "ndmi_mean": 1790.2005562076038,
        "msi_mean": 639.9657480902918
    },
    "p_values": {
        "const": 0.11455242824604281,
        "cire_mean": 0.6363258230613644,
        "ndre1_mean": 0.2944891446400355,
        "ndre_mean": 0.5623756088239646,
        "ndmi_mean": 0.029595011935533648,
        "msi_mean": 0.05008332404989218
    },
    "rsquared": 0.8808409115418878,
    "aic": 84.43557127498403,
    "fvalue": 8.870570491329616,
    "f_pvalue": 0.009650913992937776,
    "mse_model": 434.5481830273314,
    "rmse_model": 20.84581931772727
}