{
    "coefs": {
        "const": -592.7691015085397,
        "ndvi_mean": 195.90262156215158,
        "cire_mean": 5.587706517740912,
        "ndre_mean": -629.6919810864374,
        "ndmi_mean": 1717.179896802575,
        "msi_mean": 694.552913707857
    },
    "p_values": {
        "const": 0.08812710778535432,
        "ndvi_mean": 0.7039136910323671,
        "cire_mean": 0.9630103032743793,
        "ndre_mean": 0.5583042319278417,
        "ndmi_mean": 0.04586344992526788,
        "msi_mean": 0.05026647173366039
    },
    "rsquared": 0.8583974275521326,
    "aic": 86.5063497151521,
    "fvalue": 7.274422316316275,
    "f_pvalue": 0.015750504876727033,
    "mse_model": 423.4760642590521,
    "rmse_model": 20.5785340648709
}