{
    "coefs": {
        "const": 199.8561263089225,
        "ndvi_mean": -877.7329446769254,
        "ndre1_mean": 920.7044027697875,
        "ndre_mean": 295.1195537188237,
        "msi_mean": -43.97356813216163
    },
    "p_values": {
        "const": 0.43490770302436,
        "ndvi_mean": 0.09710283750380107,
        "ndre1_mean": 0.2695636654353397,
        "ndre_mean": 0.6439046498303403,
        "msi_mean": 0.6862100523287018
    },
    "rsquared": 0.8481523423333777,
    "aic": 68.6565443922569,
    "fvalue": 6.981934685119369,
    "f_pvalue": 0.02803676151278372,
    "mse_model": 288.3717963933484,
    "rmse_model": 16.981513371703606
}