{
    "coefs": {
        "const": 387.80027118089765,
        "cire_mean": 224.0267741849977,
        "ndre1_mean": -613.3212105080083,
        "ndre_mean": -828.0235154611119,
        "msi_mean": -146.65688944734916
    },
    "p_values": {
        "const": 0.1118176848556504,
        "cire_mean": 0.020561005283660047,
        "ndre1_mean": 0.41054377793510144,
        "ndre_mean": 0.1507414135661812,
        "msi_mean": 0.17531193372800508
    },
    "rsquared": 0.9139486263821073,
    "aic": 62.97721158713653,
    "fvalue": 13.276206235249303,
    "f_pvalue": 0.007135311082254012,
    "mse_model": 310.7425329699165,
    "rmse_model": 17.627890769173618
}