{
    "coefs": {
        "const": 163.19418562577818,
        "ndvi_mean": -863.0164805622612,
        "ndre1_mean": 743.457975018222,
        "ndre_mean": 385.57710588733426,
        "ndmi_mean": 109.3606491353047
    },
    "p_values": {
        "const": 0.21348296276925552,
        "ndvi_mean": 0.05095148235019314,
        "ndre1_mean": 0.39312664294131483,
        "ndre_mean": 0.5501637427140882,
        "ndmi_mean": 0.5258273820193161
    },
    "rsquared": 0.855959724219686,
    "aic": 68.12869626551336,
    "fvalue": 7.42812834450875,
    "f_pvalue": 0.024724389799231288,
    "mse_model": 291.02630623469327,
    "rmse_model": 17.059493141201273
}