{
    "coefs": {
        "const": -545.4787546975019,
        "ndre1_mean": -129.66743461985516,
        "ndre_mean": 406.3687080441514,
        "ndmi_mean": 792.9878569901264,
        "msi_mean": 479.9564778013208
    },
    "p_values": {
        "const": 0.03974992991500633,
        "ndre1_mean": 0.8877218050237604,
        "ndre_mean": 0.5511014078671473,
        "ndmi_mean": 0.11112796850520631,
        "msi_mean": 0.06710459550014461
    },
    "rsquared": 0.8408654194661017,
    "aic": 69.12526935825588,
    "fvalue": 6.604986614513553,
    "f_pvalue": 0.031338348056916425,
    "mse_model": 285.8942426184746,
    "rmse_model": 16.908407453644905
}