{
    "coefs": {
        "const": 571.7513695395774,
        "gndvi_mean": 572.1161170754567,
        "cire_mean": 321.1435717202787,
        "ndre_mean": -2649.2576001785055,
        "msi_mean": -275.81913949268346
    },
    "p_values": {
        "const": 0.07340905586582651,
        "gndvi_mean": 0.21209248412473541,
        "cire_mean": 0.02806907364800725,
        "ndre_mean": 0.08043069615322301,
        "msi_mean": 0.1153736287689985
    },
    "rsquared": 0.9290876772569452,
    "aic": 61.04220896155566,
    "fvalue": 16.37740172154951,
    "f_pvalue": 0.00444936380500215,
    "mse_model": 315.8898102673613,
    "rmse_model": 17.773289236023853
}