{
    "coefs": {
        "const": 320.116262061872,
        "gndvi_mean": -224.34447966672286,
        "cire_mean": 184.87540027274247,
        "ndre1_mean": -987.8670291205271,
        "msi_mean": -100.93435199051225
    },
    "p_values": {
        "const": 0.1748196878652188,
        "gndvi_mean": 0.20731506568135394,
        "cire_mean": 0.03286349187399665,
        "ndre1_mean": 0.19275994309313702,
        "msi_mean": 0.3451516667969891
    },
    "rsquared": 0.9045078494139671,
    "aic": 64.01820724455521,
    "fvalue": 11.84008114623853,
    "f_pvalue": 0.009189796425582352,
    "mse_model": 307.5326688007488,
    "rmse_model": 17.53660938724327
}