{
    "coefs": {
        "const": 193.23402458317037,
        "gndvi_mean": 504.11004014099854,
        "cire_mean": 235.72558341247736,
        "ndre_mean": -1976.9778825587637,
        "ndmi_mean": 365.4598280957807
    },
    "p_values": {
        "const": 0.05583516759827779,
        "gndvi_mean": 0.2732838792031541,
        "cire_mean": 0.021268897110228106,
        "ndre_mean": 0.09908299350974983,
        "ndmi_mean": 0.15274518754408975
    },
    "rsquared": 0.9220117117227766,
    "aic": 61.9933533828716,
    "fvalue": 14.778047641674746,
    "f_pvalue": 0.005613694599721354,
    "mse_model": 313.48398198574404,
    "rmse_model": 17.70547886914511
}