{
    "coefs": {
        "const": 182.33542052620294,
        "gndvi_mean": -166.253614238394,
        "cire_mean": 162.3230576484347,
        "ndre1_mean": -874.2007351298439,
        "ndmi_mean": 158.67075371188253
    },
    "p_values": {
        "const": 0.0991593500727923,
        "gndvi_mean": 0.37779447543717953,
        "cire_mean": 0.019492231077991452,
        "ndre1_mean": 0.18409423918120793,
        "ndmi_mean": 0.35370948378249967
    },
    "rsquared": 0.9038519069671723,
    "aic": 64.08666311749445,
    "fvalue": 11.750777868503478,
    "f_pvalue": 0.009343723165291612,
    "mse_model": 307.30964836883857,
    "rmse_model": 17.53024952386128
}