{
    "coefs": {
        "const": 162.70178709075128,
        "ndvi_mean": -691.6989458530975,
        "gndvi_mean": -314.8219097557326,
        "ndre_mean": 1187.8736671797305,
        "ndmi_mean": 38.580615693474556
    },
    "p_values": {
        "const": 0.21894818963352924,
        "ndvi_mean": 0.12196641004060245,
        "gndvi_mean": 0.42507221388925326,
        "ndre_mean": 0.03354324086444919,
        "ndmi_mean": 0.866546429500227
    },
    "rsquared": 0.8529782604543589,
    "aic": 68.3335713707322,
    "fvalue": 7.252143994915479,
    "f_pvalue": 0.02596195764230316,
    "mse_model": 290.01260855448203,
    "rmse_model": 17.029756561809158
}