{
    "coefs": {
        "const": 159.07486761221043,
        "ndvi_mean": -107.47752670324007,
        "cire_mean": 149.99597032822402,
        "ndre_mean": -671.670194895567,
        "ndmi_mean": 136.32022721523902
    },
    "p_values": {
        "const": 0.15727198607438822,
        "ndvi_mean": 0.8313509006811979,
        "cire_mean": 0.12410984529759957,
        "ndre_mean": 0.4775085564467598,
        "ndmi_mean": 0.3059444265130927
    },
    "rsquared": 0.8994127603895014,
    "aic": 64.5380207994568,
    "fvalue": 11.177023595043893,
    "f_pvalue": 0.010424239026803034,
    "mse_model": 305.8003385324305,
    "rmse_model": 17.487147810104155
}