{
    "coefs": {
        "const": 58.49426403204643,
        "ndvi_mean": -362.10555496321786,
        "cire_mean": 80.7686118965986,
        "ndmi_mean": 272.80051620389804,
        "msi_mean": 82.47264580380897
    },
    "p_values": {
        "const": 0.8939699061693055,
        "ndvi_mean": 0.34542051402874124,
        "cire_mean": 0.07503843916326117,
        "ndmi_mean": 0.5464218697760906,
        "msi_mean": 0.7895094600834213
    },
    "rsquared": 0.8893218899060912,
    "aic": 65.49402752528798,
    "fvalue": 10.044012871555111,
    "f_pvalue": 0.013135775015449786,
    "mse_model": 302.369442568071,
    "rmse_model": 17.388773463590553
}