{
    "coefs": {
        "const": 61.5548738825575,
        "ndvi_mean": 339.08915125769863,
        "cire_mean": 193.502389749188,
        "ndre1_mean": -204.1771764699306,
        "ndre_mean": -1032.665899378776
    },
    "p_values": {
        "const": 0.47963249876912106,
        "ndvi_mean": 0.7503551092539994,
        "cire_mean": 0.3155801042949965,
        "ndre1_mean": 0.8783010839570963,
        "ndre_mean": 0.4234433775214072
    },
    "rsquared": 0.8739239848231,
    "aic": 66.79661693260198,
    "fvalue": 8.66465345923328,
    "f_pvalue": 0.017974826521634478,
    "mse_model": 297.134154839854,
    "rmse_model": 17.237579726859973
}