{
    "coefs": {
        "const": 168.232662900023,
        "ndvi_mean": -382.0927859401404,
        "gndvi_mean": -58.065321216659186,
        "cire_mean": 93.34371849867125,
        "ndmi_mean": 130.00456262383818
    },
    "p_values": {
        "const": 0.15562912939284318,
        "ndvi_mean": 0.29408067856396375,
        "gndvi_mean": 0.8253476960520206,
        "cire_mean": 0.01597613517647448,
        "ndmi_mean": 0.48947594207940437
    },
    "rsquared": 0.8887689789374421,
    "aic": 65.54385982465763,
    "fvalue": 9.987872205605148,
    "f_pvalue": 0.013294741345996524,
    "mse_model": 302.1814528387303,
    "rmse_model": 17.383367131793836
}