{
    "coefs": {
        "const": 122.7308182282286,
        "gndvi_mean": -1397.2491171998543,
        "ndre1_mean": -2324.107276938522,
        "ndre_mean": 3718.3617472684155,
        "ndmi_mean": -259.4977083026897
    },
    "p_values": {
        "const": 0.3454635848643916,
        "gndvi_mean": 0.0857403054511158,
        "ndre1_mean": 0.20135937888176006,
        "ndre_mean": 0.09794526908381691,
        "ndmi_mean": 0.18274600351500653
    },
    "rsquared": 0.8263552955075003,
    "aic": 69.99787956596096,
    "fvalue": 5.948607084813185,
    "f_pvalue": 0.038522119858617115,
    "mse_model": 280.9608004725501,
    "rmse_model": 16.76188534958255
}