{
    "coefs": {
        "const": -123.72472398502168,
        "ndvi_mean": -541.9655429804302,
        "ndre1_mean": 925.4608623001286,
        "ndmi_mean": 350.9629187552114,
        "msi_mean": 196.39094906610126
    },
    "p_values": {
        "const": 0.7966687509488874,
        "ndvi_mean": 0.38036416297325193,
        "ndre1_mean": 0.16516035016807185,
        "ndmi_mean": 0.5194518036635309,
        "msi_mean": 0.5721667006946949
    },
    "rsquared": 0.8547487042505825,
    "aic": 68.21241989677642,
    "fvalue": 7.355775208755841,
    "f_pvalue": 0.025223003654554977,
    "mse_model": 290.61455944519804,
    "rmse_model": 17.047420903033927
}