{
    "coefs": {
        "const": 114.07154330372985,
        "ndvi_mean": 988.6458222716592,
        "gndvi_mean": -561.9663809050005,
        "cire_mean": 282.71865829256956,
        "ndre1_mean": -2276.3335516684956
    },
    "p_values": {
        "const": 0.1544931324645601,
        "ndvi_mean": 0.36829861899228933,
        "gndvi_mean": 0.17698786230166957,
        "cire_mean": 0.13251857395860095,
        "ndre1_mean": 0.29675648187559905
    },
    "rsquared": 0.9027724970283694,
    "aic": 64.19830296989208,
    "fvalue": 11.606444542906027,
    "f_pvalue": 0.009600225199693217,
    "mse_model": 306.9426489896456,
    "rmse_model": 17.519778793970133
}