{
    "coefs": {
        "const": -47.47044667060547,
        "gndvi_mean": -1117.5289758652941,
        "ndre1_mean": -1871.0403934436054,
        "ndre_mean": 3047.49286054393,
        "msi_mean": 130.70814088872874
    },
    "p_values": {
        "const": 0.7509809210191489,
        "gndvi_mean": 0.10452304354212753,
        "ndre1_mean": 0.2695654011839422,
        "ndre_mean": 0.12874801306344044,
        "msi_mean": 0.13188731654018981
    },
    "rsquared": 0.8442064999283183,
    "aic": 68.91308086035662,
    "fvalue": 6.773441282369714,
    "f_pvalue": 0.029799282702923053,
    "mse_model": 287.0302099756282,
    "rmse_model": 16.941965941874283
}