{
    "coefs": {
        "const": 286.4192796731271,
        "ndvi_mean": -99.69761891662574,
        "cire_mean": 177.34962820823228,
        "ndre_mean": -865.9455249449311,
        "msi_mean": -94.51937452906554
    },
    "p_values": {
        "const": 0.19402140206392535,
        "ndvi_mean": 0.8395971361930685,
        "cire_mean": 0.07494163111251617,
        "ndre_mean": 0.35122353304245923,
        "msi_mean": 0.2899940507614705
    },
    "rsquared": 0.9009832664408937,
    "aic": 64.3806553486415,
    "fvalue": 11.374128822163518,
    "f_pvalue": 0.0100342105051341,
    "mse_model": 306.33431058990385,
    "rmse_model": 17.502408708229385
}