{
    "coefs": {
        "const": 316.50565670428546,
        "ndvi_mean": -405.5483462765296,
        "cire_mean": 120.2346323295128,
        "ndre1_mean": -288.2126476451949,
        "msi_mean": -113.68959629725828
    },
    "p_values": {
        "const": 0.2240996004005428,
        "ndvi_mean": 0.4365596329472897,
        "cire_mean": 0.24766899425086364,
        "ndre1_mean": 0.8211418928615938,
        "msi_mean": 0.33776644255332394
    },
    "rsquared": 0.881414685475539,
    "aic": 66.18409328488958,
    "fvalue": 9.290934221177604,
    "f_pvalue": 0.015513399624416833,
    "mse_model": 299.6809930616833,
    "rmse_model": 17.311296689205097
}