{
    "coefs": {
        "const": 131.5952293950345,
        "ndvi_mean": -614.7208177763541,
        "gndvi_mean": -377.6691901877691,
        "ndre_mean": 1227.5401127587384,
        "msi_mean": 10.055965713285786
    },
    "p_values": {
        "const": 0.6110542815648954,
        "ndvi_mean": 0.22679869158986124,
        "gndvi_mean": 0.24631993549783446,
        "ndre_mean": 0.01615591283051119,
        "msi_mean": 0.9358130145701791
    },
    "rsquared": 0.8522701206459145,
    "aic": 68.38162139831483,
    "fvalue": 7.211389161524627,
    "f_pvalue": 0.02626085640294226,
    "mse_model": 289.7718410196109,
    "rmse_model": 17.022686069466562
}