{
    "coefs": {
        "const": -585.2379839056205,
        "gndvi_mean": 116.20593931512383,
        "ndre1_mean": 230.71315101873995,
        "ndmi_mean": 831.4713351266972,
        "msi_mean": 500.6881195467794
    },
    "p_values": {
        "const": 0.05966872834191212,
        "gndvi_mean": 0.6716927188205205,
        "ndre1_mean": 0.6337420866121418,
        "ndmi_mean": 0.15385260448015145,
        "msi_mean": 0.08531474393465241
    },
    "rsquared": 0.8345739647728769,
    "aic": 69.51300851026528,
    "fvalue": 6.306247106350591,
    "f_pvalue": 0.03435316660315897,
    "mse_model": 283.75514802277814,
    "rmse_model": 16.845033333976463
}