{
    "coefs": {
        "const": 295.37156710163845,
        "cire_mean": 195.24228977685163,
        "ndre_mean": -1057.9859006806546,
        "ndmi_mean": -36.46074686172915,
        "msi_mean": -110.01928092204957
    },
    "p_values": {
        "const": 0.5844454762147987,
        "cire_mean": 0.14350049459422898,
        "ndre_mean": 0.24362543704272369,
        "ndmi_mean": 0.9487094308634437,
        "msi_mean": 0.7775998081424488
    },
    "rsquared": 0.900174474738454,
    "aic": 64.46200587922353,
    "fvalue": 11.271847460606509,
    "f_pvalue": 0.010234005697422983,
    "mse_model": 306.0593214110744,
    "rmse_model": 17.49455119204475
}