{
    "coefs": {
        "const": -188.3476657318963,
        "gndvi_mean": -121.15008874794775,
        "cire_mean": 68.49120722381512,
        "ndmi_mean": 341.22909818378525,
        "msi_mean": 214.46314830784144
    },
    "p_values": {
        "const": 0.6577550625537127,
        "gndvi_mean": 0.6962315977147775,
        "cire_mean": 0.25176483959902785,
        "ndmi_mean": 0.5924635440414364,
        "msi_mean": 0.5349191226688853
    },
    "rsquared": 0.8697752525247077,
    "aic": 67.1203845765109,
    "fvalue": 8.348789970678684,
    "f_pvalue": 0.01942677351859519,
    "mse_model": 295.7235858584006,
    "rmse_model": 17.196615534994105
}