{
    "coefs": {
        "const": 145.86959982388652,
        "gndvi_mean": -438.6681069287647,
        "cire_mean": 121.16918096263207,
        "ndre1_mean": -899.8728496337044,
        "ndre_mean": 678.1908751530764
    },
    "p_values": {
        "const": 0.18815804807382436,
        "gndvi_mean": 0.43365778824306095,
        "cire_mean": 0.052601059634224866,
        "ndre1_mean": 0.5412318505376538,
        "ndre_mean": 0.7054034762147253
    },
    "rsquared": 0.8873824219599896,
    "aic": 65.66774487164543,
    "fvalue": 9.84951058933184,
    "f_pvalue": 0.01369818544840242,
    "mse_model": 301.7100234663965,
    "rmse_model": 17.369802056051086
}