{
    "coefs": {
        "const": -16.80933453353873,
        "cire_mean": 130.39287876336857,
        "ndre1_mean": -825.2952868429638,
        "ndmi_mean": 403.33027979227586,
        "msi_mean": 136.0754848114866
    },
    "p_values": {
        "const": 0.9616948613856151,
        "cire_mean": 0.1434068894244877,
        "ndre1_mean": 0.31163184432883817,
        "ndmi_mean": 0.305000197737592,
        "msi_mean": 0.6015107536150235
    },
    "rsquared": 0.8925269651649542,
    "aic": 65.20016650521919,
    "fvalue": 10.380824438135141,
    "f_pvalue": 0.012235688236670665,
    "mse_model": 303.45916815608444,
    "rmse_model": 17.420079453208142
}