{
    "coefs": {
        "const": 164.1908881500991,
        "ndvi_mean": -951.0832973700267,
        "gndvi_mean": 162.9557594757614,
        "ndre1_mean": 1087.374341844636,
        "ndmi_mean": 150.18167054144283
    },
    "p_values": {
        "const": 0.21062884435182105,
        "ndvi_mean": 0.05711490864574279,
        "gndvi_mean": 0.537238715441255,
        "ndre1_mean": 0.03130343865371263,
        "ndmi_mean": 0.4805972115016259
    },
    "rsquared": 0.8567093907345411,
    "aic": 68.0765147385746,
    "fvalue": 7.473530497970468,
    "f_pvalue": 0.02441851180751486,
    "mse_model": 291.281192849744,
    "rmse_model": 17.066962027547376
}