{
    "coefs": {
        "const": 251.0605873345355,
        "ndvi_mean": -379.9597979666514,
        "gndvi_mean": -109.27758185602806,
        "cire_mean": 103.68711312665297,
        "msi_mean": -67.81343253770672
    },
    "p_values": {
        "const": 0.31061089646251083,
        "ndvi_mean": 0.34756947343039485,
        "gndvi_mean": 0.6377053129097016,
        "cire_mean": 0.008247219864867466,
        "msi_mean": 0.549510987619329
    },
    "rsquared": 0.8857991485831325,
    "aic": 65.80735425846586,
    "fvalue": 9.695627676952453,
    "f_pvalue": 0.014167280640683717,
    "mse_model": 301.17171051826506,
    "rmse_model": 17.354299482210887
}