{
    "coefs": {
        "const": -227.7439784973135,
        "ndvi_mean": -448.1603198404864,
        "ndre_mean": 616.2763162910069,
        "ndmi_mean": 579.6785747888803,
        "msi_mean": 291.90490327315297
    },
    "p_values": {
        "const": 0.5651644264177733,
        "ndvi_mean": 0.37992341115433376,
        "ndre_mean": 0.13226770208336788,
        "ndmi_mean": 0.18465348946493196,
        "msi_mean": 0.31040023577285825
    },
    "rsquared": 0.8651563268936259,
    "aic": 67.46892803638482,
    "fvalue": 8.019993698658096,
    "f_pvalue": 0.0211183817180787,
    "mse_model": 294.1531511438328,
    "rmse_model": 17.150893596073438
}