{
    "coefs": {
        "const": -504.88363022589954,
        "gndvi_mean": -73.81680562504096,
        "ndre_mean": 406.21166089288874,
        "ndmi_mean": 688.6605976910774,
        "msi_mean": 442.3928593199863
    },
    "p_values": {
        "const": 0.14461556414780743,
        "gndvi_mean": 0.8793738963256024,
        "ndre_mean": 0.5240704408031178,
        "ndmi_mean": 0.2887233911810759,
        "msi_mean": 0.15386659319852286
    },
    "rsquared": 0.8409742758541939,
    "aic": 69.11842649377914,
    "fvalue": 6.610363514860723,
    "f_pvalue": 0.03128752736484261,
    "mse_model": 285.93125379042596,
    "rmse_model": 16.909501878838004
}