{
    "coefs": {
        "const": 149.64950637481488,
        "ndvi_mean": -648.495268466989,
        "gndvi_mean": -354.65441676765613,
        "ndre1_mean": 29.071607491670875,
        "ndre_mean": 1198.222256562768
    },
    "p_values": {
        "const": 0.23360489812508992,
        "ndvi_mean": 0.11336536786187296,
        "gndvi_mean": 0.5957086993002659,
        "ndre1_mean": 0.9881870110109049,
        "ndre_mean": 0.5524910939932834
    },
    "rsquared": 0.8520654927508845,
    "aic": 68.39546330400073,
    "fvalue": 7.1996850886524575,
    "f_pvalue": 0.026347582849335204,
    "mse_model": 289.70226753530073,
    "rmse_model": 17.02064239490686
}