{
    "coefs": {
        "const": 184.45409722231332,
        "cire_mean": 181.36129411921416,
        "ndre1_mean": -552.7464087879926,
        "ndre_mean": -575.5405033414322,
        "ndmi_mean": 200.8718727672274
    },
    "p_values": {
        "const": 0.08745298683076515,
        "cire_mean": 0.01445986290812609,
        "ndre1_mean": 0.4575093996732743,
        "ndre_mean": 0.29854810147818045,
        "ndmi_mean": 0.20101468468767192
    },
    "rsquared": 0.9100505249418537,
    "aic": 63.42024797613327,
    "fvalue": 12.646690327452811,
    "f_pvalue": 0.00794739204070519,
    "mse_model": 309.41717848023023,
    "rmse_model": 17.590258056101117
}