{
    "coefs": {
        "const": 209.84549338580882,
        "ndvi_mean": -935.687069485839,
        "gndvi_mean": 98.0480518004797,
        "ndre1_mean": 1218.6371770430244,
        "msi_mean": -53.81124523730534
    },
    "p_values": {
        "const": 0.44958726516144537,
        "ndvi_mean": 0.1243508894787475,
        "gndvi_mean": 0.6974763246274955,
        "ndre1_mean": 0.018013481620306086,
        "msi_mean": 0.6783620557058907
    },
    "rsquared": 0.8460408862889941,
    "aic": 68.79463744943672,
    "fvalue": 6.869038684168805,
    "f_pvalue": 0.028972489062552252,
    "mse_model": 287.65390133825804,
    "rmse_model": 16.960362653500603
}