{
    "coefs": {
        "const": 102.3136421871935,
        "ndvi_mean": -15.921953032061083,
        "gndvi_mean": -132.76428510317726,
        "cire_mean": 130.1782997067993,
        "ndre_mean": -369.61439814194364
    },
    "p_values": {
        "const": 0.3408023430701297,
        "ndvi_mean": 0.9816705957779552,
        "gndvi_mean": 0.6872394409475255,
        "cire_mean": 0.352593699868712,
        "ndre_mean": 0.8253601526883507
    },
    "rsquared": 0.8777252027435273,
    "aic": 66.49047621492625,
    "fvalue": 8.972875261678913,
    "f_pvalue": 0.01670012986486774,
    "mse_model": 298.4265689327993,
    "rmse_model": 17.275027320754063
}