{
    "coefs": {
        "const": 178.33495116909472,
        "ndvi_mean": -250.07904904763018,
        "cire_mean": 125.80316523105745,
        "ndre1_mean": -533.672298009722,
        "ndmi_mean": 201.77635676374155
    },
    "p_values": {
        "const": 0.12955961544402952,
        "ndvi_mean": 0.6228256489979869,
        "cire_mean": 0.19798560276775323,
        "ndre1_mean": 0.6769598964778116,
        "ndmi_mean": 0.2478477303874731
    },
    "rsquared": 0.8917938574978352,
    "aic": 65.26814807854909,
    "fvalue": 10.302024414649033,
    "f_pvalue": 0.012438356814752779,
    "mse_model": 303.20991154926395,
    "rmse_model": 17.41292369331652
}