{
    "coefs": {
        "const": -584.3202164959572,
        "ndvi_mean": -147.2903268936002,
        "gndvi_mean": 305.70816826677583,
        "ndmi_mean": 1048.25446268707,
        "msi_mean": 541.2550636478035
    },
    "p_values": {
        "const": 0.09505957904059496,
        "ndvi_mean": 0.7463448323517015,
        "gndvi_mean": 0.27116639060771114,
        "ndmi_mean": 0.023404639867936908,
        "msi_mean": 0.04971532765520569
    },
    "rsquared": 0.8300435996065516,
    "aic": 69.78318609046076,
    "fvalue": 6.104827456372664,
    "f_pvalue": 0.03661881827161168,
    "mse_model": 282.21482386622756,
    "rmse_model": 16.79925069359427
}