{
    "coefs": {
        "const": -132.88484663480563,
        "ndvi_mean": -767.4711792342323,
        "gndvi_mean": 515.1631059679501,
        "cire_mean": -50.956498131339586,
        "ndre_mean": 605.1088521202541,
        "ndmi_mean": 474.2290596529781,
        "msi_mean": 183.85083568349216
    },
    "p_values": {
        "const": 0.7596897825365219,
        "ndvi_mean": 0.11349943042368893,
        "gndvi_mean": 0.28371735983416707,
        "cire_mean": 0.4377611895308883,
        "ndre_mean": 0.5388564210007121,
        "ndmi_mean": 0.47995177748247875,
        "msi_mean": 0.5814579288281614
    },
    "rsquared": 0.29664023206802514,
    "aic": 249.9856759489772,
    "fvalue": 1.686990047441636,
    "f_pvalue": 0.16746453681179052,
    "mse_model": 258.12484709790243,
    "rmse_model": 16.066264254577117
}