{
    "coefs": {
        "const": -128.0952332352623,
        "gndvi_mean": -81.77291698014662,
        "cire_mean": 3.9153671126699976,
        "ndre1_mean": -1457.603913082426,
        "ndre_mean": 1380.3674916818761,
        "ndmi_mean": 278.65195922116436,
        "msi_mean": 152.8605561638401
    },
    "p_values": {
        "const": 0.7756390214595643,
        "gndvi_mean": 0.8958501842040486,
        "cire_mean": 0.947931505079824,
        "ndre1_mean": 0.14001380658416865,
        "ndre_mean": 0.3263527237477535,
        "ndmi_mean": 0.7029314797765268,
        "msi_mean": 0.6644555844001223
    },
    "rsquared": 0.28679041596818944,
    "aic": 250.4167868151925,
    "fvalue": 1.6084495911956112,
    "f_pvalue": 0.18806646484534348,
    "mse_model": 249.5539184110293,
    "rmse_model": 15.797275664209614
}