{
    "coefs": {
        "const": -39.59745296826452,
        "ndvi_mean": -320.96409525097647,
        "gndvi_mean": 133.63027586490307,
        "ndre1_mean": -977.8080158112407,
        "ndre_mean": 1052.8053077515046,
        "ndmi_mean": 282.4123355110669,
        "msi_mean": 109.05655956995338
    },
    "p_values": {
        "const": 0.927587889450481,
        "ndvi_mean": 0.5755977483338426,
        "gndvi_mean": 0.8548759057874267,
        "ndre1_mean": 0.4445958210017814,
        "ndre_mean": 0.47616501551799106,
        "ndmi_mean": 0.6918350257539394,
        "msi_mean": 0.7492792554934794
    },
    "rsquared": 0.29610888863460727,
    "aic": 250.00908563016623,
    "fvalue": 1.682697132289235,
    "f_pvalue": 0.16853122340935983,
    "mse_model": 257.66249261027514,
    "rmse_model": 16.05186881986877
}