{
    "coefs": {
        "const": 101.24990353443332,
        "ndvi_mean": -475.16510855706,
        "gndvi_mean": -17.36056312834603,
        "cire_mean": -23.569680057914795,
        "ndre1_mean": -919.1935310767396,
        "ndre_mean": 1520.2185150818177,
        "msi_mean": -18.75054335519758
    },
    "p_values": {
        "const": 0.6619651122276857,
        "ndvi_mean": 0.5324668637311478,
        "gndvi_mean": 0.9745897049287303,
        "cire_mean": 0.7613955364822462,
        "ndre1_mean": 0.5187816125901146,
        "ndre_mean": 0.16672778302597707,
        "msi_mean": 0.8717172680492261
    },
    "rsquared": 0.2941626368893513,
    "aic": 250.0946820319242,
    "fvalue": 1.6670278580491504,
    "f_pvalue": 0.17248150286646508,
    "mse_model": 255.96893968033064,
    "rmse_model": 15.999029335566913
}