{
    "coefs": {
        "const": 90.2059944163239,
        "ndvi_mean": -546.200793006494,
        "gndvi_mean": 77.42045457491395,
        "cire_mean": -25.74239413835285,
        "ndre1_mean": -802.8441277065454,
        "ndre_mean": 1375.9675481192032,
        "ndmi_mean": 76.19099567793398
    },
    "p_values": {
        "const": 0.4134616429694621,
        "ndvi_mean": 0.47755526587180896,
        "gndvi_mean": 0.9048399061831749,
        "cire_mean": 0.7409741220514559,
        "ndre1_mean": 0.5881341542280107,
        "ndre_mean": 0.2587633134958763,
        "ndmi_mean": 0.7541066153718609
    },
    "rsquared": 0.29632250672044913,
    "aic": 249.9996762689599,
    "fvalue": 1.6844222505364608,
    "f_pvalue": 0.1681017738523753,
    "mse_model": 257.84837479948754,
    "rmse_model": 16.05765782421233
}