{
    "coefs": {
        "const": -246.50804412697073,
        "ndvi_mean": -714.5876935670298,
        "gndvi_mean": 743.4241209684542,
        "cire_mean": -34.766213501736104,
        "ndre1_mean": 205.87920214543476,
        "ndmi_mean": 707.3754261822494,
        "msi_mean": 283.03458918080423
    },
    "p_values": {
        "const": 0.5300065932574141,
        "ndvi_mean": 0.32936934878026847,
        "gndvi_mean": 0.08398370222444489,
        "cire_mean": 0.6658084589353068,
        "ndre1_mean": 0.8437856411102422,
        "ndmi_mean": 0.1981601917196188,
        "msi_mean": 0.3304587651794808
    },
    "rsquared": 0.2864280682869158,
    "aic": 250.4325324331964,
    "fvalue": 1.6056016530767014,
    "f_pvalue": 0.18885811049906973,
    "mse_model": 249.23861748514682,
    "rmse_model": 15.787292911868926
}