{
    "coefs": {
        "const": -7.372222835035359,
        "ndvi_mean": -371.85523003000026,
        "cire_mean": -22.379087286628362,
        "ndre1_mean": -1023.2946531111268,
        "ndre_mean": 1451.5147340627636,
        "ndmi_mean": 177.8569210347946,
        "msi_mean": 73.6986451112241
    },
    "p_values": {
        "const": 0.9845995860037551,
        "ndvi_mean": 0.5342124883164789,
        "cire_mean": 0.759718650359517,
        "ndre1_mean": 0.2750180734415811,
        "ndre_mean": 0.0664979307843312,
        "ndmi_mean": 0.7226062869982444,
        "msi_mean": 0.7953850757101047
    },
    "rsquared": 0.2979060820300773,
    "aic": 249.92983439428463,
    "fvalue": 1.6972434849825282,
    "f_pvalue": 0.16494355771566258,
    "mse_model": 259.22634073423654,
    "rmse_model": 16.100507468220886
}