{
    "coefs": {
        "const": -96.82039071319753,
        "ndre1_mean": 551.5562240264537,
        "ndmi_mean": -54.23790393328276
    },
    "p_values": {
        "const": 0.12065876987091881,
        "ndre1_mean": 0.041318919053100873,
        "ndmi_mean": 0.742759398160478
    },
    "rsquared": 0.7790322748805719,
    "aic": 68.40793323832523,
    "fvalue": 12.33941726380325,
    "f_pvalue": 0.005071669634638587,
    "mse_model": 529.7419469187889,
    "rmse_model": 23.016123629290597
}