{
    "coefs": {
        "const": -128.3813915982079,
        "ndre_mean": 449.7556733544349,
        "msi_mean": 31.0368909804863
    },
    "p_values": {
        "const": 0.29468094164414227,
        "ndre_mean": 0.0144708941769635,
        "msi_mean": 0.697581525598562
    },
    "rsquared": 0.764692694432439,
    "aic": 69.03669016300537,
    "fvalue": 11.374166322877246,
    "f_pvalue": 0.006320099827503822,
    "mse_model": 519.9910322140586,
    "rmse_model": 22.803311869420604
}