{
    "coefs": {
        "const": -3.8398599158046522,
        "ndvi_mean": -357.36913161416646,
        "ndre_mean": 721.1196054012698
    },
    "p_values": {
        "const": 0.9608060718522629,
        "ndvi_mean": 0.28049601421724796,
        "ndre_mean": 0.03744197172338545
    },
    "rsquared": 0.7985396046340897,
    "aic": 67.48369486179146,
    "fvalue": 13.873141721691692,
    "f_pvalue": 0.003669981598790116,
    "mse_model": 543.006931151181,
    "rmse_model": 23.302509117071082
}