{
    "coefs": {
        "const": -158.3383274103258,
        "ndvi_mean": 307.83420134753214,
        "gndvi_mean": 107.88355530217018
    },
    "p_values": {
        "const": 0.05208336072654975,
        "ndvi_mean": 0.17772247631993254,
        "gndvi_mean": 0.6248577293878413
    },
    "rsquared": 0.6236862613873023,
    "aic": 73.73199879829639,
    "fvalue": 5.8007499883021865,
    "f_pvalue": 0.032690778199317344,
    "mse_model": 424.1066577433656,
    "rmse_model": 20.59384999807869
}