{
    "coefs": {
        "const": 14.439322963278883,
        "cire_mean": 90.92150103875171,
        "ndre_mean": -191.65387142270885
    },
    "p_values": {
        "const": 0.7881590282857138,
        "cire_mean": 0.06350037119801999,
        "ndre_mean": 0.5141745835278906
    },
    "rsquared": 0.857752897686229,
    "aic": 64.00342375584513,
    "fvalue": 21.10507063461752,
    "f_pvalue": 0.0010855554169307393,
    "mse_model": 583.2719704266358,
    "rmse_model": 24.15102421071694
}