{
    "coefs": {
        "const": -16.48284255795366,
        "cire_mean": 58.32355529784495,
        "ndmi_mean": 36.60359521462797
    },
    "p_values": {
        "const": 0.35905204781630157,
        "cire_mean": 0.009243673707463405,
        "ndmi_mean": 0.7086254159772505
    },
    "rsquared": 0.8513789956153204,
    "aic": 64.44176143941876,
    "fvalue": 20.049834119952916,
    "f_pvalue": 0.0012655539737980593,
    "mse_model": 578.9377170184179,
    "rmse_model": 24.061124600035175
}