{
    "coefs": {
        "const": -12.566265006407932,
        "cire_mean": 69.41894497616684,
        "ndre1_mean": -50.125646988654125
    },
    "p_values": {
        "const": 0.7895111012640007,
        "cire_mean": 0.107821365452571,
        "ndre1_mean": 0.8723264856628596
    },
    "rsquared": 0.8487615598518476,
    "aic": 64.61634338380836,
    "fvalue": 19.64226460264613,
    "f_pvalue": 0.001345295418315308,
    "mse_model": 577.1578606992564,
    "rmse_model": 24.024109987661486
}