{
    "coefs": {
        "const": -342.4317468097588,
        "ndmi_mean": 854.7981775471123,
        "msi_mean": 371.09383343093214
    },
    "p_values": {
        "const": 0.1406845653978033,
        "ndmi_mean": 0.02806038330033622,
        "msi_mean": 0.10691657880938182
    },
    "rsquared": 0.7195658679464834,
    "aic": 70.79115547212072,
    "fvalue": 8.980649107762947,
    "f_pvalue": 0.011679064286287287,
    "mse_model": 489.3047902036086,
    "rmse_model": 22.1202348586901
}