{
    "coefs": {
        "const": -58.36073722568756,
        "gndvi_mean": 207.05593105078174,
        "ndmi_mean": 209.04563026272632
    },
    "p_values": {
        "const": 0.39112232403216995,
        "gndvi_mean": 0.1691352752185131,
        "ndmi_mean": 0.08154818435843039
    },
    "rsquared": 0.6875098752005864,
    "aic": 71.87349541198529,
    "fvalue": 7.700353938373694,
    "f_pvalue": 0.017057958016410472,
    "mse_model": 467.5067151363987,
    "rmse_model": 21.621903596501365
}