{
    "coefs": {
        "const": 4.868197257510383,
        "ndvi_mean": -62.4095105829374,
        "cire_mean": 70.84470011382473
    },
    "p_values": {
        "const": 0.9399016253693901,
        "ndvi_mean": 0.6970256141761102,
        "cire_mean": 0.011769349820565055
    },
    "rsquared": 0.8516506709120768,
    "aic": 64.42346497395245,
    "fvalue": 20.09296143446414,
    "f_pvalue": 0.0012574755599262983,
    "mse_model": 579.1224562202123,
    "rmse_model": 24.064963249924407
}