{
    "coefs": {
        "const": -233.10714606286396,
        "ndvi_mean": 470.80795174317916,
        "msi_mean": 44.341561785322824
    },
    "p_values": {
        "const": 0.36000729404266,
        "ndvi_mean": 0.09597372030316685,
        "msi_mean": 0.7314139436516116
    },
    "rsquared": 0.6166221256151769,
    "aic": 73.91797793149806,
    "fvalue": 5.629374003693302,
    "f_pvalue": 0.034889492957742366,
    "mse_model": 419.3030454183203,
    "rmse_model": 20.4768905212271
}