{
    "coefs": {
        "const": 28.770333980480245,
        "gndvi_mean": -137.0200224481826,
        "cire_mean": 78.82690745053357
    },
    "p_values": {
        "const": 0.5816595361333241,
        "gndvi_mean": 0.3448970596766392,
        "cire_mean": 0.0031964319769269296
    },
    "rsquared": 0.8675660218601806,
    "aic": 63.28860916217664,
    "fvalue": 22.928262966659624,
    "f_pvalue": 0.0008452749273219029,
    "mse_model": 589.9448948649228,
    "rmse_model": 24.28878125524051
}