{
    "coefs": {
        "const": -77.69441555808811,
        "gndvi_mean": -15.226043719614495,
        "ndre1_mean": 496.9870904083497
    },
    "p_values": {
        "const": 0.1641067904153921,
        "gndvi_mean": 0.9272093350617485,
        "ndre1_mean": 0.022449990182249233
    },
    "rsquared": 0.7756386048819575,
    "aic": 68.56034795996055,
    "fvalue": 12.099831682979847,
    "f_pvalue": 0.005349564910493477,
    "mse_model": 527.4342513197311,
    "rmse_model": 22.96593676120639
}