{
    "coefs": {
        "const": 15.089779308903502,
        "gndvi_mean": 263.7380345157841,
        "msi_mean": -92.38703365170328
    },
    "p_values": {
        "const": 0.9072799813641872,
        "gndvi_mean": 0.12270133866939652,
        "msi_mean": 0.2529385905780515
    },
    "rsquared": 0.5931865139131567,
    "aic": 74.51131488427403,
    "fvalue": 5.103451261330228,
    "f_pvalue": 0.0429421411928686,
    "mse_model": 403.3668294609465,
    "rmse_model": 20.083994360209985
}