{
    "coefs": {
        "const": -81.64521888421206,
        "ndre1_mean": 464.9070744183482,
        "ndre_mean": 16.181932934661745
    },
    "p_values": {
        "const": 0.040172081022024436,
        "ndre1_mean": 0.5003688778787759,
        "ndre_mean": 0.9775028249032052
    },
    "rsquared": 0.7753785843662084,
    "aic": 68.57193061027999,
    "fvalue": 12.081773403592901,
    "f_pvalue": 0.005371295677111796,
    "mse_model": 527.2574373690218,
    "rmse_model": 22.962086955871886
}