{
    "coefs": {
        "const": -179.57248220438316,
        "ndre1_mean": 606.3877990079206,
        "msi_mean": 68.98057668351404
    },
    "p_values": {
        "const": 0.15923794567767147,
        "ndre1_mean": 0.008170201634069037,
        "msi_mean": 0.4020826001159328
    },
    "rsquared": 0.7982735679162856,
    "aic": 67.49689156060705,
    "fvalue": 13.850230031072654,
    "f_pvalue": 0.003686971880957318,
    "mse_model": 542.8260261830742,
    "rmse_model": 23.298627130864904
}