{
    "coefs": {
        "const": -11.273137098601289,
        "cire_mean": 61.99762864036789,
        "msi_mean": -7.495111102617827
    },
    "p_values": {
        "const": 0.8556446061093488,
        "cire_mean": 0.002859355342945352,
        "msi_mean": 0.8882415497126863
    },
    "rsquared": 0.8486205106987581,
    "aic": 64.62566531417517,
    "fvalue": 19.620701596733998,
    "f_pvalue": 0.00134969184905331,
    "mse_model": 577.0619472751555,
    "rmse_model": 24.02211371372543
}