{
    "coefs": {
        "const": -49.59047314873891,
        "gndvi_mean": -167.20734478545012,
        "ndre_mean": 538.7033591878409
    },
    "p_values": {
        "const": 0.3786491422613954,
        "gndvi_mean": 0.4345475845066261,
        "ndre_mean": 0.020593978381377574
    },
    "rsquared": 0.7807008588211937,
    "aic": 68.33213412386121,
    "fvalue": 12.459934823211471,
    "f_pvalue": 0.004938888914575927,
    "mse_model": 530.8765839984117,
    "rmse_model": 23.04075918884644
}