{
    "coefs": {
        "const": -76.94907653882677,
        "ndre_mean": 377.8688302346177,
        "ndmi_mean": 27.089422032747244
    },
    "p_values": {
        "const": 0.17729625797255366,
        "ndre_mean": 0.05666030816447123,
        "ndmi_mean": 0.8527870832528159
    },
    "rsquared": 0.7604480846404302,
    "aic": 69.21546832117157,
    "fvalue": 11.110611627740337,
    "f_pvalue": 0.006728198049753603,
    "mse_model": 517.1046975554925,
    "rmse_model": 22.73993618186939
}