{
    "coefs": {
        "const": 42.62843511613546,
        "ndvi_mean": -530.7311049400897,
        "ndre1_mean": 1041.894683636092
    },
    "p_values": {
        "const": 0.5720193943450096,
        "ndvi_mean": 0.10743833086478319,
        "ndre1_mean": 0.012604855188425372
    },
    "rsquared": 0.8488916165127484,
    "aic": 64.60774023942216,
    "fvalue": 19.662182793751345,
    "f_pvalue": 0.0013412506911573438,
    "mse_model": 577.2462992286689,
    "rmse_model": 24.02595053746405
}