{
    "coefs": {
        "const": -83.19852977019187,
        "ndvi_mean": 248.82329982452794,
        "ndmi_mean": 126.47976615922687
    },
    "p_values": {
        "const": 0.5417023804543122,
        "ndvi_mean": 0.3782473374278243,
        "ndmi_mean": 0.5601911665868013
    },
    "rsquared": 0.6294271990506205,
    "aic": 73.57826592387524,
    "fvalue": 5.944837805238984,
    "f_pvalue": 0.030978286383764618,
    "mse_model": 428.01049535442195,
    "rmse_model": 20.68841452007432
}