{
    "A": -5.029579482636257,
    "omega": 0.017051266524700594,
    "phi": 1.5867232812653396,
    "offset": 299.0000894482717,
    "mse": 8.157863418585297,
    "r2": 0.605793975449624
}