{
    "A": -4.9697341500150625,
    "omega": 0.017058154655202735,
    "phi": 1.5545365978082684,
    "offset": 298.63618054937,
    "mse": 7.6002738850112666,
    "r2": 0.6170443263223663
}