{
    "A": -5.1328992650978655,
    "omega": 0.01705948940848625,
    "phi": 1.5614991842757424,
    "offset": 299.01087754170817,
    "mse": 7.813359318133378,
    "r2": 0.6257509568270151
}