{
    "A": -5.1328992477393856,
    "omega": 0.01705948943209996,
    "phi": 1.5614991622190573,
    "offset": 299.01087754896133,
    "mse": 7.813359318099993,
    "r2": 0.6257509568286141
}