{
    "A": -5.029579559095582,
    "omega": 0.017051266557249735,
    "phi": 1.586723247947859,
    "offset": 299.0000894572266,
    "mse": 8.157863418563878,
    "r2": 0.6057939754506592
}