{"A": -4.969734178526053, "omega": 0.01705815469179303, "phi": 1.554536561655551, "offset": 298.6361805597989, "mse": 7.600273884964414, "r2": 0.617044326324727}