{
    "A": 5.025912441704398,
    "omega": 0.017319108002230514,
    "phi": -1.702427677433321,
    "offset": 299.1575535189713,
    "mse": 8.730874218197425,
    "r2": 0.5966986803517362
}