{
    "A": 4.957958161302057,
    "omega": 0.017320546786476737,
    "phi": -1.7321637954071492,
    "offset": 298.7868718187994,
    "mse": 8.129487633622988,
    "r2": 0.6074479432237956
}