{
    "A": 5.1228747446412894,
    "omega": 0.01731753537808384,
    "phi": -1.7226083189108667,
    "offset": 299.1641647301173,
    "mse": 8.359021524123696,
    "r2": 0.6163169396220125
}