{
    "coefs": {
        "const": -41.86786538515952,
        "ndvi_max": -8.916337806108174,
        "ndre_max": 208.8367048940504
    },
    "p_values": {
        "const": 0.511393816831168,
        "ndvi_max": 0.9620006053991977,
        "ndre_max": 0.19440145887644295
    },
    "rsquared": 0.6050815048848217,
    "aic": 162.39092663240686,
    "fvalue": 14.555596578806265,
    "f_pvalue": 0.0001468320957029237,
    "mse_model": 1206.3812503641134,
    "rmse_model": 34.73299944381587
}