{
    "coefs": {
        "const": -32.81420209202503,
        "ndvi_max": 81.76439494574933,
        "cire_max": 14.201883270881517
    },
    "p_values": {
        "const": 0.684639599365243,
        "ndvi_max": 0.5739581162265293,
        "cire_max": 0.2810712722266879
    },
    "rsquared": 0.5937869740666863,
    "aic": 163.01128954668894,
    "fvalue": 13.886743884376509,
    "f_pvalue": 0.0001919382515084365,
    "mse_model": 1183.8627795454559,
    "rmse_model": 34.407307066166275
}