{
    "coefs": {
        "const": -50.551295505422175,
        "cire_max": -2.2898282977338535,
        "ndre_max": 222.78240945786075
    },
    "p_values": {
        "const": 0.46362554124295796,
        "cire_max": 0.9285959537021496,
        "ndre_max": 0.3583127173455596
    },
    "rsquared": 0.605204406552174,
    "aic": 162.3840789979459,
    "fvalue": 14.56308519564433,
    "f_pvalue": 0.00014639856430202213,
    "mse_model": 1206.6262855633968,
    "rmse_model": 34.73652667673319
}