{
    "coefs": {
        "const": -48.110883625450384,
        "ndre1_max": -240.25872664339062,
        "ndre_max": 414.84443449160744
    },
    "p_values": {
        "const": 0.03196656827573452,
        "ndre1_max": 0.37319843363545324,
        "ndre_max": 0.09579686517394465
    },
    "rsquared": 0.6215978043785214,
    "aic": 161.45104785551496,
    "fvalue": 15.605562573170142,
    "f_pvalue": 9.7849734773296e-05,
    "mse_model": 1239.310622479677,
    "rmse_model": 35.20384385943781
}