{
    "coefs": {
        "const": 15.223503636012254,
        "cire_max": 22.321100610642326,
        "ndre1_max": -12.472830922611443
    },
    "p_values": {
        "const": 0.7681426725387709,
        "cire_max": 0.2839295787542781,
        "ndre1_max": 0.9535732775002423
    },
    "rsquared": 0.5868650017779413,
    "aic": 163.38301684424698,
    "fvalue": 13.494904912156054,
    "f_pvalue": 0.00022535846660393295,
    "mse_model": 1170.0620972947704,
    "rmse_model": 34.206170456436226
}