{
    "coefs": {
        "const": -86.63339998082469,
        "ndvi_max": 151.21145346939215,
        "ndre1_max": 77.4334434195872
    },
    "p_values": {
        "const": 0.2836570834255624,
        "ndvi_max": 0.5127649996145242,
        "ndre1_max": 0.7190423692341117
    },
    "rsquared": 0.5704840267581882,
    "aic": 164.23847626869252,
    "fvalue": 12.617920151601966,
    "f_pvalue": 0.00032606451241138447,
    "mse_model": 1137.4025283491378,
    "rmse_model": 33.72539886123125
}