{
    "coefs": {
        "const": -73.39746524128711,
        "gndvi_max": 111.05296946904463,
        "ndre1_max": 139.25984532962715
    },
    "p_values": {
        "const": 0.17201467340806076,
        "gndvi_max": 0.44107501436423513,
        "ndre1_max": 0.20678182100765718
    },
    "rsquared": 0.5742974184304563,
    "aic": 164.04228040195636,
    "fvalue": 12.816049775817627,
    "f_pvalue": 0.0002995778479527904,
    "mse_model": 1145.0054779957222,
    "rmse_model": 33.837929576079596
}