{
    "coefs": {
        "const": -115.39354173202366,
        "ndvi_max": 195.39969860062283,
        "gndvi_max": 47.62912406465563
    },
    "p_values": {
        "const": 0.007465613690944496,
        "ndvi_max": 0.24466450117722913,
        "gndvi_max": 0.81584465227676
    },
    "rsquared": 0.5687358551688957,
    "aic": 164.32783666871654,
    "fvalue": 12.528262988847542,
    "f_pvalue": 0.00033889241532436516,
    "mse_model": 1133.9171112429858,
    "rmse_model": 33.67368573891171
}