{
    "coefs": {
        "const": -53.780507570124115,
        "gndvi_max": 28.655890898471256,
        "ndre_max": 183.5287242182617
    },
    "p_values": {
        "const": 0.3060186147301652,
        "gndvi_max": 0.8480419510122362,
        "ndre_max": 0.08233458135447175
    },
    "rsquared": 0.6058158950675644,
    "aic": 162.34997735994477,
    "fvalue": 14.600413692805628,
    "f_pvalue": 0.00014425853726940575,
    "mse_model": 1207.8454407909567,
    "rmse_model": 34.75407085207367
}