{
    "coefs": {
        "const": -29.306665576211884,
        "gndvi_max": 83.7936758529153,
        "cire_max": 15.683860905677872
    },
    "p_values": {
        "const": 0.6582350774951571,
        "gndvi_max": 0.5256354706241202,
        "cire_max": 0.11041364054166722
    },
    "rsquared": 0.5956857557170455,
    "aic": 162.90821276134096,
    "fvalue": 13.996575088142427,
    "f_pvalue": 0.00018358233951194263,
    "mse_model": 1187.6484754608596,
    "rmse_model": 34.46227612130196
}