{
    "coefs": {
        "const": -113.66221848697586,
        "gndvi_max": 42.259871291821014,
        "ndre1_max": 352.50804389419943
    },
    "p_values": {
        "const": 0.07856313406306516,
        "gndvi_max": 0.7992867998290677,
        "ndre1_max": 0.04622402959730483
    },
    "rsquared": 0.7971433301407214,
    "aic": 67.55276343020923,
    "fvalue": 13.753561356537817,
    "f_pvalue": 0.0037597807594560283,
    "mse_model": 542.0574644956905,
    "rmse_model": 23.2821275766561
}