{
    "coefs": {
        "const": -178.70250895771312,
        "ndvi_max": 182.11897765876552,
        "gndvi_max": 181.0611941351042
    },
    "p_values": {
        "const": 0.03536625215389257,
        "ndvi_max": 0.4695024353496505,
        "gndvi_max": 0.5327539754456131
    },
    "rsquared": 0.6563960154816647,
    "aic": 72.8226645959243,
    "fvalue": 6.686144974151876,
    "f_pvalue": 0.0237795520790049,
    "mse_model": 446.349290527532,
    "rmse_model": 21.126980156367164
}