{
    "coefs": {
        "const": 152.78326866335152,
        "cire_max": 151.37458265658307,
        "ndre_max": -782.1372520662292
    },
    "p_values": {
        "const": 0.03435443657403642,
        "cire_max": 0.003103672629372975,
        "ndre_max": 0.01708712616744069
    },
    "rsquared": 0.9578828030452539,
    "aic": 51.83232809181932,
    "fvalue": 79.60144675014014,
    "f_pvalue": 1.5332328262766123e-05,
    "mse_model": 651.3603060707726,
    "rmse_model": 25.521761421790085
}