{
    "coefs": {
        "const": 65.24915544448794,
        "gndvi_max": -213.9289400405312,
        "cire_max": 65.04041560146851
    },
    "p_values": {
        "const": 0.23408590422998696,
        "gndvi_max": 0.10296503371749949,
        "cire_max": 0.0007670535564420316
    },
    "rsquared": 0.9332238129485453,
    "aic": 56.44123208885662,
    "fvalue": 48.91389415216318,
    "f_pvalue": 7.694415942966394e-05,
    "mse_model": 634.5921928050108,
    "rmse_model": 25.191113369698662
}