{
    "coefs": {
        "const": -8.800533463672487,
        "ndvi_max": -318.7734769601452,
        "ndre1_max": 709.0985791450648
    },
    "p_values": {
        "const": 0.9053549552747384,
        "ndvi_max": 0.19494598562863116,
        "ndre1_max": 0.019398449156730002
    },
    "rsquared": 0.8415957082429141,
    "aic": 65.07927246602586,
    "fvalue": 18.59536093483676,
    "f_pvalue": 0.0015819192255168526,
    "mse_model": 572.2850816051816,
    "rmse_model": 23.92248067415212
}