{
    "coefs": {
        "const": 40.58588270350208,
        "ndvi_max": -429.84967887464836,
        "ndre_max": 674.5691946397742
    },
    "p_values": {
        "const": 0.45155354497775624,
        "ndvi_max": 0.023015628737145338,
        "ndre_max": 0.001103964032754756
    },
    "rsquared": 0.9275928884162455,
    "aic": 57.25081194025995,
    "fvalue": 44.837793394112865,
    "f_pvalue": 0.00010214903808686054,
    "mse_model": 630.763164123047,
    "rmse_model": 25.114998788035944
}