{
    "coefs": {
        "const": 24.074307103892693,
        "cire_max": 70.4536133264073,
        "ndre1_max": -233.6722380967783
    },
    "p_values": {
        "const": 0.6104884796350742,
        "cire_max": 0.015670010393377523,
        "ndre1_max": 0.2830280387511045
    },
    "rsquared": 0.915934406266159,
    "aic": 58.74374045063964,
    "fvalue": 38.13415547960448,
    "f_pvalue": 0.00017225189015879647,
    "mse_model": 622.8353962609881,
    "rmse_model": 24.956670376093605
}