{
    "coefs": {
        "const": -36.490305066210624,
        "gndvi_max": -223.49911062583453,
        "ndre_max": 475.34440498127424
    },
    "p_values": {
        "const": 0.5222256684551416,
        "gndvi_max": 0.2503005760883236,
        "ndre_max": 0.008634425855266569
    },
    "rsquared": 0.8698621276291321,
    "aic": 63.11371118324886,
    "fvalue": 23.39455372395879,
    "f_pvalue": 0.0007950838967523527,
    "mse_model": 591.5062467878098,
    "rmse_model": 24.320901438635243
}