{
    "coefs": {
        "const": 106.26093586093083,
        "ndvi_max": -258.78928531900544,
        "cire_max": 73.4423377763286
    },
    "p_values": {
        "const": 0.06031476609083287,
        "ndvi_max": 0.024824830117034874,
        "cire_max": 0.0002268602025193723
    },
    "rsquared": 0.9535039637983039,
    "aic": 52.821437391489034,
    "fvalue": 71.77523388912729,
    "f_pvalue": 2.1674832882274724e-05,
    "mse_model": 648.3826953828467,
    "rmse_model": 25.463359860451384
}