{
    "coefs": {
        "const": -94.05231503319786,
        "ndre1_max": -75.4971837586254,
        "ndre_max": 381.50631834152455
    },
    "p_values": {
        "const": 0.016261796102366288,
        "ndre1_max": 0.8241201483938254,
        "ndre_max": 0.19351205055256968
    },
    "rsquared": 0.8418579586920009,
    "aic": 65.06270297955936,
    "fvalue": 18.632002161167012,
    "f_pvalue": 0.0015727717195931654,
    "mse_model": 572.4634119105606,
    "rmse_model": 23.926207637453967
}