{
    "coefs": {
        "const": -151.30649985121624,
        "gndvi_mean": 59.04984690154856,
        "cire_mean": 68.2843764561991,
        "ndre1_mean": -1399.6519313638632,
        "ndre_mean": 598.7129437298238,
        "ndmi_mean": 718.1628567220635,
        "msi_mean": 264.07338391614326
    },
    "p_values": {
        "const": 0.682329249761531,
        "gndvi_mean": 0.925768552945118,
        "cire_mean": 0.39332683826617854,
        "ndre1_mean": 0.17436922380450082,
        "ndre_mean": 0.7150248077516145,
        "ndmi_mean": 0.2443730186133089,
        "msi_mean": 0.3713076113163276
    },
    "rsquared": 0.6971546028411871,
    "aic": 164.55087335319843,
    "fvalue": 5.755037135958167,
    "f_pvalue": 0.0027927430671916354,
    "mse_model": 463.3173298048723,
    "rmse_model": 21.52480731167813
}