{
    "coefs": {
        "const": -135.92816176737114,
        "ndvi_mean": 27.26662263449151,
        "cire_mean": 69.24895412680131,
        "ndre1_mean": -1495.3668671664884,
        "ndre_mean": 710.2405218100091,
        "ndmi_mean": 684.528575204351,
        "msi_mean": 251.6511037530929
    },
    "p_values": {
        "const": 0.6680207080349971,
        "ndvi_mean": 0.963134118197243,
        "cire_mean": 0.5306986689126095,
        "ndre1_mean": 0.05714873177722011,
        "ndre_mean": 0.4290536230380394,
        "ndmi_mean": 0.15383100672731748,
        "msi_mean": 0.32034145036314526
    },
    "rsquared": 0.6970179706516494,
    "aic": 164.56079666828546,
    "fvalue": 5.751314460388835,
    "f_pvalue": 0.00280129123566204,
    "mse_model": 463.2265263289087,
    "rmse_model": 21.522697933319343
}