{
    "coefs": {
        "const": 210.52501083709734,
        "ndvi_mean": 232.5393066207561,
        "gndvi_mean": -524.5898927626108,
        "cire_mean": 104.58480322818423,
        "ndre1_mean": -2245.858833705009,
        "ndre_mean": 1573.9050814223308,
        "msi_mean": -53.85821843440208
    },
    "p_values": {
        "const": 0.29224169851384557,
        "ndvi_mean": 0.7413348980048362,
        "gndvi_mean": 0.37294582558925704,
        "cire_mean": 0.35301337908776986,
        "ndre1_mean": 0.10036029584307385,
        "ndre_mean": 0.2940772891856016,
        "msi_mean": 0.5756634124152344
    },
    "rsquared": 0.6699996459604045,
    "aic": 166.44004178632244,
    "fvalue": 5.075749448135544,
    "f_pvalue": 0.004978216829411957,
    "mse_model": 445.27059804451875,
    "rmse_model": 21.101435923759283
}