{
    "coefs": {
        "const": 167.2320465540899,
        "ndvi_mean": 74.62999036295838,
        "gndvi_mean": -300.13817738966975,
        "cire_mean": 96.78427935125478,
        "ndre1_mean": -1924.3429321683693,
        "ndre_mean": 1211.8015576515909,
        "ndmi_mean": 180.01779732710085
    },
    "p_values": {
        "const": 0.13019440203488242,
        "ndvi_mean": 0.9173052467969314,
        "gndvi_mean": 0.6502899558240238,
        "cire_mean": 0.3818577558980415,
        "ndre1_mean": 0.17301959749659904,
        "ndre_mean": 0.4370445815591445,
        "ndmi_mean": 0.3799416207041503
    },
    "rsquared": 0.6802430881960557,
    "aic": 165.74632302857185,
    "fvalue": 5.31843928219087,
    "f_pvalue": 0.0040298047443951875,
    "mse_model": 452.0782190302953,
    "rmse_model": 21.262131102744505
}