{
    "coefs": {
        "const": -214.98295769729816,
        "ndvi_mean": -306.63367429524897,
        "gndvi_mean": 133.9184865709717,
        "ndre1_mean": -1036.2781649007468,
        "ndre_mean": 921.6448115458845,
        "ndmi_mean": 830.9585260581789,
        "msi_mean": 316.21193476201483
    },
    "p_values": {
        "const": 0.5508444274787452,
        "ndvi_mean": 0.5483921940690697,
        "gndvi_mean": 0.859751208620139,
        "ndre1_mean": 0.44725953165544763,
        "ndre_mean": 0.562379379797145,
        "ndmi_mean": 0.18706655643860723,
        "msi_mean": 0.2763599818003426
    },
    "rsquared": 0.6893674571468942,
    "aic": 165.10941473198918,
    "fvalue": 5.54809430794963,
    "f_pvalue": 0.0033158989711545945,
    "mse_model": 458.1421225622068,
    "rmse_model": 21.40425477708128
}