{
    "coefs": {
        "const": -206.38133445314742,
        "ndvi_mean": -36.617807671905325,
        "gndvi_mean": 292.57306454957893,
        "cire_mean": 80.77921733467532,
        "ndre1_mean": -1030.967938221753,
        "ndmi_mean": 837.7614128397734,
        "msi_mean": 308.2827699445849
    },
    "p_values": {
        "const": 0.5434110370355473,
        "ndvi_mean": 0.9584141316444794,
        "gndvi_mean": 0.47892364970710766,
        "cire_mean": 0.4489092365689149,
        "ndre1_mean": 0.33911218828209355,
        "ndmi_mean": 0.13650907767355056,
        "msi_mean": 0.2612611193460484
    },
    "rsquared": 0.6944164848856718,
    "aic": 164.748888274835,
    "fvalue": 5.681069581141092,
    "f_pvalue": 0.0029682450657715323,
    "mse_model": 461.49762224693603,
    "rmse_model": 21.482495717372693
}