{
    "coefs": {
        "const": -289.52026239133363,
        "ndvi_mean": -495.2234500887232,
        "gndvi_mean": 686.4015648739621,
        "cire_mean": 25.11531057050474,
        "ndre_mean": -488.3901292750609,
        "ndmi_mean": 1029.072319457095,
        "msi_mean": 378.1303690253993
    },
    "p_values": {
        "const": 0.4133056490820617,
        "ndvi_mean": 0.3282312582106852,
        "gndvi_mean": 0.09816666201337756,
        "cire_mean": 0.8108933451664665,
        "ndre_mean": 0.6932459738031644,
        "ndmi_mean": 0.08036682132921195,
        "msi_mean": 0.1850902623423952
    },
    "rsquared": 0.6780262161510642,
    "aic": 165.89832254902086,
    "fvalue": 5.264607323349513,
    "f_pvalue": 0.004221206173282279,
    "mse_model": 450.60492281706144,
    "rmse_model": 21.22745681463188
}