{
    "aic": 12183.331356784784,
    "bic": 12194.174908372073,
    "hqic": 12187.349030200123,
    "rmse": 9.377440649762317,
    "mse": 87.93639313981471,
    "mae": 6.67436569035685,
    "r2": 0.277221292555223
}