{
    "aic": 12204.478533541318,
    "bic": 12215.322085128608,
    "hqic": 12208.496206956657,
    "rmse": 9.448410898359112,
    "mse": 89.27246850423124,
    "mae": 6.718598805717181,
    "r2": 0.2511370036006354
}