{"aic": 10511.91239385843, "bic": 10522.484777287835, "hqic": 10515.856317902395, "rmse": 9.015170691225311, "mse": 81.27330259192784, "mae": 6.353976890500172, "r2": 0.22833148323401198}