{
    "aic": 12081.495412681452,
    "bic": 12092.338964268742,
    "hqic": 12085.513086096791,
    "rmse": 9.108125761406052,
    "mse": 82.95795488558856,
    "mae": 6.475969779007644,
    "r2": 0.26085819462843507
}