{"aic": 10600.82952655465, "bic": 10611.401909984053, "hqic": 10604.773450598614, "rmse": 9.279655556948628, "mse": 86.11200725560754, "mae": 6.548287492336868, "r2": 0.24386020227485028}