{"aic": 10619.304931525297, "bic": 10629.877314954701, "hqic": 10623.248855569262, "rmse": 9.35183795011147, "mse": 87.4568730451451, "mae": 6.592055404469659, "r2": 0.21932441903685163}