{
    "coefs": {
        "const": 7.166558315700826,
        "gndvi_mean": -295.6018459093238,
        "ndre1_mean": -1631.8476173147656,
        "ndre_mean": 1822.502728662027,
        "msi_mean": 31.513168908970023
    },
    "p_values": {
        "const": 0.9599685570547158,
        "gndvi_mean": 0.3591667677927265,
        "ndre1_mean": 0.05369579405506751,
        "ndre_mean": 0.0323155425269634,
        "msi_mean": 0.6687321415306009
    },
    "rsquared": 0.2817576300950574,
    "aic": 246.63477108563433,
    "fvalue": 2.5498698940028515,
    "f_pvalue": 0.06312111228364886,
    "mse_model": 367.7618744426212,
    "rmse_model": 19.177118512503938
}