{
    "coefs": {
        "const": 82.20208840011706,
        "gndvi_mean": 202.9357713080235,
        "cire_mean": 74.8743485516362,
        "ndre1_mean": -745.3692961313578,
        "ndmi_mean": 82.56813831363338
    },
    "p_values": {
        "const": 0.43076373260235123,
        "gndvi_mean": 0.39974677393339786,
        "cire_mean": 0.0847863623090932,
        "ndre1_mean": 0.18613746983745627,
        "ndmi_mean": 0.6616515002033402
    },
    "rsquared": 0.20050541017759382,
    "aic": 249.95712449644356,
    "fvalue": 1.630136317049828,
    "f_pvalue": 0.19665105730068586,
    "mse_model": 261.70806965519,
    "rmse_model": 16.177393784389068
}