{
    "coefs": {
        "const": -115.83992098420106,
        "ndvi_mean": -597.7072186713999,
        "gndvi_mean": 590.090832382803,
        "ndmi_mean": 513.3072788806961,
        "msi_mean": 188.7116026600997
    },
    "p_values": {
        "const": 0.609419662791295,
        "ndvi_mean": 0.11251855243470324,
        "gndvi_mean": 0.03551163399723628,
        "ndmi_mean": 0.06959596871416505,
        "msi_mean": 0.26192882365452397
    },
    "rsquared": 0.27823952494308446,
    "aic": 246.78624505956952,
    "fvalue": 2.505757761239879,
    "f_pvalue": 0.06660101134614696,
    "mse_model": 363.16989606482423,
    "rmse_model": 19.057016977082856
}