{
    "coefs": {
        "const": 170.370880143489,
        "ndvi_mean": -715.1971879097949,
        "gndvi_mean": 316.97686570969154,
        "ndre_mean": 477.26557238375466,
        "msi_mean": -51.879603553694295
    },
    "p_values": {
        "const": 0.4340023888284291,
        "ndvi_mean": 0.07910609259196724,
        "gndvi_mean": 0.3112876728658925,
        "ndre_mean": 0.0955515209629895,
        "msi_mean": 0.6334071087939934
    },
    "rsquared": 0.263544674929439,
    "aic": 247.41105761694917,
    "fvalue": 2.3260615121185046,
    "f_pvalue": 0.0829702929019478,
    "mse_model": 343.98956159136856,
    "rmse_model": 18.546955588219014
}