{
    "coefs": {
        "const": 56.80682416766341,
        "ndvi_mean": -770.6789376351103,
        "gndvi_mean": 217.08166827880703,
        "cire_mean": -54.0826214756942,
        "ndre_mean": 1071.057003849526
    },
    "p_values": {
        "const": 0.45042285264285775,
        "ndvi_mean": 0.027700495925537826,
        "gndvi_mean": 0.4390573368312498,
        "cire_mean": 0.39176743213935306,
        "ndre_mean": 0.15799622664361554
    },
    "rsquared": 0.27801004007277597,
    "aic": 246.79609999137364,
    "fvalue": 2.502895276625722,
    "f_pvalue": 0.06683361195728121,
    "mse_model": 362.8703627885385,
    "rmse_model": 19.049156484961177
}