{
    "coefs": {
        "const": -145.63417607934412,
        "gndvi_mean": 61.997054006296025,
        "cire_mean": 5.713663879711234,
        "ndre_mean": 215.9416718303919,
        "msi_mean": 101.46646215969935
    },
    "p_values": {
        "const": 0.43081915696220985,
        "gndvi_mean": 0.8450618871071292,
        "cire_mean": 0.9253120337382998,
        "ndre_mean": 0.7490750173440052,
        "msi_mean": 0.2606150451054398
    },
    "rsquared": 0.16921945539369376,
    "aic": 251.14708766818512,
    "fvalue": 1.3239675233129673,
    "f_pvalue": 0.28737709160059893,
    "mse_model": 220.87232947959137,
    "rmse_model": 14.86177410269687
}