{
    "coefs": {
        "const": 61.01639527147118,
        "ndvi_mean": -455.6200338351879,
        "cire_mean": -26.90000219338252,
        "ndre1_mean": -844.9990841008337,
        "ndre_mean": 1481.5938394264126
    },
    "p_values": {
        "const": 0.3410698490194114,
        "ndvi_mean": 0.29748551705430526,
        "cire_mean": 0.6977854422537981,
        "ndre1_mean": 0.2874786011023038,
        "ndre_mean": 0.04832880639222649
    },
    "rsquared": 0.29293017153716683,
    "aic": 246.14876404925116,
    "fvalue": 2.6928685659391984,
    "f_pvalue": 0.05308633761143271,
    "mse_model": 382.34474405879394,
    "rmse_model": 19.55363761704696
}