{
    "coefs": {
        "const": 88.82741390073807,
        "ndvi_mean": -744.1118783845329,
        "cire_mean": -61.256359552820385,
        "ndre_mean": 1270.0815374859637,
        "ndmi_mean": -13.886074054193763
    },
    "p_values": {
        "const": 0.40437456494903345,
        "ndvi_mean": 0.052781137566953025,
        "cire_mean": 0.33344615118118026,
        "ndre_mean": 0.08292105398193343,
        "ndmi_mean": 0.9329951329585338
    },
    "rsquared": 0.261065818649301,
    "aic": 247.5152261997635,
    "fvalue": 2.296453275606549,
    "f_pvalue": 0.08604400529383789,
    "mse_model": 340.75405442249485,
    "rmse_model": 18.459524761555883
}