{
    "coefs": {
        "const": 73.14649419812906,
        "ndvi_mean": -256.1136300103199,
        "gndvi_mean": -112.64620656999818,
        "ndre1_mean": -1207.668449184456,
        "ndre_mean": 1505.9598629852035
    },
    "p_values": {
        "const": 0.31330223770902527,
        "ndvi_mean": 0.47914324188108826,
        "gndvi_mean": 0.7933302129428741,
        "ndre1_mean": 0.27655411103907546,
        "ndre_mean": 0.13117572293252455
    },
    "rsquared": 0.2906491545605614,
    "aic": 246.24860951000431,
    "fvalue": 2.663307609753095,
    "f_pvalue": 0.05501488710234534,
    "mse_model": 379.3674650453778,
    "rmse_model": 19.47735775318043
}