{
    "coefs": {
        "const": -189.80476428341296,
        "ndre1_mean": -1367.4060996484486,
        "ndre_mean": 1244.9401942386091,
        "ndmi_mean": 368.49064233231434,
        "msi_mean": 198.05476108646377
    },
    "p_values": {
        "const": 0.24094306651398867,
        "ndre1_mean": 0.058838758352781455,
        "ndre_mean": 0.031575522275399,
        "ndmi_mean": 0.3181977999869833,
        "msi_mean": 0.24384938488802235
    },
    "rsquared": 0.28612381085312233,
    "aic": 246.44574759731006,
    "fvalue": 2.6052203432753043,
    "f_pvalue": 0.05902061441568303,
    "mse_model": 373.4607966659503,
    "rmse_model": 19.325133807193943
}