{
    "coefs": {
        "const": 1.261257172746241,
        "ndvi_mean": -145.954093909503,
        "cire_mean": 34.639596656033,
        "ndmi_mean": 156.18692136076595,
        "msi_mean": 94.83494245708266
    },
    "p_values": {
        "const": 0.9972820069280013,
        "ndvi_mean": 0.6405628740711724,
        "cire_mean": 0.3331457463955375,
        "ndmi_mean": 0.7307276172215544,
        "msi_mean": 0.7254802813823931
    },
    "rsquared": 0.17264087548136298,
    "aic": 251.0191561371795,
    "fvalue": 1.3563223724422482,
    "f_pvalue": 0.2761518765168628,
    "mse_model": 225.33811045692414,
    "rmse_model": 15.011266117717192
}