{
    "coefs": {
        "const": -3.31108847932137,
        "cire_mean": 60.34547884651306,
        "ndre1_mean": -435.4551571870768,
        "ndmi_mean": 236.56225014200834,
        "msi_mean": 111.89292613926688
    },
    "p_values": {
        "const": 0.9899934668713798,
        "cire_mean": 0.2573399889126532,
        "ndre1_mean": 0.4224013630740793,
        "ndmi_mean": 0.5722087503975963,
        "msi_mean": 0.6095163357752593
    },
    "rsquared": 0.18633227235571959,
    "aic": 250.5018664279288,
    "fvalue": 1.4885188746746914,
    "f_pvalue": 0.23449454265660727,
    "mse_model": 243.2086958126872,
    "rmse_model": 15.595149752813764
}