{
    "coefs": {
        "const": 88.36935598886154,
        "ndvi_mean": -747.576362967824,
        "cire_mean": -61.373376658770184,
        "ndre_mean": 1264.6107947228948,
        "msi_mean": 3.7477434958960174
    },
    "p_values": {
        "const": 0.684684042432057,
        "ndvi_mean": 0.08218065469609352,
        "cire_mean": 0.3338562298351544,
        "ndre_mean": 0.083458569832039,
        "msi_mean": 0.9695054082293342
    },
    "rsquared": 0.26090333808757227,
    "aic": 247.52204188626536,
    "fvalue": 2.2945194924586962,
    "f_pvalue": 0.0862488051826642,
    "mse_model": 340.5419779796256,
    "rmse_model": 18.453779503928878
}