{
    "coefs": {
        "const": 48.08691375222514,
        "gndvi_mean": -340.8889257247577,
        "ndre1_mean": -1712.7305859807238,
        "ndre_mean": 1928.2369742662536,
        "ndmi_mean": -51.08830571961178
    },
    "p_values": {
        "const": 0.5498806759552066,
        "gndvi_mean": 0.28951662263809796,
        "ndre1_mean": 0.0324643244059174,
        "ndre_mean": 0.017708252717331764,
        "ndmi_mean": 0.7490775591916958
    },
    "rsquared": 0.2794791964442692,
    "aic": 246.73295472491662,
    "fvalue": 2.5212523606852923,
    "f_pvalue": 0.0653564777661021,
    "mse_model": 364.7879672943949,
    "rmse_model": 19.099423218893154
}