{
    "coefs": {
        "const": 42.96687437394388,
        "gndvi_mean": 178.7894245263897,
        "cire_mean": 64.83580692485177,
        "ndre1_mean": -523.5008528852744,
        "msi_mean": 4.999524508988401
    },
    "p_values": {
        "const": 0.831677425774005,
        "gndvi_mean": 0.44695119860934096,
        "cire_mean": 0.1978384133015334,
        "ndre1_mean": 0.34478318880951075,
        "msi_mean": 0.9585802465331901
    },
    "rsquared": 0.19456443336785212,
    "aic": 250.18663120933445,
    "fvalue": 1.5701675829627575,
    "f_pvalue": 0.21188179869632984,
    "mse_model": 253.95365758537787,
    "rmse_model": 15.935923493333478
}