{
    "coefs": {
        "const": 122.03677088635169,
        "ndvi_mean": -737.1074402735026,
        "gndvi_mean": 419.0971056505364,
        "ndre_mean": 340.52596796374235,
        "ndmi_mean": 150.57627461041167
    },
    "p_values": {
        "const": 0.23595857968062872,
        "ndvi_mean": 0.03893285132245483,
        "gndvi_mean": 0.2599014376972518,
        "ndre_mean": 0.3191317560970073,
        "ndmi_mean": 0.4904479225530265
    },
    "rsquared": 0.2706728025582942,
    "aic": 247.10954808870247,
    "fvalue": 2.412323608389136,
    "f_pvalue": 0.07464647283713362,
    "mse_model": 353.29349269403144,
    "rmse_model": 18.79610312522336
}