{
    "coefs": {
        "const": 47.76127453486949,
        "ndvi_mean": -601.7145705140068,
        "gndvi_mean": 442.3446676447663,
        "cire_mean": 0.2136022874459158,
        "ndre1_mean": 415.34389082440373
    },
    "p_values": {
        "const": 0.5404070326915899,
        "ndvi_mean": 0.3260496116041648,
        "gndvi_mean": 0.2150122948686793,
        "cire_mean": 0.9977704275058044,
        "ndre1_mean": 0.6843281948851907
    },
    "rsquared": 0.22437118193030592,
    "aic": 249.01764820622338,
    "fvalue": 1.880297184130596,
    "f_pvalue": 0.1440241714531674,
    "mse_model": 292.85867576951614,
    "rmse_model": 17.113114145868256
}