{
    "coefs": {
        "const": 125.61671167013992,
        "ndvi_mean": -694.2373341009019,
        "gndvi_mean": 561.521650071526,
        "cire_mean": 15.805439836356474,
        "ndmi_mean": 217.11761726964338
    },
    "p_values": {
        "const": 0.23553336491790902,
        "ndvi_mean": 0.06379793625549578,
        "gndvi_mean": 0.1013072087132401,
        "cire_mean": 0.5616003535734571,
        "ndmi_mean": 0.29875795579435466
    },
    "rsquared": 0.2516853101828487,
    "aic": 247.90628330436118,
    "fvalue": 2.186185221872709,
    "f_pvalue": 0.09856381745187984,
    "mse_model": 328.51022139591976,
    "rmse_model": 18.124850934446876
}