{
    "coefs": {
        "const": -278.0121903170191,
        "cire_mean": -15.151012962832496,
        "ndre_mean": 340.9030966996338,
        "ndmi_mean": 267.45806910295266,
        "msi_mean": 237.80524380502732
    },
    "p_values": {
        "const": 0.31903496497396944,
        "cire_mean": 0.803072254206344,
        "ndre_mean": 0.49118856692614343,
        "ndmi_mean": 0.5274210400702368,
        "msi_mean": 0.2892517012579422
    },
    "rsquared": 0.18090067946799904,
    "aic": 250.70811752887897,
    "fvalue": 1.4355455889992461,
    "f_pvalue": 0.2504042165419083,
    "mse_model": 236.11915299915836,
    "rmse_model": 15.366169106161703
}