{
    "coefs": {
        "const": -180.8054423746364,
        "ndvi_mean": -78.46186591187325,
        "ndre1_mean": 189.65253481508694,
        "ndmi_mean": 355.81983446571894,
        "msi_mean": 223.79057016780507
    },
    "p_values": {
        "const": 0.6478033407548934,
        "ndvi_mean": 0.8767087665332871,
        "ndre1_mean": 0.7478651518648113,
        "ndmi_mean": 0.4978662884767905,
        "msi_mean": 0.44668770715560935
    },
    "rsquared": 0.14516477607846456,
    "aic": 252.03192239607944,
    "fvalue": 1.1038045907624288,
    "f_pvalue": 0.37578503180821576,
    "mse_model": 189.4751532927378,
    "rmse_model": 13.764997395304432
}