{
    "coefs": {
        "const": 109.12913952787733,
        "ndvi_mean": -24.744747328812664,
        "cire_mean": 69.35244547517179,
        "ndre1_mean": -398.61177442613973,
        "msi_mean": -1.4790451040441184
    },
    "p_values": {
        "const": 0.6356576318746212,
        "ndvi_mean": 0.955511589259112,
        "cire_mean": 0.23629739369044217,
        "ndre1_mean": 0.632892164124898,
        "msi_mean": 0.98884155430353
    },
    "rsquared": 0.17619220808770208,
    "aic": 250.88580622632514,
    "fvalue": 1.3901899979746561,
    "f_pvalue": 0.2648490162343418,
    "mse_model": 229.97345870156914,
    "rmse_model": 15.164875822161195
}