{
    "coefs": {
        "const": -494.87003822966204,
        "gndvi_mean": 509.00183201423624,
        "ndre1_mean": -549.0640674949661,
        "ndmi_mean": 871.2108081301435,
        "msi_mean": 439.6013403355337
    },
    "p_values": {
        "const": 0.025262090970086123,
        "gndvi_mean": 0.06251950157566352,
        "ndre1_mean": 0.19938853513847787,
        "ndmi_mean": 0.05829890042967791,
        "msi_mean": 0.03000634449768097
    },
    "rsquared": 0.25315357870994915,
    "aic": 247.84539844234433,
    "fvalue": 2.2032618952265306,
    "f_pvalue": 0.09650840066289706,
    "mse_model": 330.4266670500424,
    "rmse_model": 18.177641955161356
}