{
    "coefs": {
        "const": -6.733406405567621,
        "cire_mean": 24.19950234020945,
        "ndre1_mean": -1301.4238422781812,
        "ndre_mean": 1126.745489684881,
        "msi_mean": 19.709431947946825
    },
    "p_values": {
        "const": 0.971616275196568,
        "cire_mean": 0.654251237223846,
        "ndre1_mean": 0.07776106297110137,
        "ndre_mean": 0.09075405531582498,
        "msi_mean": 0.8314157274152731
    },
    "rsquared": 0.2635013996260994,
    "aic": 247.41287917345647,
    "fvalue": 2.325542908975148,
    "f_pvalue": 0.08302314230645208,
    "mse_model": 343.93307685067884,
    "rmse_model": 18.545432776041622
}