{
    "coefs": {
        "const": 128.20625484836177,
        "ndvi_mean": -34.58995365472782,
        "cire_mean": 73.0081721337842,
        "ndre1_mean": -476.9797518892252,
        "ndmi_mean": 46.672286467855095
    },
    "p_values": {
        "const": 0.24809643403948975,
        "ndvi_mean": 0.9327903887867091,
        "cire_mean": 0.20814884853981103,
        "ndre1_mean": 0.5869467524807435,
        "ndmi_mean": 0.8028740354681156
    },
    "rsquared": 0.17819620763461497,
    "aic": 250.81030357763478,
    "fvalue": 1.4094305239102773,
    "f_pvalue": 0.25862617360929296,
    "mse_model": 232.5891629488906,
    "rmse_model": 15.250874169990736
}