{
    "coefs": {
        "const": -519.3783224698294,
        "gndvi_mean": 532.2318238441906,
        "ndre_mean": -404.402365457002,
        "ndmi_mean": 797.1513778595945,
        "msi_mean": 441.5926265699362
    },
    "p_values": {
        "const": 0.10529952204546414,
        "gndvi_mean": 0.26947005817806235,
        "ndre_mean": 0.5030109298956419,
        "ndmi_mean": 0.21652476239940513,
        "msi_mean": 0.11681608001289087
    },
    "rsquared": 0.21723290121248007,
    "aic": 249.30164311085997,
    "fvalue": 1.8038748180247774,
    "f_pvalue": 0.15839605177258043,
    "mse_model": 283.541492429354,
    "rmse_model": 16.83869034186905
}