{
    "coefs": {
        "const": 47.18666088979687,
        "cire_mean": 35.201799916158926,
        "ndre1_mean": -1453.6195488066555,
        "ndre_mean": 1106.2675842191618,
        "ndmi_mean": 34.44217604022273
    },
    "p_values": {
        "const": 0.6327053685076132,
        "cire_mean": 0.4560920753513842,
        "ndre1_mean": 0.05039888205167561,
        "ndre_mean": 0.09450771405468268,
        "ndmi_mean": 0.8446790444311713
    },
    "rsquared": 0.26330099703002374,
    "aic": 247.42131318190525,
    "fvalue": 2.3231421161091266,
    "f_pvalue": 0.08326825435545149,
    "mse_model": 343.6715029783011,
    "rmse_model": 18.538379189624454
}