{
    "coefs": {
        "const": 125.61225374748142,
        "ndvi_mean": -828.3299933198623,
        "gndvi_mean": 601.801253593483,
        "ndre1_mean": 247.92562891647674,
        "ndmi_mean": 210.84181395994733
    },
    "p_values": {
        "const": 0.2317810004644773,
        "ndvi_mean": 0.02836494034388001,
        "gndvi_mean": 0.04234693799453121,
        "ndre1_mean": 0.4867052096240104,
        "ndmi_mean": 0.3029197572865628
    },
    "rsquared": 0.2559816135070194,
    "aic": 247.7277899463843,
    "fvalue": 2.236343238288136,
    "f_pvalue": 0.09265117946776158,
    "mse_model": 334.11793666218614,
    "rmse_model": 18.27889320123585
}