{
    "coefs": {
        "const": 118.19627724807194,
        "ndvi_mean": -386.16918150461873,
        "ndre1_mean": -1017.557440608785,
        "ndre_mean": 1332.6048373702251,
        "msi_mean": -26.346773257343727
    },
    "p_values": {
        "const": 0.5727675800557779,
        "ndvi_mean": 0.28075489312564283,
        "ndre1_mean": 0.15869088341272994,
        "ndre_mean": 0.022274130667988872,
        "msi_mean": 0.786287217308255
    },
    "rsquared": 0.29078475720356134,
    "aic": 246.24268284648025,
    "fvalue": 2.6650596430647386,
    "f_pvalue": 0.054898569648279216,
    "mse_model": 379.54445930158386,
    "rmse_model": 19.481900813359662
}