{
    "coefs": {
        "const": 163.38049403683308,
        "ndvi_mean": -541.2524040793642,
        "gndvi_mean": 422.14675868245877,
        "cire_mean": 30.68052515999361,
        "msi_mean": -59.131638825091414
    },
    "p_values": {
        "const": 0.47265510856556714,
        "ndvi_mean": 0.16051260530047473,
        "gndvi_mean": 0.17030591435744816,
        "cire_mean": 0.21006366546174995,
        "msi_mean": 0.5965975111755677
    },
    "rsquared": 0.22785635241994406,
    "aic": 248.87804051817352,
    "fvalue": 1.9181227422790899,
    "f_pvalue": 0.13740557094700673,
    "mse_model": 297.4076664449027,
    "rmse_model": 17.24551148690298
}