{
    "coefs": {
        "const": -2.902106747300394,
        "gndvi_mean": 27.325906405078854,
        "cire_mean": 25.33195885280179,
        "ndre_mean": 85.8783019037287,
        "ndmi_mean": -142.71548176025402
    },
    "p_values": {
        "const": 0.9775686062318041,
        "gndvi_mean": 0.941611101389828,
        "cire_mean": 0.6677059247124659,
        "ndre_mean": 0.9120291601861907,
        "ndmi_mean": 0.4756140296761532
    },
    "rsquared": 0.14420868409931642,
    "aic": 252.06657502627058,
    "fvalue": 1.0953096032051104,
    "f_pvalue": 0.3796442742429044,
    "mse_model": 188.2272219473739,
    "rmse_model": 13.719592630518367
}