{
    "coefs": {
        "const": 205.58683979837474,
        "ndvi_mean": -588.534432663525,
        "ndre_mean": 699.1055698109303,
        "ndmi_mean": -122.43377726804897,
        "msi_mean": -70.49356912433007
    },
    "p_values": {
        "const": 0.5612999670194974,
        "ndvi_mean": 0.1767804369530622,
        "ndre_mean": 0.08560586892823244,
        "ndmi_mean": 0.7847483282761503,
        "msi_mean": 0.7904918921219559
    },
    "rsquared": 0.23558008783025142,
    "aic": 248.56638687672262,
    "fvalue": 2.003179857717517,
    "f_pvalue": 0.12362709370331722,
    "mse_model": 307.4890098010176,
    "rmse_model": 17.53536454713781
}