{
    "coefs": {
        "const": 70.91601375772757,
        "gndvi_mean": -274.05676993202997,
        "cire_mean": 16.99031020492631,
        "ndre1_mean": -1723.6633980748702,
        "ndre_mean": 1711.7723601913412
    },
    "p_values": {
        "const": 0.3513440702785515,
        "gndvi_mean": 0.423340117419143,
        "cire_mean": 0.7096909101064832,
        "ndre1_mean": 0.026319641026021797,
        "ndre_mean": 0.08963152559070316
    },
    "rsquared": 0.28050331818642593,
    "aic": 246.68886112232923,
    "fvalue": 2.534093087984788,
    "f_pvalue": 0.0643434455506098,
    "mse_model": 366.1246939392986,
    "rmse_model": 19.134385120491817
}