{
    "coefs": {
        "const": -504.856910718358,
        "gndvi_mean": 356.9332694579098,
        "cire_mean": -23.50397728938586,
        "ndmi_mean": 646.8373684826024,
        "msi_mean": 406.2291481168677
    },
    "p_values": {
        "const": 0.16093265080111457,
        "gndvi_mean": 0.22876898247422187,
        "cire_mean": 0.6061182500434414,
        "ndmi_mean": 0.2304540747347345,
        "msi_mean": 0.14685655958398244
    },
    "rsquared": 0.21160544296892903,
    "aic": 249.52371058673572,
    "fvalue": 1.7446028350038847,
    "f_pvalue": 0.17052934549115298,
    "mse_model": 276.1962979396867,
    "rmse_model": 16.619154549485565
}