{
    "coefs": {
        "const": 170.57575497525787,
        "ndvi_mean": -803.3440153934814,
        "gndvi_mean": 521.4172476552169,
        "ndre1_mean": 436.5051090057855,
        "msi_mean": -63.98263478160524
    },
    "p_values": {
        "const": 0.4521091214511602,
        "ndvi_mean": 0.08591616364141813,
        "gndvi_mean": 0.07060162658281485,
        "ndre1_mean": 0.18153183804281975,
        "msi_mean": 0.5663190500861524
    },
    "rsquared": 0.2343081078281124,
    "aic": 248.61792740995367,
    "fvalue": 1.989054235069315,
    "f_pvalue": 0.12581403408375655,
    "mse_model": 305.8287681611289,
    "rmse_model": 17.487960663300022
}