{
    "coefs": {
        "const": 95.19086649992515,
        "ndvi_mean": -366.68868244466455,
        "ndre1_mean": -1077.6624310068269,
        "ndre_mean": 1335.5676828608973,
        "ndmi_mean": 67.11121209483599
    },
    "p_values": {
        "const": 0.34938972987182715,
        "ndvi_mean": 0.2049681357327232,
        "ndre1_mean": 0.15081849258996777,
        "ndre_mean": 0.01984780247405446,
        "ndmi_mean": 0.6939773277313204
    },
    "rsquared": 0.29304181327552303,
    "aic": 246.14386896392176,
    "fvalue": 2.6943202894589966,
    "f_pvalue": 0.052993466404805296,
    "mse_model": 382.4904635374468,
    "rmse_model": 19.55736340965844
}