{
    "coefs": {
        "const": 55.403883350122896,
        "ndvi_mean": -122.74316560413607,
        "cire_mean": 62.888060259191995,
        "msi_mean": -7.587710210406627
    },
    "p_values": {
        "const": 0.7687231176671226,
        "ndvi_mean": 0.6452068950818314,
        "cire_mean": 0.0875107873860225,
        "msi_mean": 0.9341893502498785
    },
    "rsquared": 0.6972259125531222,
    "aic": 91.62590083521637,
    "fvalue": 6.140780130227856,
    "f_pvalue": 0.01799380042512414,
    "mse_model": 573.274639210345,
    "rmse_model": 23.943154328750108
}