{
    "coefs": {
        "const": 11.803128632329987,
        "gndvi_mean": -129.8640800839862,
        "ndre_mean": 313.37285564636295,
        "ndmi_mean": 54.24460965370861
    },
    "p_values": {
        "const": 0.917471925943045,
        "gndvi_mean": 0.8291600340444792,
        "ndre_mean": 0.6392149353703582,
        "ndmi_mean": 0.8262655228588822
    },
    "rsquared": 0.6453364730016535,
    "aic": 93.52409188291263,
    "fvalue": 4.852196886165196,
    "f_pvalue": 0.0329277801766099,
    "mse_model": 530.6099889124707,
    "rmse_model": 23.03497316934558
}