{
    "coefs": {
        "const": 49.40710557889244,
        "ndvi_mean": 188.7787781161377,
        "cire_mean": 134.23985513122713,
        "ndre_mean": -723.2778253696474
    },
    "p_values": {
        "const": 0.4803526865510561,
        "ndvi_mean": 0.7356416950456778,
        "cire_mean": 0.3149051215893508,
        "ndre_mean": 0.571926115491625
    },
    "rsquared": 0.7095586922365178,
    "aic": 91.12687574435405,
    "fvalue": 6.514763782056691,
    "f_pvalue": 0.01533604925390151,
    "mse_model": 583.4149247278036,
    "rmse_model": 24.153983620260316
}