{
    "coefs": {
        "const": -325.2102424072706,
        "ndvi_mean": -171.3012397420748,
        "ndmi_mean": 1090.2852016596726,
        "msi_mean": 431.4410559276283
    },
    "p_values": {
        "const": 0.06583022455143757,
        "ndvi_mean": 0.3680178192143114,
        "ndmi_mean": 0.00836941243029115,
        "msi_mean": 0.016656597200301645
    },
    "rsquared": 0.8222822762521926,
    "aic": 85.232415176814,
    "fvalue": 12.338402104362803,
    "f_pvalue": 0.0022733274568136255,
    "mse_model": 676.0987604740252,
    "rmse_model": 26.001899170522627
}