{
    "coefs": {
        "const": 88.03683502763107,
        "ndvi_mean": -377.43909909298577,
        "ndre_mean": 459.9827562318484,
        "ndmi_mean": 161.12738806699844
    },
    "p_values": {
        "const": 0.44335669458841986,
        "ndvi_mean": 0.30044571069526915,
        "ndre_mean": 0.21440415338568816,
        "ndmi_mean": 0.4654687347361347
    },
    "rsquared": 0.6905404562463378,
    "aic": 91.88798596271877,
    "fvalue": 5.950507114179471,
    "f_pvalue": 0.019566465756707733,
    "mse_model": 567.7777084692111,
    "rmse_model": 23.828086546536024
}