{
    "coefs": {
        "const": 44.139258043074534,
        "cire_mean": 91.38184610154144,
        "ndre1_mean": -279.45019470780244,
        "ndre_mean": -45.332966468595714
    },
    "p_values": {
        "const": 0.5470488231479984,
        "cire_mean": 0.25356698040845865,
        "ndre1_mean": 0.7290769705683864,
        "ndre_mean": 0.9604660089706625
    },
    "rsquared": 0.7097891103319147,
    "aic": 91.11735191131896,
    "fvalue": 6.522053541994481,
    "f_pvalue": 0.015289290291686589,
    "mse_model": 583.604379606241,
    "rmse_model": 24.157905116260412
}