{
    "coefs": {
        "const": -437.9505348710673,
        "ndre1_mean": -595.4249578764961,
        "ndmi_mean": 1646.222260232612,
        "msi_mean": 597.2669920796541
    },
    "p_values": {
        "const": 0.008791704049728477,
        "ndre1_mean": 0.06887783202687671,
        "ndmi_mean": 0.0038935382561014614,
        "msi_mean": 0.004211091323393104
    },
    "rsquared": 0.8724265778249842,
    "aic": 81.25436224657025,
    "fvalue": 18.236328809995484,
    "f_pvalue": 0.0006176415272338878,
    "mse_model": 717.3285195449871,
    "rmse_model": 26.782989369093716
}