{
    "coefs": {
        "const": 70.05321760253193,
        "cire_mean": 101.17422086838994,
        "ndre_mean": -356.3177952671489,
        "msi_mean": -9.604852804645358
    },
    "p_values": {
        "const": 0.6716824099041201,
        "cire_mean": 0.21920909058898774,
        "ndre_mean": 0.5148094728189045,
        "msi_mean": 0.907190298433244
    },
    "rsquared": 0.7056534265732144,
    "aic": 91.28715226900944,
    "fvalue": 6.392948451733752,
    "f_pvalue": 0.016144451038175512,
    "mse_model": 580.203928515754,
    "rmse_model": 24.087422620856596
}