{
    "coefs": {
        "const": -9.31836001031013,
        "gndvi_mean": 262.9687877690262,
        "ndre1_mean": -256.0045796245122,
        "ndmi_mean": 239.1212607654179
    },
    "p_values": {
        "const": 0.9278149485146094,
        "gndvi_mean": 0.544304869057628,
        "ndre1_mean": 0.7184833748283408,
        "ndmi_mean": 0.4512002532351058
    },
    "rsquared": 0.6410740292392731,
    "aic": 93.66745142968846,
    "fvalue": 4.762906236667106,
    "f_pvalue": 0.03445626238938558,
    "mse_model": 527.1053129300691,
    "rmse_model": 22.95877420356037
}