{
    "coefs": {
        "const": 44.17705840711022,
        "gndvi_mean": -11.032471280201662,
        "cire_mean": 89.12147971988938,
        "ndre1_mean": -306.5407161751475
    },
    "p_values": {
        "const": 0.6570183588909115,
        "gndvi_mean": 0.9748671492769028,
        "cire_mean": 0.14103128347788899,
        "ndre1_mean": 0.5139498084974575
    },
    "rsquared": 0.709732559802378,
    "aic": 91.11969000499678,
    "fvalue": 6.520263375680238,
    "f_pvalue": 0.015300756539344164,
    "mse_model": 583.5578825041775,
    "rmse_model": 24.156942739183233
}