{
    "coefs": {
        "const": 37.54161858918059,
        "ndvi_mean": -373.5369744425011,
        "gndvi_mean": 603.6485540205715,
        "msi_mean": -78.55291298385595
    },
    "p_values": {
        "const": 0.8616752008867872,
        "ndvi_mean": 0.5143331840075753,
        "gndvi_mean": 0.26387412301301366,
        "msi_mean": 0.5193175332691102
    },
    "rsquared": 0.6220883848689216,
    "aic": 94.28598168845208,
    "fvalue": 4.389656981236388,
    "f_pvalue": 0.04188689734388062,
    "mse_model": 511.4948942255578,
    "rmse_model": 22.61625287764438
}