{
    "coefs": {
        "const": 50.72258103985985,
        "ndvi_mean": -319.2013156025414,
        "ndre_mean": 553.8676066847016,
        "msi_mean": -16.145448372767703
    },
    "p_values": {
        "const": 0.7981398191039406,
        "ndvi_mean": 0.42831265278934805,
        "ndre_mean": 0.1337458907194227,
        "msi_mean": 0.866921339369842
    },
    "rsquared": 0.669060214835055,
    "aic": 92.69329482872803,
    "fvalue": 5.391193966008737,
    "f_pvalue": 0.02529471443443845,
    "mse_model": 550.1161766421563,
    "rmse_model": 23.454555562665355
}