{
    "coefs": {
        "const": -486.3435931438476,
        "ndre_mean": -376.5461769507224,
        "ndmi_mean": 1564.0850908952807,
        "msi_mean": 614.3579430363977
    },
    "p_values": {
        "const": 0.012002347661104869,
        "ndre_mean": 0.14014209855927026,
        "ndmi_mean": 0.009665167508325008,
        "msi_mean": 0.010000195347226426
    },
    "rsquared": 0.8517572814208794,
    "aic": 83.056268588134,
    "fvalue": 15.32185035613336,
    "f_pvalue": 0.0011156850905155026,
    "mse_model": 700.3337647238342,
    "rmse_model": 26.463819919350914
}