{
    "coefs": {
        "const": 19.05119665962077,
        "ndvi_mean": 183.96284730231196,
        "cire_mean": 105.37087163233787,
        "ndre1_mean": -646.428923581544
    },
    "p_values": {
        "const": 0.7957067869262511,
        "ndvi_mean": 0.6898432304800098,
        "cire_mean": 0.15044985766699565,
        "ndre1_mean": 0.48737748753794785
    },
    "rsquared": 0.7157796453543744,
    "aic": 90.86705554534285,
    "fvalue": 6.715724928726093,
    "f_pvalue": 0.014109603157824559,
    "mse_model": 588.529930624708,
    "rmse_model": 24.25963583042227
}