{
    "coefs": {
        "const": 24.253648857549138,
        "ndvi_mean": -277.9515873838535,
        "gndvi_mean": -30.145289345977517,
        "ndre_mean": 566.548093839466
    },
    "p_values": {
        "const": 0.8267346758119929,
        "ndvi_mean": 0.46092733284347387,
        "gndvi_mean": 0.9567704579992627,
        "ndre_mean": 0.23857259479544463
    },
    "rsquared": 0.6679514493669716,
    "aic": 92.73343187881706,
    "fvalue": 5.364287425988894,
    "f_pvalue": 0.02561978784267761,
    "mse_model": 549.2045250350656,
    "rmse_model": 23.435113079203727
}