{
    "coefs": {
        "const": 55.209669874651794,
        "gndvi_mean": -139.70110040021268,
        "cire_mean": 58.54984952789147,
        "ndmi_mean": 30.157012967316007
    },
    "p_values": {
        "const": 0.6183917202276403,
        "gndvi_mean": 0.6549258784253797,
        "cire_mean": 0.2487130596827956,
        "ndmi_mean": 0.8640458490336929
    },
    "rsquared": 0.6940070277392152,
    "aic": 91.7528031606078,
    "fvalue": 6.048130431333285,
    "f_pvalue": 0.018739087819105448,
    "mse_model": 570.6280005855771,
    "rmse_model": 23.887821177026108
}