{
    "coefs": {
        "const": 141.00500518720304,
        "cire_mean": 104.92173572533247,
        "ndre1_mean": -799.9357368346714,
        "ndmi_mean": 276.37806216649074
    },
    "p_values": {
        "const": 0.1688832767487001,
        "cire_mean": 0.07274945133840906,
        "ndre1_mean": 0.1740458879135973,
        "ndmi_mean": 0.2633406752956313
    },
    "rsquared": 0.754170452117439,
    "aic": 89.12571834976217,
    "fvalue": 8.180957996990944,
    "f_pvalue": 0.008052917291626292,
    "mse_model": 620.095705074339,
    "rmse_model": 24.90172092595889
}