{
    "coefs": {
        "const": 8.22442860120006,
        "ndvi_mean": -235.60089509571856,
        "ndre1_mean": -243.61881997946693,
        "ndre_mean": 705.5112953875969
    },
    "p_values": {
        "const": 0.9180176216481104,
        "ndvi_mean": 0.5529493809084659,
        "ndre1_mean": 0.7989433738320895,
        "ndre_mean": 0.3276589352857125
    },
    "rsquared": 0.6706763833611546,
    "aic": 92.63454839209761,
    "fvalue": 5.430738232147748,
    "f_pvalue": 0.024826218791595,
    "mse_model": 551.4450263191717,
    "rmse_model": 23.48286665463081
}