{
    "coefs": {
        "const": -15.182639564364365,
        "ndvi_mean": -421.80293402650966,
        "gndvi_mean": 314.69955251618194,
        "ndre1_mean": 509.63821007610454
    },
    "p_values": {
        "const": 0.8732937880496593,
        "ndvi_mean": 0.3855579323467718,
        "gndvi_mean": 0.4813760911878886,
        "ndre1_mean": 0.3201436399424438
    },
    "rsquared": 0.6498045427614925,
    "aic": 93.37195491229932,
    "fvalue": 4.948128475722861,
    "f_pvalue": 0.03137841685665305,
    "mse_model": 534.2837351594494,
    "rmse_model": 23.114578411890825
}