{
    "coefs": {
        "const": -645.8028547261797,
        "cire_mean": -66.6677943286652,
        "ndmi_mean": 1756.8486647907957,
        "msi_mean": 718.6016048881947
    },
    "p_values": {
        "const": 0.02211972772906899,
        "cire_mean": 0.17170602228721663,
        "ndmi_mean": 0.02141837997957735,
        "msi_mean": 0.020601643940562412
    },
    "rsquared": 0.8455667552953707,
    "aic": 83.54720069625779,
    "fvalue": 14.600772554512444,
    "f_pvalue": 0.001310339627295515,
    "mse_model": 695.2437765761938,
    "rmse_model": 26.36747573386944
}