{
    "coefs": {
        "const": 139.80546416916286,
        "cire_mean": 106.13780432891288,
        "ndre1_mean": -556.2515107174611,
        "msi_mean": -54.56650009254781
    },
    "p_values": {
        "const": 0.4844892334951263,
        "cire_mean": 0.12386683223469552,
        "ndre1_mean": 0.37437804798569607,
        "msi_mean": 0.6096898187952764
    },
    "rsquared": 0.7195859038953358,
    "aic": 90.70526664169839,
    "fvalue": 6.843078755230158,
    "f_pvalue": 0.013395348668436335,
    "mse_model": 591.6595209806095,
    "rmse_model": 24.324052314131574
}