{
    "coefs": {
        "const": 67.22698398588406,
        "ndvi_mean": -244.50329130717705,
        "ndre1_mean": 395.4375432347447,
        "ndmi_mean": 150.38931461359698
    },
    "p_values": {
        "const": 0.5790331206319985,
        "ndvi_mean": 0.5556703533849214,
        "ndre1_mean": 0.5245908530000006,
        "ndmi_mean": 0.5901038487471815
    },
    "rsquared": 0.6401008601965668,
    "aic": 93.69994343775997,
    "fvalue": 4.742816635024815,
    "f_pvalue": 0.034812236461457306,
    "mse_model": 526.3051517171772,
    "rmse_model": 22.941341541356667
}