{
    "coefs": {
        "const": 42.516319890262054,
        "ndvi_mean": -103.46632619045545,
        "gndvi_mean": -10.011614594972116,
        "cire_mean": 63.34600479927093
    },
    "p_values": {
        "const": 0.6791650390342051,
        "ndvi_mean": 0.7489465052651999,
        "gndvi_mean": 0.9835899125524104,
        "cire_mean": 0.14942809915465083
    },
    "rsquared": 0.6969681817947806,
    "aic": 91.63611126485343,
    "fvalue": 6.133289332873765,
    "f_pvalue": 0.018052669068911193,
    "mse_model": 573.0627272534863,
    "rmse_model": 23.9387286056191
}