{
    "coefs": {
        "const": 17.62261788079354,
        "ndre1_mean": -801.710269246998,
        "ndre_mean": 877.8056455868227,
        "msi_mean": -36.59578143312058
    },
    "p_values": {
        "const": 0.9262601233182088,
        "ndre1_mean": 0.5293035500852764,
        "ndre_mean": 0.3461593980253148,
        "msi_mean": 0.7723654484442
    },
    "rsquared": 0.6587093782674778,
    "aic": 93.06287006746501,
    "fvalue": 5.1468110466371515,
    "f_pvalue": 0.028447704874579993,
    "mse_model": 541.605488797704,
    "rmse_model": 23.272419057710866
}