{
    "coefs": {
        "const": 64.52974205928763,
        "gndvi_mean": -513.7067085618655,
        "ndre1_mean": -974.5444109932178,
        "ndre_mean": 1501.5110261305633
    },
    "p_values": {
        "const": 0.5918126661893286,
        "gndvi_mean": 0.39431039471610374,
        "ndre1_mean": 0.3223670661568791,
        "ndre_mean": 0.20740036956555297
    },
    "rsquared": 0.6866305236722839,
    "aic": 92.03865269706888,
    "fvalue": 5.842990042456834,
    "f_pvalue": 0.020531046102884462,
    "mse_model": 564.5628750194336,
    "rmse_model": 23.760531875768976
}