{
    "coefs": {
        "const": 25.220167522335146,
        "gndvi_mean": -119.12643463790187,
        "cire_mean": 65.460925956614,
        "msi_mean": 14.448643443015087
    },
    "p_values": {
        "const": 0.8680378176557815,
        "gndvi_mean": 0.7049019590549332,
        "cire_mean": 0.15465260029935377,
        "msi_mean": 0.8409902536056596
    },
    "rsquared": 0.6944517481172509,
    "aic": 91.73535005927472,
    "fvalue": 6.060814672974483,
    "f_pvalue": 0.01863481130423089,
    "mse_model": 570.993659563073,
    "rmse_model": 23.895473620815157
}