{
    "coefs": {
        "const": 29.763484521054977,
        "gndvi_mean": 164.40465976689143,
        "cire_mean": 110.95895680340234,
        "ndre_mean": -530.1124281727091
    },
    "p_values": {
        "const": 0.7730062556455777,
        "gndvi_mean": 0.7668858322562365,
        "cire_mean": 0.21681589953342748,
        "ndre_mean": 0.5294795335023206
    },
    "rsquared": 0.7085481367588662,
    "aic": 91.16855582766667,
    "fvalue": 6.482928868635812,
    "f_pvalue": 0.015542350113947336,
    "mse_model": 582.58402355729,
    "rmse_model": 24.13677740621747
}