{
    "coefs": {
        "const": -376.1611150321107,
        "gndvi_mean": -145.49906087472067,
        "ndmi_mean": 1098.9318183318362,
        "msi_mean": 464.9743436418015
    },
    "p_values": {
        "const": 0.03470481399173235,
        "gndvi_mean": 0.46266733353538847,
        "ndmi_mean": 0.015577276113191024,
        "msi_mean": 0.023086540250270557
    },
    "rsquared": 0.8157666271022945,
    "aic": 85.66449695703051,
    "fvalue": 11.807728632752397,
    "f_pvalue": 0.002617480238000515,
    "mse_model": 670.7414489507756,
    "rmse_model": 25.898676586860102
}