{
    "coefs": {
        "const": 71.32582708999485,
        "ndre1_mean": -1564.2030156274595,
        "ndre_mean": 1176.9419708144733,
        "ndmi_mean": 364.6491159819145
    },
    "p_values": {
        "const": 0.41841827848334723,
        "ndre1_mean": 0.17987102045207456,
        "ndre_mean": 0.13706122819941996,
        "ndmi_mean": 0.21368282714334957
    },
    "rsquared": 0.7189932517780082,
    "aic": 90.73060174680357,
    "fvalue": 6.823022401440815,
    "f_pvalue": 0.013504791746265518,
    "mse_model": 591.1722292396958,
    "rmse_model": 24.31403358638167
}