{
    "coefs": {
        "const": -28.553018304820057,
        "ndvi_mean": -222.5701306064193,
        "ndre1_mean": 634.0894006962753,
        "msi_mean": 28.404064832450217
    },
    "p_values": {
        "const": 0.8855594279338923,
        "ndvi_mean": 0.6031475885896762,
        "ndre1_mean": 0.2370515209411709,
        "msi_mean": 0.7877572311370596
    },
    "rsquared": 0.6295275310637098,
    "aic": 94.04740714729125,
    "fvalue": 4.531349084202126,
    "f_pvalue": 0.0388514878138477,
    "mse_model": 517.6115255412725,
    "rmse_model": 22.751077458908895
}