{
    "coefs": {
        "const": -90.5226437645108,
        "gndvi_mean": 59.50363439908915,
        "ndre1_mean": 327.1578209737436,
        "msi_mean": 32.44354753318777
    },
    "p_values": {
        "const": 0.5902964849029395,
        "gndvi_mean": 0.8907822727154745,
        "ndre1_mean": 0.5696570533825127,
        "msi_mean": 0.7799675846063755
    },
    "rsquared": 0.6169287383049817,
    "aic": 94.44870994284238,
    "fvalue": 4.294614257585308,
    "f_pvalue": 0.0440890751031706,
    "mse_model": 507.2525181618739,
    "rmse_model": 22.522267163007236
}