{
    "coefs": {
        "const": 92.4044074123656,
        "cire_mean": 103.09792675070906,
        "ndre_mean": -474.28459508482575,
        "ndmi_mean": 110.66868467305937
    },
    "p_values": {
        "const": 0.3557250593835743,
        "cire_mean": 0.18583261293875675,
        "ndre_mean": 0.3734225886970829,
        "ndmi_mean": 0.5751997238854809
    },
    "rsquared": 0.7171849732532883,
    "aic": 90.80757435644848,
    "fvalue": 6.762346697092558,
    "f_pvalue": 0.013842743091146211,
    "mse_model": 589.6854224527038,
    "rmse_model": 24.283439263265485
}