{
    "coefs": {
        "const": -35.36343151187898,
        "gndvi_mean": -262.5040233953839,
        "ndre_mean": 545.9660673998096,
        "msi_mean": 36.503214781067996
    },
    "p_values": {
        "const": 0.8169923970527595,
        "gndvi_mean": 0.6375833460478924,
        "ndre_mean": 0.3129320826686173,
        "msi_mean": 0.6860816265015357
    },
    "rsquared": 0.6507290635961043,
    "aic": 93.34023285509446,
    "fvalue": 4.968284852983802,
    "f_pvalue": 0.03106448586751329,
    "mse_model": 535.0438967345746,
    "rmse_model": 23.131015903642766
}