{
    "coefs": {
        "const": 90.07796487820684,
        "ndvi_mean": -198.52866124946294,
        "cire_mean": 54.45477910126391,
        "ndmi_mean": 123.83591212771108
    },
    "p_values": {
        "const": 0.41870771324384737,
        "ndvi_mean": 0.4410565723367974,
        "cire_mean": 0.15514614722799397,
        "ndmi_mean": 0.5710294569270444
    },
    "rsquared": 0.7096163381761773,
    "aic": 91.12449378312854,
    "fvalue": 6.516586447224248,
    "f_pvalue": 0.01532434137740329,
    "mse_model": 583.4623225004125,
    "rmse_model": 24.15496475883193
}