{
    "coefs": {
        "const": 63.962167300986096,
        "ndvi_mean": -608.5253793801458,
        "gndvi_mean": 604.226191290488,
        "ndmi_mean": 340.11719194244154
    },
    "p_values": {
        "const": 0.5583711733834341,
        "ndvi_mean": 0.1965039257319847,
        "gndvi_mean": 0.16107523490561768,
        "ndmi_mean": 0.1258672395018647
    },
    "rsquared": 0.7074197926887936,
    "aic": 91.21492364330618,
    "fvalue": 6.447643187623085,
    "f_pvalue": 0.0157750709202297,
    "mse_model": 581.6562739885637,
    "rmse_model": 24.11755116069133
}