{
    "coefs": {
        "const": -105.45016167832642,
        "ndvi_max": 249.53455180285482,
        "gndvi_max": -34.22211480649253
    },
    "p_values": {
        "const": 0.03885656657950016,
        "ndvi_max": 0.29125591207672713,
        "gndvi_max": 0.9074516202255496
    },
    "rsquared": 0.7108843484623619,
    "aic": 89.07197897468072,
    "fvalue": 11.064705598147713,
    "f_pvalue": 0.003756835806686342,
    "mse_model": 876.7573631035798,
    "rmse_model": 29.610088873618395
}