{
    "coefs": {
        "const": 24.027786618300908,
        "cire_max": 26.11282742515243,
        "ndre_max": -49.89549059789496
    },
    "p_values": {
        "const": 0.8064826581990276,
        "cire_max": 0.5014365186677936,
        "ndre_max": 0.8879097080903706
    },
    "rsquared": 0.7407533907958913,
    "aic": 87.76341475123432,
    "fvalue": 12.857989806752238,
    "f_pvalue": 0.0022998996200824214,
    "mse_model": 913.595848648266,
    "rmse_model": 30.22574810733832
}