{
    "coefs": {
        "const": -37.04111351050358,
        "gndvi_max": -12.474319786701358,
        "ndre_max": 197.47912483470432
    },
    "p_values": {
        "const": 0.6308101924880076,
        "gndvi_max": 0.956513468885952,
        "ndre_max": 0.20672234638721615
    },
    "rsquared": 0.7267219358990227,
    "aic": 88.39593545758609,
    "fvalue": 11.966744284082864,
    "f_pvalue": 0.0029155565954834444,
    "mse_model": 896.2903876087946,
    "rmse_model": 29.93810928580485
}