{
    "coefs": {
        "const": -3.311921232022385,
        "ndvi_max": 25.15410138506556,
        "cire_max": 18.51182557879046
    },
    "p_values": {
        "const": 0.9762673958051638,
        "ndvi_max": 0.9021991723464646,
        "cire_max": 0.3328594507933774
    },
    "rsquared": 0.7406082290308207,
    "aic": 87.77013211459548,
    "fvalue": 12.84827586544635,
    "f_pvalue": 0.002305700396166052,
    "mse_model": 913.416815804679,
    "rmse_model": 30.222786367320253
}