{
    "coefs": {
        "const": -43.60758283728151,
        "ndvi_max": 8.241977671054372,
        "ndre_max": 182.80725388128042
    },
    "p_values": {
        "const": 0.6583918085809617,
        "ndvi_max": 0.9785510164772401,
        "ndre_max": 0.4834422841244077
    },
    "rsquared": 0.7266496925719236,
    "aic": 88.39910733806428,
    "fvalue": 11.962392313877437,
    "f_pvalue": 0.0029190265826645337,
    "mse_model": 896.2012875053725,
    "rmse_model": 29.93662117716982
}