{
    "coefs": {
        "const": -69.38989159569367,
        "ndre1_max": -1323.0973040804154,
        "ndre_max": 1376.320019975496
    },
    "p_values": {
        "const": 0.007890040709267103,
        "ndre1_max": 0.03859426280322581,
        "ndre_max": 0.02065431946174338
    },
    "rsquared": 0.834404405581124,
    "aic": 82.38464119211861,
    "fvalue": 22.674635990720855,
    "f_pvalue": 0.0003059986446989018,
    "mse_model": 1029.0987668833864,
    "rmse_model": 32.07956930638855
}