{
    "coefs": {
        "const": -118.17206471088319,
        "ndvi_max": 254.215897385708,
        "ndre1_max": -28.969348030882202
    },
    "p_values": {
        "const": 0.298556286273936,
        "ndvi_max": 0.4422860065275963,
        "ndre1_max": 0.9239964381764842
    },
    "rsquared": 0.7107344478319703,
    "aic": 89.07819912012616,
    "fvalue": 11.056639794378356,
    "f_pvalue": 0.003765609059178077,
    "mse_model": 876.5724856594301,
    "rmse_model": 29.60696684328589
}