{
    "coefs": {
        "const": -66.9662978859939,
        "gndvi_max": 97.99692507564208,
        "ndre1_max": 137.63237168498588
    },
    "p_values": {
        "const": 0.3978473689136889,
        "gndvi_max": 0.6569827235115341,
        "ndre1_max": 0.39745233901512467
    },
    "rsquared": 0.6970716662205172,
    "aic": 89.63201260220426,
    "fvalue": 10.354998685186654,
    "f_pvalue": 0.004634784355320321,
    "mse_model": 859.7217216719714,
    "rmse_model": 29.32101160724117
}