{
    "coefs": {
        "const": 66.89491690897705,
        "cire_max": 44.88749107322859,
        "ndre1_max": -250.5968036001583
    },
    "p_values": {
        "const": 0.3258328342651048,
        "cire_max": 0.13578531586957818,
        "ndre1_max": 0.3963473281949116
    },
    "rsquared": 0.7611920199458233,
    "aic": 86.77797511722909,
    "fvalue": 14.343591403348908,
    "f_pvalue": 0.0015893507758750493,
    "mse_model": 938.8034912665156,
    "rmse_model": 30.639900314239203
}