{
    "coefs": {
        "const": 5.630425954632969,
        "gndvi_max": 9.44710838525637,
        "cire_max": 20.105505915345873
    },
    "p_values": {
        "const": 0.9521378568472858,
        "gndvi_max": 0.9599604483154905,
        "cire_max": 0.15456798713806041
    },
    "rsquared": 0.7402247064085294,
    "aic": 87.78786156092919,
    "fvalue": 12.822663513477986,
    "f_pvalue": 0.002321081015648627,
    "mse_model": 912.9438045705197,
    "rmse_model": 30.214959946531778
}