{
    "coefs": {
        "const": 51.06637215861973,
        "gndvi_max": -181.888069209631,
        "cire_max": 20.24718731904145,
        "ndre1_max": -519.7143158290277,
        "ndre_max": 617.2034615159887
    },
    "p_values": {
        "const": 0.5962440874449156,
        "gndvi_max": 0.5497906173548595,
        "cire_max": 0.7199043389063784,
        "ndre1_max": 0.3735722115006126,
        "ndre_max": 0.5038672964928308
    },
    "rsquared": 0.6336407281589841,
    "aic": 164.73949810317572,
    "fvalue": 7.350634477307064,
    "f_pvalue": 0.0012544008671427048,
    "mse_model": 631.6606008834873,
    "rmse_model": 25.132858987458775
}