{
    "coefs": {
        "const": 23.487583807601624,
        "ndvi_max": -29.76523573645767,
        "cire_max": 30.272655576933076,
        "ndre1_max": -262.474349582639,
        "ndre_max": 230.9455548734013
    },
    "p_values": {
        "const": 0.785124973927827,
        "ndvi_max": 0.9308287999327792,
        "cire_max": 0.6682350642554449,
        "ndre1_max": 0.5802750461645838,
        "ndre_max": 0.7585263126111343
    },
    "rsquared": 0.6257869634181682,
    "aic": 165.2061353245826,
    "fvalue": 7.107167133514929,
    "f_pvalue": 0.0014865246631880654,
    "mse_model": 623.8313791574865,
    "rmse_model": 24.97661664752627
}