{
    "coefs": {
        "const": 54.12598299925693,
        "ndvi_max": 119.01655013748001,
        "gndvi_max": -84.95362521652567,
        "cire_max": 60.39122274759459,
        "ndre1_max": -334.8859879007897
    },
    "p_values": {
        "const": 0.5782674915489632,
        "ndvi_max": 0.7536089494466081,
        "gndvi_max": 0.756176180187684,
        "cire_max": 0.22487700306234387,
        "ndre1_max": 0.5666070355087535
    },
    "rsquared": 0.6258302360195903,
    "aic": 165.20359117944287,
    "fvalue": 7.108480585893936,
    "f_pvalue": 0.0014851506193497971,
    "mse_model": 623.874516532029,
    "rmse_model": 24.977480187801753
}