{
    "coefs": {
        "const": 39.46364093683795,
        "ndvi_max": -114.55797675311055,
        "gndvi_max": 4.542643905918567,
        "cire_max": 25.67140666543321,
        "ndre_max": 109.8935228572675
    },
    "p_values": {
        "const": 0.6843990189646488,
        "ndvi_max": 0.7121361253114518,
        "gndvi_max": 0.9838035554367848,
        "cire_max": 0.7183767558668537,
        "ndre_max": 0.8844972209616193
    },
    "rsquared": 0.6188001897770727,
    "aic": 165.61310061221533,
    "fvalue": 6.8990086983899115,
    "f_pvalue": 0.001723289784687224,
    "mse_model": 616.8664391840193,
    "rmse_model": 24.83679607324623
}