{
    "coefs": {
        "const": 33.53261782391142,
        "ndvi_max": -13.90650027678717,
        "gndvi_max": -218.37894746592679,
        "ndre1_max": -593.8439467125911,
        "ndre_max": 861.6983315754837
    },
    "p_values": {
        "const": 0.6971013586112176,
        "ndvi_max": 0.9640353396635624,
        "gndvi_max": 0.5233516362744535,
        "ndre1_max": 0.41688831890670175,
        "ndre_max": 0.19297442492143835
    },
    "rsquared": 0.630821385868183,
    "aic": 164.90815245897733,
    "fvalue": 7.262042781769906,
    "f_pvalue": 0.0013338376435531882,
    "mse_model": 628.8500690373451,
    "rmse_model": 25.076883160340024
}