{
    "coefs": {
        "const": 161.8168983100894,
        "ndvi_mean": 812.8353567286867,
        "cire_mean": 325.0801683919716,
        "ndre1_mean": -1616.6336523602172,
        "ndre_mean": -1385.8212991191253,
        "ndmi_mean": 241.75046882671558
    },
    "p_values": {
        "const": 0.15516691889158848,
        "ndvi_mean": 0.42552710160263274,
        "cire_mean": 0.12815813302095636,
        "ndre1_mean": 0.3096506663804095,
        "ndre_mean": 0.25565590245387604,
        "ndmi_mean": 0.17521985280809244
    },
    "rsquared": 0.9248154115085931,
    "aic": 63.62722942842082,
    "fvalue": 9.840478534925214,
    "f_pvalue": 0.022897776560279123,
    "mse_model": 251.54979193033734,
    "rmse_model": 15.860321306024582
}