{
    "coefs": {
        "const": 515.7817310125492,
        "gndvi_mean": 581.7129189332841,
        "cire_mean": 311.12860307308415,
        "ndre_mean": -2594.793143779114,
        "ndmi_mean": 68.58145466809538,
        "msi_mean": -232.878303279188
    },
    "p_values": {
        "const": 0.36507394634700285,
        "gndvi_mean": 0.26756231163564786,
        "cire_mean": 0.08878287258153728,
        "ndre_mean": 0.13991427596565767,
        "ndmi_mean": 0.9002030449155525,
        "msi_mean": 0.5528209986199552
    },
    "rsquared": 0.929402495655944,
    "aic": 62.99771467803323,
    "fvalue": 10.53184533126286,
    "f_pvalue": 0.02028622540654161,
    "mse_model": 252.79747881841678,
    "rmse_model": 15.899606247275962
}