{
    "coefs": {
        "const": 280.81836241578003,
        "gndvi_mean": -206.02226601548773,
        "cire_mean": 178.79607150704453,
        "ndre1_mean": -963.2986803593303,
        "ndmi_mean": 49.159585983011766,
        "msi_mean": -71.38081349207596
    },
    "p_values": {
        "const": 0.6335329100797025,
        "gndvi_mean": 0.5150153536723527,
        "cire_mean": 0.1615439262221185,
        "ndre1_mean": 0.2929850842504696,
        "ndmi_mean": 0.9406321050927574,
        "msi_mean": 0.8630731732237212
    },
    "rsquared": 0.9046575910545801,
    "aic": 66.00251389512073,
    "fvalue": 7.590809597206332,
    "f_pvalue": 0.0360464659132583,
    "mse_model": 246.0668647668458,
    "rmse_model": 15.686518567446564
}