{
    "coefs": {
        "const": 164.87656865272425,
        "ndvi_mean": 526.2017394876848,
        "gndvi_mean": 867.0078321474014,
        "cire_mean": 359.17561751546816,
        "ndre_mean": -3653.8440810723205,
        "ndmi_mean": 468.66485750389734
    },
    "p_values": {
        "const": 0.1300082018626952,
        "ndvi_mean": 0.4409726437932859,
        "gndvi_mean": 0.22080625502614049,
        "cire_mean": 0.09086481991712167,
        "ndre_mean": 0.17280904746039571,
        "ndmi_mean": 0.13825694049352863
    },
    "rsquared": 0.9340509611499158,
    "aic": 62.316589783020234,
    "fvalue": 11.330578609622584,
    "f_pvalue": 0.017788854160132303,
    "mse_model": 254.0618614327771,
    "rmse_model": 15.939318098111258
}