{
    "coefs": {
        "const": 174.35057026897508,
        "gndvi_mean": 1355.5404271105106,
        "cire_mean": 312.8568864873017,
        "ndre1_mean": 1423.2077765239235,
        "ndre_mean": -4585.501444520949,
        "ndmi_mean": 573.1664584573632
    },
    "p_values": {
        "const": 0.10982824007300963,
        "gndvi_mean": 0.3206545732271669,
        "cire_mean": 0.06750837941668296,
        "ndre1_mean": 0.4886051177213524,
        "ndre_mean": 0.26868094095649575,
        "ndmi_mean": 0.1812163905580013
    },
    "rsquared": 0.93189368091829,
    "aic": 62.63846673228427,
    "fvalue": 10.946340292450774,
    "f_pvalue": 0.01892901985401473,
    "mse_model": 253.47508120977486,
    "rmse_model": 15.92090076628125
}