{
    "coefs": {
        "const": 436.5290756705426,
        "ndvi_mean": 1087.936754818014,
        "cire_mean": 434.66709035868877,
        "ndre1_mean": -2114.4998516565433,
        "ndre_mean": -1992.2682349950292,
        "msi_mean": -197.86258752817292
    },
    "p_values": {
        "const": 0.0884982486940468,
        "ndvi_mean": 0.2801069574116211,
        "cire_mean": 0.07357720554320366,
        "ndre1_mean": 0.1966522764360197,
        "ndre_mean": 0.1283402725287445,
        "msi_mean": 0.11154141818590525
    },
    "rsquared": 0.9380639889132837,
    "aic": 61.68878446001318,
    "fvalue": 12.116556716575179,
    "f_pvalue": 0.01575551691682281,
    "mse_model": 255.15340498441319,
    "rmse_model": 15.973521996867603
}