{
    "coefs": {
        "const": 163.8072051842002,
        "ndvi_mean": 758.305934227747,
        "gndvi_mean": -427.22669698222535,
        "cire_mean": 271.64378788449255,
        "ndre1_mean": -2231.9335143826647,
        "ndmi_mean": 124.46682166892992
    },
    "p_values": {
        "const": 0.17339726284544094,
        "ndvi_mean": 0.5277439047131356,
        "gndvi_mean": 0.3657838684260352,
        "cire_mean": 0.17745249337429558,
        "ndre1_mean": 0.3385475529443763,
        "ndmi_mean": 0.5079455913914467
    },
    "rsquared": 0.9140972430430825,
    "aic": 64.95992596596732,
    "fvalue": 8.512855935476221,
    "f_pvalue": 0.029556244982306447,
    "mse_model": 248.63445010771844,
    "rmse_model": 15.768146692231095
}