{
    "coefs": {
        "const": 48.12474126409688,
        "ndvi_mean": -151.33421046292665,
        "cire_mean": 118.37887559584749,
        "ndre1_mean": -567.9050404797681,
        "ndmi_mean": 334.6647181746853,
        "msi_mean": 94.3250780221922
    },
    "p_values": {
        "const": 0.9211990567410969,
        "ndvi_mean": 0.8209490386803693,
        "cire_mean": 0.28995326077517874,
        "ndre1_mean": 0.6936606113223736,
        "ndmi_mean": 0.5273596617094327,
        "msi_mean": 0.7838277718969063
    },
    "rsquared": 0.8940730935693911,
    "aic": 67.05525967442729,
    "fvalue": 6.752377643767666,
    "f_pvalue": 0.04399459240305786,
    "mse_model": 243.1878814508744,
    "rmse_model": 15.594482404070819
}