{
    "coefs": {
        "const": 110.61785717229691,
        "ndvi_mean": -529.8775563901236,
        "gndvi_mean": -497.2865410960376,
        "ndre1_mean": -312.0198220548318,
        "ndre_mean": 1537.494413890624,
        "msi_mean": 26.38197436822543
    },
    "p_values": {
        "const": 0.7778171911350883,
        "ndvi_mean": 0.6593224018131516,
        "gndvi_mean": 0.7475597360679018,
        "ndre1_mean": 0.936273634598344,
        "ndre_mean": 0.6962148935856473,
        "msi_mean": 0.9153988093652454
    },
    "rsquared": 0.8525370814408972,
    "aic": 70.36353417737655,
    "fvalue": 4.625092679685178,
    "f_pvalue": 0.08150264136422454,
    "mse_model": 231.89008615192407,
    "rmse_model": 15.227937685449204
}