{
    "coefs": {
        "const": 289.55171001727854,
        "ndvi_mean": 853.3100605640811,
        "gndvi_mean": -501.6531980151094,
        "cire_mean": 308.77148469576775,
        "ndre1_mean": -2562.6030267543383,
        "msi_mean": -88.46685635269102
    },
    "p_values": {
        "const": 0.24497148982950187,
        "ndvi_mean": 0.4565630650628404,
        "gndvi_mean": 0.2498045723176789,
        "cire_mean": 0.1329681839052724,
        "ndre1_mean": 0.27529378152334183,
        "msi_mean": 0.43171758789878817
    },
    "rsquared": 0.9183463380434377,
    "aic": 64.45263341011412,
    "fvalue": 8.997478531037343,
    "f_pvalue": 0.02682460150975034,
    "mse_model": 249.79020394781506,
    "rmse_model": 15.8047525747104
}