{
    "coefs": {
        "const": -284.77345522204223,
        "gndvi_mean": -651.873435647226,
        "ndre1_mean": -1225.5203882311525,
        "ndre_mean": 1991.3329292894978,
        "ndmi_mean": 404.8003189768026,
        "msi_mean": 311.1626002095087
    },
    "p_values": {
        "const": 0.5878624034668852,
        "gndvi_mean": 0.581476280582678,
        "ndre1_mean": 0.5829867621129752,
        "ndre_mean": 0.5065335124873149,
        "ndmi_mean": 0.6324658966214741,
        "msi_mean": 0.4335966242686251
    },
    "rsquared": 0.8539628038965466,
    "aic": 70.26638030255656,
    "fvalue": 4.678056422236951,
    "f_pvalue": 0.08005974585801431,
    "mse_model": 232.2778826598607,
    "rmse_model": 15.240665427069144
}