{
    "coefs": {
        "const": -153.8887455285344,
        "ndvi_mean": -466.46757240110855,
        "gndvi_mean": -129.1109719339255,
        "ndre_mean": 788.8749757592918,
        "ndmi_mean": 443.70455710485226,
        "msi_mean": 235.3961191823255
    },
    "p_values": {
        "const": 0.7700718958497887,
        "ndvi_mean": 0.42052003614440825,
        "gndvi_mean": 0.7994561718668736,
        "ndre_mean": 0.34684588791667487,
        "ndmi_mean": 0.5335717064784808,
        "msi_mean": 0.5426986513459062
    },
    "rsquared": 0.8675959387209176,
    "aic": 69.28634990509032,
    "fvalue": 5.242110734909809,
    "f_pvalue": 0.0667991099691976,
    "mse_model": 235.9860953320896,
    "rmse_model": 15.36183893067785
}