{
    "coefs": {
        "const": 299.07561449213426,
        "ndvi_mean": -97.19334550744043,
        "cire_mean": 180.28653586462173,
        "ndre_mean": -887.416243419955,
        "ndmi_mean": -14.857850745214819,
        "msi_mean": -104.28722733435643
    },
    "p_values": {
        "const": 0.6235768759179151,
        "ndvi_mean": 0.8641449823443567,
        "cire_mean": 0.29518007333163593,
        "ndre_mean": 0.5299328407998004,
        "ndmi_mean": 0.9817920453322194,
        "msi_mean": 0.8126902037955299
    },
    "rsquared": 0.9009978576429185,
    "aic": 66.37918163034229,
    "fvalue": 7.280633216143504,
    "f_pvalue": 0.038715776709920845,
    "mse_model": 245.07141727887384,
    "rmse_model": 15.65475701756095
}