{
    "coefs": {
        "const": 164.3683261943341,
        "ndvi_mean": -1043.4584044440626,
        "gndvi_mean": 337.62804014995436,
        "ndre1_mean": 1476.69715253287,
        "ndre_mean": -430.34919578764493,
        "ndmi_mean": 191.59685773050933
    },
    "p_values": {
        "const": 0.2677030950749988,
        "ndvi_mean": 0.40700591884779325,
        "gndvi_mean": 0.8733982094567104,
        "ndre1_mean": 0.7544518020587174,
        "ndre_mean": 0.9335792413719939,
        "ndmi_mean": 0.7293407249134476
    },
    "rsquared": 0.8569907177917532,
    "aic": 70.0568621186375,
    "fvalue": 4.794042482047131,
    "f_pvalue": 0.07703005909387008,
    "mse_model": 233.10147523935683,
    "rmse_model": 15.267661092628328
}