{
    "coefs": {
        "const": 131.7081030960372,
        "ndvi_mean": 947.2432972674264,
        "gndvi_mean": -684.7484924382841,
        "cire_mean": 269.1581525049023,
        "ndre1_mean": -2570.91796368263,
        "ndre_mean": 472.7813413360618
    },
    "p_values": {
        "const": 0.2581759006602342,
        "ndvi_mean": 0.44491458444849047,
        "gndvi_mean": 0.3210761605663973,
        "cire_mean": 0.21251472190160733,
        "ndre1_mean": 0.34937829386179686,
        "ndre_mean": 0.8015857690293657
    },
    "rsquared": 0.9044939440474027,
    "aic": 66.0196633175562,
    "fvalue": 7.57643217511846,
    "f_pvalue": 0.03616402121030859,
    "mse_model": 246.02235278089353,
    "rmse_model": 15.6850997058002
}