{
    "coefs": {
        "const": 738.4841670016431,
        "gndvi_mean": 1413.7798271830661,
        "cire_mean": 434.6732311760227,
        "ndre1_mean": 1412.2509328531014,
        "ndre_mean": -5483.562819120401,
        "msi_mean": -414.9779572964594
    },
    "p_values": {
        "const": 0.08675463361181054,
        "gndvi_mean": 0.2598359343929901,
        "cire_mean": 0.06526620045982438,
        "ndre1_mean": 0.44564992584030916,
        "ndre_mean": 0.2001941626747004,
        "msi_mean": 0.1352583404500163
    },
    "rsquared": 0.939830427196241,
    "aic": 61.39943462549127,
    "fvalue": 12.495756687672898,
    "f_pvalue": 0.0148969564129175,
    "mse_model": 255.63387619737756,
    "rmse_model": 15.9885545374614
}