{
    "coefs": {
        "const": 719.1853728692668,
        "ndvi_mean": 809.8914064582455,
        "gndvi_mean": 1199.644960979802,
        "cire_mean": 558.8804791944955,
        "ndre_mean": -5648.787957352564,
        "msi_mean": -411.2528154842164
    },
    "p_values": {
        "const": 0.045351633666166895,
        "ndvi_mean": 0.2198317266451541,
        "gndvi_mean": 0.10028414280510924,
        "cire_mean": 0.04175801515119284,
        "ndre_mean": 0.07298624237997409,
        "msi_mean": 0.06283314231530426
    },
    "rsquared": 0.9535896428505172,
    "aic": 58.80299321915345,
    "fvalue": 16.43753164456988,
    "f_pvalue": 0.008989891495826656,
    "mse_model": 259.3763828553407,
    "rmse_model": 16.10516634050517
}