{
    "coefs": {
        "const": -143.02352231803343,
        "ndvi_mean": -649.7514034023607,
        "gndvi_mean": 185.77606084459853,
        "ndre1_mean": 737.9006826331097,
        "ndmi_mean": 505.779106704151,
        "msi_mean": 228.34538126240227
    },
    "p_values": {
        "const": 0.7809395313705629,
        "ndvi_mean": 0.3493528928142746,
        "gndvi_mean": 0.5198274167811372,
        "ndre1_mean": 0.3242167187649768,
        "ndmi_mean": 0.43078967517496436,
        "msi_mean": 0.5451476414974008
    },
    "rsquared": 0.8707928523347125,
    "aic": 69.04193585468275,
    "fvalue": 5.3916079292486865,
    "f_pvalue": 0.06383403290213772,
    "mse_model": 236.8556558350418,
    "rmse_model": 15.390115523771803
}