{
    "coefs": {
        "const": 81.01408379047507,
        "ndvi_mean": -348.8064774102877,
        "gndvi_mean": -31.0246147837737,
        "cire_mean": 84.78666980596395,
        "ndmi_mean": 232.49917377943802,
        "msi_mean": 64.49534967159912
    },
    "p_values": {
        "const": 0.8838487109195808,
        "ndvi_mean": 0.44466685280238105,
        "gndvi_mean": 0.9273604618086173,
        "cire_mean": 0.2158601109107408,
        "ndmi_mean": 0.7300173608876919,
        "msi_mean": 0.8720825648176525
    },
    "rsquared": 0.889581849395815,
    "aic": 67.47051201139402,
    "fvalue": 6.4451856476726626,
    "f_pvalue": 0.04757474850753714,
    "mse_model": 241.96626303566168,
    "rmse_model": 15.55526480120675
}