{
    "coefs": {
        "const": 415.043235625385,
        "cire_mean": 229.46889017451633,
        "ndre1_mean": -612.7817598576939,
        "ndre_mean": -864.8155687041699,
        "ndmi_mean": -30.67648373868724,
        "msi_mean": -167.2385665178058
    },
    "p_values": {
        "const": 0.48906964672790876,
        "cire_mean": 0.13884716196311378,
        "ndre1_mean": 0.4673132237020905,
        "ndre_mean": 0.37400503914798955,
        "ndmi_mean": 0.9589083123085781,
        "msi_mean": 0.6897846460648677
    },
    "rsquared": 0.9140132365191066,
    "aic": 64.96970044558077,
    "fvalue": 8.503757550750972,
    "f_pvalue": 0.029611452615793666,
    "mse_model": 248.61160033319698,
    "rmse_model": 15.767422120727186
}