{
    "coefs": {
        "const": -135.35553350690134,
        "ndvi_mean": -557.8365178334393,
        "ndre1_mean": 367.0119380148401,
        "ndre_mean": 430.30368031085436,
        "ndmi_mean": 447.7131045634094,
        "msi_mean": 221.50724248135907
    },
    "p_values": {
        "const": 0.7932637732071067,
        "ndvi_mean": 0.40383805643238463,
        "ndre1_mean": 0.7402021448849572,
        "ndre_mean": 0.541302960720423,
        "ndmi_mean": 0.4663742630109785,
        "msi_mean": 0.5578322317594231
    },
    "rsquared": 0.8692851855053292,
    "aic": 69.15794634689708,
    "fvalue": 5.3201938211266455,
    "f_pvalue": 0.06522537350309379,
    "mse_model": 236.44557045744955,
    "rmse_model": 15.376786740325482
}