{
    "coefs": {
        "const": 10.070149927867902,
        "cire_max": 0.8066110693795991,
        "ndre1_max": -493.48340115888374,
        "ndre_max": 527.4696508031559
    },
    "p_values": {
        "const": 0.8853602699520913,
        "cire_max": 0.9823342865043693,
        "ndre1_max": 0.36544414664185965,
        "ndre_max": 0.3693580072504198
    },
    "rsquared": 0.18674915182529117,
    "aic": 248.48597962937401,
    "fvalue": 2.0666961125216687,
    "f_pvalue": 0.12818609245767984,
    "mse_model": 325.00376583788574,
    "rmse_model": 18.027860822568098
}