{
    "coefs": {
        "const": 68.55304005145116,
        "ndvi_max": -170.5011456859725,
        "gndvi_max": -30.644405020720512,
        "ndre_max": 275.79710688743376
    },
    "p_values": {
        "const": 0.3598084345130852,
        "ndvi_max": 0.4205107678744654,
        "gndvi_max": 0.9115937321673605,
        "ndre_max": 0.20855330120523316
    },
    "rsquared": 0.18796526395169832,
    "aic": 248.4395884187213,
    "fvalue": 2.0832697179898223,
    "f_pvalue": 0.12592255332497942,
    "mse_model": 327.1201932320685,
    "rmse_model": 18.086464365156296
}