{
    "coefs": {
        "const": 56.42187071336919,
        "gndvi_max": -186.43116750207122,
        "ndre1_max": -587.8689667097726,
        "ndre_max": 747.6967526436298
    },
    "p_values": {
        "const": 0.4218124371045503,
        "gndvi_max": 0.4701378922833658,
        "ndre1_max": 0.28768587710880816,
        "ndre_max": 0.18733339222653708
    },
    "rsquared": 0.2025834103268087,
    "aic": 247.8764461947169,
    "fvalue": 2.2864469043571174,
    "f_pvalue": 0.10131504149477745,
    "mse_model": 352.56048345584924,
    "rmse_model": 18.776594032354463
}