{
    "coefs": {
        "const": 43.112423563104024,
        "ndvi_max": -235.20641128420567,
        "cire_max": -19.155948413303904,
        "ndre_max": 459.1155652699763
    },
    "p_values": {
        "const": 0.5385855300192665,
        "ndvi_max": 0.3065153423985396,
        "cire_max": 0.6553879847875008,
        "ndre_max": 0.33788978049484863
    },
    "rsquared": 0.19366956866150653,
    "aic": 248.22105408310404,
    "fvalue": 2.1616772109917375,
    "f_pvalue": 0.1157623942641095,
    "mse_model": 337.0475235254283,
    "rmse_model": 18.358854090749464
}