{
    "coefs": {
        "const": 68.7694241991235,
        "gndvi_max": -50.04332739132292,
        "cire_max": 21.49498520315349,
        "ndre1_max": -39.27028939238147
    },
    "p_values": {
        "const": 0.47619034293119256,
        "gndvi_max": 0.830212992510478,
        "cire_max": 0.49886603793755446,
        "ndre1_max": 0.888543255643259
    },
    "rsquared": 0.1630984774108606,
    "aic": 249.37465043123143,
    "fvalue": 1.7539534306933924,
    "f_pvalue": 0.17975033432079052,
    "mse_model": 283.8439631069653,
    "rmse_model": 16.847669367214127
}