{
    "coefs": {
        "const": 57.28630683024565,
        "gndvi_max": -121.93917749661762,
        "cire_max": 4.878192390697215,
        "ndre_max": 143.39029660092638
    },
    "p_values": {
        "const": 0.5535131784487453,
        "gndvi_max": 0.6332696919347794,
        "cire_max": 0.8938926057291647,
        "ndre_max": 0.6645523134301923
    },
    "rsquared": 0.16839886243713031,
    "aic": 249.17769241316336,
    "fvalue": 1.8224960181942913,
    "f_pvalue": 0.16686701248081867,
    "mse_model": 293.06834285429613,
    "rmse_model": 17.11923896831562
}