{
    "coefs": {
        "const": 67.26016707828491,
        "ndvi_max": -53.8121959636393,
        "gndvi_max": -3.8711252541359613,
        "cire_max": 19.191773241177987
    },
    "p_values": {
        "const": 0.47801042292247686,
        "ndvi_max": 0.7670446616246464,
        "gndvi_max": 0.9894373064318296,
        "cire_max": 0.35655689799585377
    },
    "rsquared": 0.16524657999947667,
    "aic": 249.2949794235327,
    "fvalue": 1.781626986319334,
    "f_pvalue": 0.1744304556452421,
    "mse_model": 287.5823545474762,
    "rmse_model": 16.958253287042158
}