{
    "coefs": {
        "const": 69.25400686874897,
        "ndvi_max": -116.50253420850436,
        "cire_max": 10.745740097302424,
        "ndre1_max": 135.08022813890466
    },
    "p_values": {
        "const": 0.31036789846433127,
        "ndvi_max": 0.6731188037839468,
        "cire_max": 0.7705176974986854,
        "ndre1_max": 0.8002028402354978
    },
    "rsquared": 0.16725591186196054,
    "aic": 249.2202694853391,
    "fvalue": 1.8076420213602507,
    "f_pvalue": 0.16957632333165626,
    "mse_model": 291.0792401597667,
    "rmse_model": 17.061044521358202
}