{
    "coefs": {
        "const": 42.22179961710321,
        "ndvi_max": -119.12028815979264,
        "ndre1_max": -315.34766083335876,
        "ndre_max": 486.62209448517444
    },
    "p_values": {
        "const": 0.537176551591294,
        "ndvi_max": 0.6009510012388579,
        "ndre1_max": 0.6200935733836863,
        "ndre_max": 0.3207158314298142
    },
    "rsquared": 0.1950847908501574,
    "aic": 248.16659696244182,
    "fvalue": 2.181301952917335,
    "f_pvalue": 0.11335510206174641,
    "mse_model": 339.5104666569675,
    "rmse_model": 18.42580979650467
}