{
    "coefs": {
        "const": 51.571306971006294,
        "ndvi_max": -199.29396212929666,
        "gndvi_max": 81.91635876945273,
        "ndre1_max": 249.06444425591985
    },
    "p_values": {
        "const": 0.501292666650577,
        "ndvi_max": 0.43401864708520577,
        "gndvi_max": 0.74268421141894,
        "ndre1_max": 0.33316333835344414
    },
    "rsquared": 0.16796860982404405,
    "aic": 249.1937270014281,
    "fvalue": 1.8168995860801627,
    "f_pvalue": 0.16788253165493439,
    "mse_model": 292.3195645163605,
    "rmse_model": 17.09735548312547
}