{
    "coefs": {
        "const": 27.376122603983475,
        "ndvi_max": -50.26251926185387,
        "gndvi_max": -168.7398948000829,
        "cire_max": -17.245063999953047,
        "ndre1_max": 682.6059932033244,
        "ndre_max": -165.61208337820153
    },
    "p_values": {
        "const": 0.8027338002138446,
        "ndvi_max": 0.8970369303632705,
        "gndvi_max": 0.56485343222754,
        "cire_max": 0.5339078338800947,
        "ndre1_max": 0.2237530162942339,
        "ndre_max": 0.5832968474899114
    },
    "rsquared": 0.3416744870178273,
    "aic": 245.93443656919663,
    "fvalue": 2.5950269302951945,
    "f_pvalue": 0.050536380512243954,
    "mse_model": 356.7742949924861,
    "rmse_model": 18.888469895480842
}