{
    "A": 5610228.964509159,
    "omega": 0.017284610222391677,
    "phi": -1.5248857852968871,
    "offset": 19867157.981644478,
    "mse": 15792078320033.81,
    "r2": 0.5002789548716429
}