{
    "A": 5611281.965721535,
    "omega": 0.01728747635949897,
    "phi": -1.5343088936540492,
    "offset": 19835708.053883858,
    "mse": 16092914003173.846,
    "r2": 0.4956979404990439
}