{
    "A": 5377429.419379458,
    "omega": 0.017404882449337668,
    "phi": -1.5892308197205247,
    "offset": 19859051.625957694,
    "mse": 16709539176695.873,
    "r2": 0.4692335990632829
}