{
    "A": 5610228.963941495,
    "omega": 0.017284610223664395,
    "phi": -1.5248857869578434,
    "offset": 19867157.98205165,
    "mse": 15792078320030.424,
    "r2": 0.50027895487175
}