{
    "A": 5488885.106160642,
    "omega": 0.01728597872612892,
    "phi": -1.5230432815662838,
    "offset": 19875723.885192152,
    "mse": 16023872733474.486,
    "r2": 0.48572429839196674
}