{
    "A": 5497898.260341532,
    "omega": 0.017399717692542078,
    "phi": -1.5888726465484084,
    "offset": 19850176.482119195,
    "mse": 16467671463401.363,
    "r2": 0.48392357523086194
}