{
    "A": 5496722.142998261,
    "omega": 0.01740282225869568,
    "phi": -1.5984893919416252,
    "offset": 19817810.899706412,
    "mse": 16780962398383.582,
    "r2": 0.4792149575912674
}