{
    "A": 5488885.114259005,
    "omega": 0.017285978703930536,
    "phi": -1.5230432604308939,
    "offset": 19875723.878262453,
    "mse": 16023872733560.771,
    "r2": 0.4857242983891975
}