{
    "A": 5611281.959116109,
    "omega": 0.017287476365347144,
    "phi": -1.5343088988205082,
    "offset": 19835708.05572826,
    "mse": 16092914003151.926,
    "r2": 0.4956979404997308
}