{
    "coefs": {
        "const": -875.3567057009818,
        "ndvi_mean": 125.02645692831175,
        "cire_mean": -165.52237772523574,
        "ndre1_mean": 3194.289849282828,
        "ndmi_mean": -1167.353712893221,
        "msi_mean": 244.33661704663746
    },
    "p_values": {
        "const": 0.3748686244433639,
        "ndvi_mean": 0.9540811545629251,
        "cire_mean": 0.47357597592625933,
        "ndre1_mean": 0.49474556329113073,
        "ndmi_mean": 0.3371012064556702,
        "msi_mean": 0.6795983923836069
    },
    "rsquared": 0.8838197689720658,
    "aic": 55.88040113769477,
    "fvalue": 3.04292653286104,
    "f_pvalue": 0.26563955099080366,
    "mse_model": 171.7924675939453,
    "rmse_model": 13.106962561705336
}