{
    "coefs": {
        "const": -562.4084750194452,
        "ndvi_mean": -29.246635244626304,
        "cire_mean": -150.14330324077514,
        "ndre1_mean": -1270.9287134736187,
        "ndre_mean": 3558.78434888049,
        "ndmi_mean": -1111.0143109406135
    },
    "p_values": {
        "const": 0.0959259559975505,
        "ndvi_mean": 0.9782487902489712,
        "cire_mean": 0.40235937516778286,
        "ndre1_mean": 0.8514285361953757,
        "ndre_mean": 0.40395015696116676,
        "ndmi_mean": 0.19772102581281553
    },
    "rsquared": 0.9165266045833785,
    "aic": 53.23548323549875,
    "fvalue": 4.3919459607887354,
    "f_pvalue": 0.19580255304211958,
    "mse_model": 178.1498587658942,
    "rmse_model": 13.3472790772462
}