{
    "coefs": {
        "const": -1482.7411863107625,
        "ndvi_mean": 2331.625699430536,
        "gndvi_mean": -80.38181797871903,
        "ndre1_mean": -8167.663776911195,
        "ndre_mean": 6070.9323964996565,
        "msi_mean": 588.1820509992735
    },
    "p_values": {
        "const": 0.021261270404943224,
        "ndvi_mean": 0.04587347403577121,
        "gndvi_mean": 0.7923698691016446,
        "ndre1_mean": 0.058504994409170404,
        "ndre_mean": 0.06703200888271739,
        "msi_mean": 0.027484343528770803
    },
    "rsquared": 0.9874254359162333,
    "aic": 38.09266792954478,
    "fvalue": 31.410247841226116,
    "f_pvalue": 0.03114055816301713,
    "mse_model": 191.93081910621783,
    "rmse_model": 13.853909885163027
}