{
    "coefs": {
        "const": -311.47006670396513,
        "ndvi_mean": 484.66508745805913,
        "gndvi_mean": 324.818216737528,
        "cire_mean": 18.98278478123825,
        "ndre1_mean": -8252.494128494378,
        "ndre_mean": 6526.644184784389
    },
    "p_values": {
        "const": 0.6180480529445687,
        "ndvi_mean": 0.9233784191562349,
        "gndvi_mean": 0.8909348837849592,
        "cire_mean": 0.9542265102217231,
        "ndre1_mean": 0.6848857791412024,
        "ndre_mean": 0.6192843290727151
    },
    "rsquared": 0.7685398567617316,
    "aic": 61.39452105905168,
    "fvalue": 1.328159303816875,
    "f_pvalue": 0.48219530045472836,
    "mse_model": 149.38493465806158,
    "rmse_model": 12.222312983149367
}