{
    "coefs": {
        "const": -961.9297882679641,
        "gndvi_mean": 1523.1952140862902,
        "ndre1_mean": -1234.1166825076216,
        "ndre_mean": 88.86775599067823,
        "ndmi_mean": 752.7321379322148,
        "msi_mean": 598.7082948721782
    },
    "p_values": {
        "const": 0.24863177760625005,
        "gndvi_mean": 0.2539018944618963,
        "ndre1_mean": 0.7936817440898746,
        "ndre_mean": 0.9831392192749618,
        "ndmi_mean": 0.5548359633191144,
        "msi_mean": 0.35759044543383
    },
    "rsquared": 0.8875238670297818,
    "aic": 55.62118791101057,
    "fvalue": 3.1563100316216715,
    "f_pvalue": 0.2579210678528151,
    "mse_model": 172.51245165391384,
    "rmse_model": 13.134399554373006
}