{
    "coefs": {
        "const": -448.58185860740787,
        "ndvi_mean": -1052.9370656767996,
        "gndvi_mean": 336.83620079290495,
        "cire_mean": -219.5627865506247,
        "ndre1_mean": 4361.992375940461,
        "ndmi_mean": -1299.27750419406
    },
    "p_values": {
        "const": 0.2643880155925122,
        "ndvi_mean": 0.48706384611656484,
        "gndvi_mean": 0.7425138365488336,
        "cire_mean": 0.2815729478782186,
        "ndre1_mean": 0.2364743654415674,
        "ndmi_mean": 0.2560782873325345
    },
    "rsquared": 0.8791124392454437,
    "aic": 56.19814643783172,
    "fvalue": 2.908859881887589,
    "f_pvalue": 0.2753787544870033,
    "mse_model": 170.87748037833313,
    "rmse_model": 13.072011336375637
}