{
    "coefs": {
        "const": -1004.3820717638102,
        "gndvi_mean": 904.0361666905692,
        "cire_mean": -104.81699266342474,
        "ndre1_mean": -494.98338453925135,
        "ndre_mean": 1315.7491245429756,
        "msi_mean": 461.0105953502732
    },
    "p_values": {
        "const": 0.10511953269919412,
        "gndvi_mean": 0.11800565708202919,
        "cire_mean": 0.27440334245499237,
        "ndre1_mean": 0.8919361916436979,
        "ndre_mean": 0.6793385883494687,
        "msi_mean": 0.1545898571856023
    },
    "rsquared": 0.9335787085255889,
    "aic": 51.40740080746979,
    "fvalue": 5.62216534970719,
    "f_pvalue": 0.1578734761047933,
    "mse_model": 181.46436146966136,
    "rmse_model": 13.470870850455858
}