{
    "coefs": {
        "const": -604.6439149643431,
        "gndvi_mean": -170.14604602080817,
        "cire_mean": -174.11699504021828,
        "ndre1_mean": -769.3853120673393,
        "ndre_mean": 3569.843208519318,
        "ndmi_mean": -1264.2144957905668
    },
    "p_values": {
        "const": 0.10963219393655255,
        "gndvi_mean": 0.7604861501544111,
        "cire_mean": 0.23257454461395852,
        "ndre1_mean": 0.8457033053335888,
        "ndre_mean": 0.2787977523777551,
        "ndmi_mean": 0.18643610197795632
    },
    "rsquared": 0.9212779686139183,
    "aic": 52.76664398988313,
    "fvalue": 4.6811696923603705,
    "f_pvalue": 0.18533939764427795,
    "mse_model": 179.07340514933037,
    "rmse_model": 13.38183115830305
}