{
    "coefs": {
        "const": -911.9024065233474,
        "gndvi_mean": 530.3958338121956,
        "cire_mean": -137.1537748394437,
        "ndre_mean": 1719.6969801483356,
        "ndmi_mean": -478.8670373091568,
        "msi_mean": 326.0612617327912
    },
    "p_values": {
        "const": 0.1631700418768548,
        "gndvi_mean": 0.6660170691835403,
        "cire_mean": 0.3154606903068452,
        "ndre_mean": 0.5155484678308782,
        "ndmi_mean": 0.7333572259790637,
        "msi_mean": 0.5247492529316493
    },
    "rsquared": 0.9375721347187244,
    "aic": 50.91135340645889,
    "fvalue": 6.007395130327708,
    "f_pvalue": 0.14883897606572813,
    "mse_model": 182.24058368595203,
    "rmse_model": 13.499651243122988
}