{
    "coefs": {
        "const": -1429.624501758121,
        "ndvi_mean": 2287.3307461834247,
        "cire_mean": 17.068757209059072,
        "ndre1_mean": -7902.0994418524315,
        "ndre_mean": 5652.48025917505,
        "msi_mean": 569.7034006333658
    },
    "p_values": {
        "const": 0.015579192293348119,
        "ndvi_mean": 0.01980752220362949,
        "cire_mean": 0.6723929045021096,
        "ndre1_mean": 0.025986750422513947,
        "ndre_mean": 0.028712274940134355,
        "msi_mean": 0.02536078938725902
    },
    "rsquared": 0.9882693052935102,
    "aic": 37.53693061433058,
    "fvalue": 33.69857728022782,
    "f_pvalue": 0.029069224715324457,
    "mse_model": 192.09484621642605,
    "rmse_model": 13.859828506025103
}