{
    "coefs": {
        "const": -1154.0327048541055,
        "ndvi_mean": 297.90244057309656,
        "gndvi_mean": 851.7475192617749,
        "cire_mean": -94.09409836482064,
        "ndre_mean": 687.9091567793721,
        "msi_mean": 550.9689401472422
    },
    "p_values": {
        "const": 0.12251371720058561,
        "ndvi_mean": 0.7688223760290273,
        "gndvi_mean": 0.15040306887275187,
        "cire_mean": 0.3477995672526736,
        "ndre_mean": 0.5586513905791924,
        "msi_mean": 0.1325605717555705
    },
    "rsquared": 0.9363855923558085,
    "aic": 51.06197936873467,
    "fvalue": 5.887883748557135,
    "f_pvalue": 0.15152938297742186,
    "mse_model": 182.0099495141603,
    "rmse_model": 13.491106311721078
}