{
    "coefs": {
        "const": -950.5056668647421,
        "ndvi_mean": 429.72171126216836,
        "cire_mean": -150.23254404365383,
        "ndre_mean": 2223.5173024128835,
        "ndmi_mean": -949.9494639744948,
        "msi_mean": 258.27921112179
    },
    "p_values": {
        "const": 0.1848251862810762,
        "ndvi_mean": 0.6603890205138254,
        "cire_mean": 0.21818572491360663,
        "ndre_mean": 0.2244076856086597,
        "ndmi_mean": 0.14667207339392038,
        "msi_mean": 0.4787020045185497
    },
    "rsquared": 0.937838513022355,
    "aic": 50.87714454932023,
    "fvalue": 6.0348525019012325,
    "f_pvalue": 0.1482342782062683,
    "mse_model": 182.29236096872026,
    "rmse_model": 13.50156883361042
}