{
    "coefs": {
        "const": -1426.867394390125,
        "ndvi_mean": 2173.4099586501984,
        "ndre1_mean": -7542.628365089219,
        "ndre_mean": 5597.896239754504,
        "ndmi_mean": -28.961823520598045,
        "msi_mean": 565.2611409300112
    },
    "p_values": {
        "const": 0.0256517959591593,
        "ndvi_mean": 0.02598267662352472,
        "ndre1_mean": 0.04155434969157648,
        "ndre_mean": 0.04133647371541345,
        "ndmi_mean": 0.9010819399160438,
        "msi_mean": 0.0514267460022778
    },
    "rsquared": 0.9869875030175719,
    "aic": 38.36654114526479,
    "fvalue": 30.33968051943858,
    "f_pvalue": 0.03221444760410047,
    "mse_model": 191.84569589904055,
    "rmse_model": 13.850837371763504
}