{
    "coefs": {
        "const": -1063.286447055047,
        "gndvi_mean": 949.1226621302849,
        "cire_mean": -104.80490633854862,
        "ndre1_mean": 1101.013404478028,
        "ndmi_mean": -58.45939117100602,
        "msi_mean": 511.7721677385569
    },
    "p_values": {
        "const": 0.11228294116441057,
        "gndvi_mean": 0.3959066366040891,
        "cire_mean": 0.414495754703475,
        "ndre1_mean": 0.6940878076085378,
        "ndmi_mean": 0.9641607509733642,
        "msi_mean": 0.258858315907538
    },
    "rsquared": 0.9260613777307186,
    "aic": 52.26514209087411,
    "fvalue": 5.009892526036215,
    "f_pvalue": 0.17472359278744018,
    "mse_model": 180.00318029640843,
    "rmse_model": 13.416526387124517
}