{
    "coefs": {
        "const": -735.2996580159286,
        "cire_mean": -174.2985680559724,
        "ndre1_mean": -242.82635484946195,
        "ndre_mean": 2929.125027833569,
        "ndmi_mean": -1053.5662913744172,
        "msi_mean": 117.43356203933376
    },
    "p_values": {
        "const": 0.15405267731198144,
        "cire_mean": 0.14925833666934826,
        "ndre1_mean": 0.9489642728021692,
        "ndre_mean": 0.36908888948798746,
        "ndmi_mean": 0.12497309179294708,
        "msi_mean": 0.5989798492559204
    },
    "rsquared": 0.9299174019414018,
    "aic": 51.83665567847919,
    "fvalue": 5.307550962445026,
    "f_pvalue": 0.1661058304838006,
    "mse_model": 180.75269500235999,
    "rmse_model": 13.444429887591365
}