{
    "coefs": {
        "const": -1231.8974063363596,
        "ndvi_mean": 615.8716697665482,
        "gndvi_mean": 1202.9481475410055,
        "ndre_mean": -887.5665854395321,
        "ndmi_mean": 487.9722063243116,
        "msi_mean": 713.1529370894115
    },
    "p_values": {
        "const": 0.19170403291737356,
        "ndvi_mean": 0.6261811504596315,
        "gndvi_mean": 0.3934081573711108,
        "ndre_mean": 0.5014385937280643,
        "ndmi_mean": 0.7048537518873603,
        "msi_mean": 0.2546359654241792
    },
    "rsquared": 0.8989394758803199,
    "aic": 54.765016217505,
    "fvalue": 3.5580241987099046,
    "f_pvalue": 0.2338282567754794,
    "mse_model": 174.73136062423717,
    "rmse_model": 13.218599041662364
}