{
    "coefs": {
        "const": -1144.8229932309118,
        "ndvi_mean": 259.3964902779544,
        "gndvi_mean": 916.649481101726,
        "cire_mean": -85.98038116054931,
        "ndre1_mean": 704.9376881278404,
        "msi_mean": 562.416085651932
    },
    "p_values": {
        "const": 0.1447301741393202,
        "ndvi_mean": 0.8578696913646874,
        "gndvi_mean": 0.19377041107957027,
        "cire_mean": 0.49745362084216826,
        "ndre1_mean": 0.7139326397627682,
        "msi_mean": 0.14441193244210976
    },
    "rsquared": 0.9274618418948651,
    "aic": 52.11216146568011,
    "fvalue": 5.114339079581404,
    "f_pvalue": 0.17159993036620863,
    "mse_model": 180.27539551831438,
    "rmse_model": 13.426667327312254
}