{
    "coefs": {
        "const": -639.3907262375144,
        "ndvi_mean": 87.01881538089856,
        "gndvi_mean": -295.2065579357386,
        "cire_mean": -182.5339206852276,
        "ndre_mean": 3143.4821121105842,
        "ndmi_mean": -1431.6270693541478
    },
    "p_values": {
        "const": 0.1536710698682052,
        "ndvi_mean": 0.9349730299803098,
        "gndvi_mean": 0.7566064336794863,
        "cire_mean": 0.19572282073185848,
        "ndre_mean": 0.14971529627446326,
        "ndmi_mean": 0.17083333900474718
    },
    "rsquared": 0.9196990836044487,
    "aic": 52.92550779321121,
    "fvalue": 4.581263202896156,
    "f_pvalue": 0.18882532328723536,
    "mse_model": 178.76650937561473,
    "rmse_model": 13.370359358506963
}