{
    "coefs": {
        "const": -971.7587213361519,
        "ndvi_mean": 3078.549191541876,
        "gndvi_mean": -1638.1000981611983,
        "ndre1_mean": -11799.512627548967,
        "ndre_mean": 10415.17966890518,
        "ndmi_mean": -1425.523764444539
    },
    "p_values": {
        "const": 0.08822523389242229,
        "ndvi_mean": 0.14366906628799425,
        "gndvi_mean": 0.22110961683615396,
        "ndre1_mean": 0.11943967996414967,
        "ndre_mean": 0.10805466163699687,
        "ndmi_mean": 0.11693923044521388
    },
    "rsquared": 0.9489246115311871,
    "aic": 49.30568150112163,
    "fvalue": 7.431560600743042,
    "f_pvalue": 0.12283907500428705,
    "mse_model": 184.44722136637452,
    "rmse_model": 13.581134759893024
}