{
    "coefs": {
        "const": -1350.6449151987795,
        "ndvi_mean": 870.6601635013349,
        "gndvi_mean": 1159.756276501344,
        "ndre1_mean": -1261.5722218130106,
        "ndmi_mean": 582.771949697903,
        "msi_mean": 763.63198124156
    },
    "p_values": {
        "const": 0.14299733818976557,
        "ndvi_mean": 0.4595340029190307,
        "gndvi_mean": 0.28975257265976406,
        "ndre1_mean": 0.3614035040761616,
        "ndmi_mean": 0.5765241004955176,
        "msi_mean": 0.17464079528951598
    },
    "rsquared": 0.9203558967643842,
    "aic": 52.85980353023413,
    "fvalue": 4.622342945047129,
    "f_pvalue": 0.18737627430044806,
    "mse_model": 178.8941774335772,
    "rmse_model": 13.375132800595933
}