{
    "coefs": {
        "const": -1231.3539639063993,
        "ndvi_mean": 457.7729685220379,
        "gndvi_mean": 1033.9310287247501,
        "cire_mean": -57.692915459327665,
        "ndmi_mean": 239.30133743840497,
        "msi_mean": 645.4009676218897
    },
    "p_values": {
        "const": 0.12240348130805741,
        "ndvi_mean": 0.6722734887069524,
        "gndvi_mean": 0.2697403246831447,
        "cire_mean": 0.322790748354413,
        "ndmi_mean": 0.720036145296203,
        "msi_mean": 0.13465505125081345
    },
    "rsquared": 0.9271889030843762,
    "aic": 52.14220651888787,
    "fvalue": 5.093668093800792,
    "f_pvalue": 0.17220926170952058,
    "mse_model": 180.2223430370256,
    "rmse_model": 13.424691543459224
}