{
    "coefs": {
        "const": -70.3369365434532,
        "ndvi_max": -154.8876276336605,
        "gndvi_max": 1403.2738037033482,
        "cire_max": 76.18279816498286,
        "ndre1_max": -1345.8707742530853,
        "ndre_max": -377.46544811149664
    },
    "p_values": {
        "const": 0.2864985321554281,
        "ndvi_max": 0.636903059253022,
        "gndvi_max": 0.025717939116960555,
        "cire_max": 0.046401953235183764,
        "ndre1_max": 0.04362344783731584,
        "ndre_max": 0.15110070686233487
    },
    "rsquared": 0.9545391008458308,
    "aic": 58.596292704102936,
    "fvalue": 16.797540191341188,
    "f_pvalue": 0.008634261092382621,
    "mse_model": 259.634635430066,
    "rmse_model": 16.113182039251775
}