{
    "coefs": {
        "const": 136.32298997273693,
        "cire_mean": 94.08394734573935,
        "ndre1_mean": -728.4885788301012,
        "ndmi_mean": 219.57543071012503
    },
    "p_values": {
        "const": 0.20824027174374532,
        "cire_mean": 0.10100147331528089,
        "ndre1_mean": 0.2147171176559377,
        "ndmi_mean": 0.307347636892662
    },
    "rsquared": 0.7605617975138037,
    "aic": 88.8096018142649,
    "fvalue": 8.470514614254453,
    "f_pvalue": 0.0072707078623790704,
    "mse_model": 625.3508112891276,
    "rmse_model": 25.00701524151028
}