{
    "coefs": {
        "const": 38.459023410396185,
        "ndre1_mean": -1510.3791807190933,
        "ndre_mean": 1232.5170004322517,
        "ndmi_mean": 258.1650877674017
    },
    "p_values": {
        "const": 0.6011654269145983,
        "ndre1_mean": 0.0998906940440923,
        "ndre_mean": 0.0657658689603605,
        "ndmi_mean": 0.2244603992572634
    },
    "rsquared": 0.7816487242274939,
    "aic": 87.70331901037638,
    "fvalue": 9.546070159496832,
    "f_pvalue": 0.005080836145793744,
    "mse_model": 642.6889510314951,
    "rmse_model": 25.351310637351574
}