{
    "coefs": {
        "const": -48.816868103924065,
        "gndvi_mean": -5.02983183630522,
        "ndre1_mean": -871.5288652471868,
        "ndre_mean": 1011.7045614121268
    },
    "p_values": {
        "const": 0.8022381882281971,
        "gndvi_mean": 0.995208444924816,
        "ndre1_mean": 0.44248792196036335,
        "ndre_mean": 0.4946430063758953
    },
    "rsquared": 0.7343427458339785,
    "aic": 90.05654105502653,
    "fvalue": 7.371330131268101,
    "f_pvalue": 0.010872888110409998,
    "mse_model": 603.7929243523823,
    "rmse_model": 24.572198199436336
}