{
    "coefs": {
        "const": -110.93474761338854,
        "gndvi_mean": 683.1767356797095,
        "ndre1_mean": -669.43156153584,
        "ndmi_mean": 274.7450986394987
    },
    "p_values": {
        "const": 0.27374580295610934,
        "gndvi_mean": 0.08544970660099435,
        "ndre1_mean": 0.21077361319516266,
        "ndmi_mean": 0.21818036141595593
    },
    "rsquared": 0.7689276069677259,
    "aic": 88.38283015206737,
    "fvalue": 8.873728235870264,
    "f_pvalue": 0.006332798999814453,
    "mse_model": 632.2293657290192,
    "rmse_model": 25.144171605543484
}