{
    "coefs": {
        "const": -71.07868255398051,
        "ndvi_mean": 92.8386917471812,
        "ndre1_mean": -997.315131066578,
        "ndre_mean": 1028.258165343648
    },
    "p_values": {
        "const": 0.5547885730676265,
        "ndvi_mean": 0.8561942412694142,
        "ndre1_mean": 0.3471698372556541,
        "ndre_mean": 0.13651949948904527
    },
    "rsquared": 0.7354996222132297,
    "aic": 90.00416969319276,
    "fvalue": 7.415234497256914,
    "f_pvalue": 0.0106910459165344,
    "mse_model": 604.7441338197667,
    "rmse_model": 24.591545982710535
}