{
    "coefs": {
        "const": -55.46664371049715,
        "gndvi_mean": 292.5010106508988,
        "cire_mean": 54.00261345373565,
        "ndre1_mean": -350.026148581114
    },
    "p_values": {
        "const": 0.7429754375211302,
        "gndvi_mean": 0.5281828612142834,
        "cire_mean": 0.43702003211905527,
        "ndre1_mean": 0.4094874534932844
    },
    "rsquared": 0.7391608925181079,
    "aic": 89.83690278770361,
    "fvalue": 7.556749186923426,
    "f_pvalue": 0.010130164865967711,
    "mse_model": 607.7545116259998,
    "rmse_model": 24.652677575184402
}