{
    "coefs": {
        "const": -315.8923686033786,
        "ndvi_mean": -114.74990620907738,
        "ndmi_mean": 919.5752616159187,
        "msi_mean": 401.50466972553033
    },
    "p_values": {
        "const": 0.21195551945830704,
        "ndvi_mean": 0.6908498945723646,
        "ndmi_mean": 0.08325187215125585,
        "msi_mean": 0.11784606404695336
    },
    "rsquared": 0.7498581498249786,
    "aic": 89.33439542977735,
    "fvalue": 7.993951157982946,
    "f_pvalue": 0.008614340032690524,
    "mse_model": 616.550034300538,
    "rmse_model": 24.830425576307345
}