{
    "coefs": {
        "const": -383.2359716308791,
        "ndre_mean": -88.26272006820955,
        "ndmi_mean": 960.5465033729415,
        "msi_mean": 437.87682469021445
    },
    "p_values": {
        "const": 0.18682713251004518,
        "ndre_mean": 0.7840989736150339,
        "ndmi_mean": 0.2018823926115263,
        "msi_mean": 0.20603445583275193
    },
    "rsquared": 0.7470777615242952,
    "aic": 89.46704254211902,
    "fvalue": 7.8767583905286145,
    "f_pvalue": 0.008991168383674676,
    "mse_model": 614.2639372533095,
    "rmse_model": 24.784348634840285
}