{
    "coefs": {
        "const": -128.5946590492925,
        "ndvi_mean": -196.67208796515445,
        "gndvi_mean": 541.2280843708,
        "ndre1_mean": 67.34893933735839
    },
    "p_values": {
        "const": 0.36924512538411525,
        "ndvi_mean": 0.705824859828132,
        "gndvi_mean": 0.17272729967086356,
        "ndre1_mean": 0.9123786105470781
    },
    "rsquared": 0.7226491537408096,
    "aic": 90.57345711070317,
    "fvalue": 6.948110798892637,
    "f_pvalue": 0.01283993039932849,
    "mse_model": 594.1781930757769,
    "rmse_model": 24.375770615013938
}