{
    "coefs": {
        "const": 108.7367320123642,
        "ndvi_mean": -378.8201971904201,
        "ndre_mean": 538.4565118612009,
        "msi_mean": -44.48473145459363
    },
    "p_values": {
        "const": 0.6726644674444788,
        "ndvi_mean": 0.45114445981288154,
        "ndre_mean": 0.17333066938853695,
        "msi_mean": 0.6887562155282592
    },
    "rsquared": 0.7088021848413094,
    "aic": 91.15809129882358,
    "fvalue": 6.490911199133751,
    "f_pvalue": 0.015490298678185447,
    "mse_model": 582.7929075361877,
    "rmse_model": 24.141104107645692
}