{
    "coefs": {
        "const": 94.08894194149707,
        "ndre1_mean": -1421.5334094703512,
        "ndre_mean": 1296.9371569675227,
        "msi_mean": -94.46103265736514
    },
    "p_values": {
        "const": 0.5572528021947767,
        "ndre1_mean": 0.15106495821038626,
        "ndre_mean": 0.08292621790037442,
        "msi_mean": 0.3706892083738848
    },
    "rsquared": 0.7611915527875143,
    "aic": 88.7779985917136,
    "fvalue": 8.499884172692605,
    "f_pvalue": 0.007196771857889537,
    "mse_model": 625.868610069734,
    "rmse_model": 25.01736616971767
}