{
    "coefs": {
        "const": -388.3029200440087,
        "cire_mean": -8.054186603248041,
        "ndmi_mean": 910.8699490711747,
        "msi_mean": 423.5784683882391
    },
    "p_values": {
        "const": 0.3078680057710285,
        "cire_mean": 0.8741785777285298,
        "ndmi_mean": 0.2933565328776737,
        "msi_mean": 0.2994458054370781
    },
    "rsquared": 0.7453901683054929,
    "aic": 89.54684515736366,
    "fvalue": 7.806874943722749,
    "f_pvalue": 0.009225683206333213,
    "mse_model": 612.8763606067387,
    "rmse_model": 24.756339806335237
}