{
    "coefs": {
        "const": -19.229539065524364,
        "ndvi_mean": 378.24448388689143,
        "cire_mean": 100.87607518543899,
        "ndre1_mean": -876.2447947149301
    },
    "p_values": {
        "const": 0.865465062373586,
        "ndvi_mean": 0.5108978812411956,
        "cire_mean": 0.12477681726683928,
        "ndre1_mean": 0.36538350733763053
    },
    "rsquared": 0.7403491736029161,
    "aic": 89.78211057420076,
    "fvalue": 7.6035362195299445,
    "f_pvalue": 0.009952838793563729,
    "mse_model": 608.7315427401755,
    "rmse_model": 24.672485540378286
}