{
    "coefs": {
        "const": -78.55804110066379,
        "gndvi_mean": 480.8696424191771,
        "cire_mean": 71.13436733191068,
        "ndre_mean": -545.7001205955555
    },
    "p_values": {
        "const": 0.6393550176547038,
        "gndvi_mean": 0.39618282987308917,
        "cire_mean": 0.42520613253127715,
        "ndre_mean": 0.44294336510112875
    },
    "rsquared": 0.7359642043085959,
    "aic": 89.98307374230062,
    "fvalue": 7.432974026686039,
    "f_pvalue": 0.010618649465660598,
    "mse_model": 605.1261235426233,
    "rmse_model": 24.599311444482005
}