{
    "coefs": {
        "const": -14.367854262238268,
        "cire_mean": 31.16556449954419,
        "ndre1_mean": -745.4606277357984,
        "ndre_mean": 697.592327112302
    },
    "p_values": {
        "const": 0.9004477134026815,
        "cire_mean": 0.7514996398885483,
        "ndre1_mean": 0.37893498280493554,
        "ndre_mean": 0.5482168201598273
    },
    "rsquared": 0.7378617409863844,
    "aic": 89.89652238674438,
    "fvalue": 7.506082159471517,
    "f_pvalue": 0.010326663641519887,
    "mse_model": 606.6863203665827,
    "rmse_model": 24.63100323508124
}