{
    "coefs": {
        "const": -401.3123014450626,
        "ndre1_mean": -296.6103724836298,
        "ndmi_mean": 1186.1169798510239,
        "msi_mean": 501.06813433523934
    },
    "p_values": {
        "const": 0.11656065317364601,
        "ndre1_mean": 0.43632765644875204,
        "ndmi_mean": 0.07800302642174281,
        "msi_mean": 0.09374152191407117
    },
    "rsquared": 0.7643159997937558,
    "aic": 88.61996064529268,
    "fvalue": 8.647918389311249,
    "f_pvalue": 0.006838065005532695,
    "mse_model": 628.4375998304215,
    "rmse_model": 25.06865771896097
}