{
    "coefs": {
        "const": 83.59717348269271,
        "ndvi_mean": -539.0501219459018,
        "gndvi_mean": 749.3067722550508,
        "msi_mean": -120.15440505534406
    },
    "p_values": {
        "const": 0.7008861769816956,
        "ndvi_mean": 0.24575256577117133,
        "gndvi_mean": 0.0701835626284956,
        "msi_mean": 0.3017894058201025
    },
    "rsquared": 0.7589155139878335,
    "aic": 88.89182677503824,
    "fvalue": 8.394462611191932,
    "f_pvalue": 0.007466616370715008,
    "mse_model": 623.9972003899965,
    "rmse_model": 24.979935956483086
}