{
    "coefs": {
        "const": -319.3715988252935,
        "gndvi_mean": 117.63735039006912,
        "ndmi_mean": 608.5773521402646,
        "msi_mean": 296.4538788922181
    },
    "p_values": {
        "const": 0.20201028772441132,
        "gndvi_mean": 0.6775514803339029,
        "ndmi_mean": 0.2977299930639208,
        "msi_mean": 0.32128433923765354
    },
    "rsquared": 0.7503476958873727,
    "aic": 89.3108875332682,
    "fvalue": 8.014855685571014,
    "f_pvalue": 0.008549207428777286,
    "mse_model": 616.95254995184,
    "rmse_model": 24.83852954487926
}