{
    "coefs": {
        "const": 39.81354792638797,
        "ndvi_mean": -87.15338653493973,
        "cire_mean": 57.60494273572769,
        "ndre_mean": -25.805780353116916
    },
    "p_values": {
        "const": 0.708858169545488,
        "ndvi_mean": 0.8694529909535,
        "cire_mean": 0.651545091785871,
        "ndre_mean": 0.9831728693675964
    },
    "rsquared": 0.7104829786506632,
    "aic": 91.08862662953517,
    "fvalue": 6.544075604161743,
    "f_pvalue": 0.015149108519442822,
    "mse_model": 584.1748935572122,
    "rmse_model": 24.169710249757074
}