{
    "coefs": {
        "const": -81.19602459514226,
        "gndvi_mean": 243.14359470387467,
        "cire_mean": 8.518989475412639,
        "ndmi_mean": 33.90586850084088
    },
    "p_values": {
        "const": 0.6406633781601859,
        "gndvi_mean": 0.6108052493291383,
        "cire_mean": 0.8922549685052558,
        "ndmi_mean": 0.8324144500618129
    },
    "rsquared": 0.7161608410285725,
    "aic": 90.85095037091186,
    "fvalue": 6.72832547018329,
    "f_pvalue": 0.014036850693806651,
    "mse_model": 588.8433581790486,
    "rmse_model": 24.266094827537632
}