{
    "coefs": {
        "const": 53.59446004358972,
        "ndvi_mean": -166.49801370197838,
        "ndre1_mean": 271.1232858407541,
        "ndmi_mean": 150.05845697799612
    },
    "p_values": {
        "const": 0.7619735590394499,
        "ndvi_mean": 0.7760817770513027,
        "ndre1_mean": 0.6831531059084809,
        "ndmi_mean": 0.549609958878184
    },
    "rsquared": 0.6614514609024013,
    "aic": 92.96606725893182,
    "fvalue": 5.210096511147267,
    "f_pvalue": 0.027586367577708732,
    "mse_model": 543.8600900753078,
    "rmse_model": 23.32080809224474
}