{
    "coefs": {
        "const": -102.09910864607434,
        "ndvi_mean": -214.19392607515772,
        "gndvi_mean": 442.06442027091475,
        "ndre_mean": 146.6013141996566
    },
    "p_values": {
        "const": 0.5515160428581707,
        "ndvi_mean": 0.5734959406604819,
        "gndvi_mean": 0.4471479409080318,
        "ndre_mean": 0.8016283469112588
    },
    "rsquared": 0.7245250068284265,
    "aic": 90.49201980499248,
    "fvalue": 7.013582839704286,
    "f_pvalue": 0.012508201101155827,
    "mse_model": 595.7205611700396,
    "rmse_model": 24.40738743024414
}