{
    "coefs": {
        "const": 199.23022224565716,
        "cire_mean": 102.6815110823907,
        "ndre1_mean": -663.0605008553771,
        "msi_mean": -84.27460559560888
    },
    "p_values": {
        "const": 0.3330392157882599,
        "cire_mean": 0.10920614447515212,
        "ndre1_mean": 0.2842493419554525,
        "msi_mean": 0.43023971013786244
    },
    "rsquared": 0.7468236324251962,
    "aic": 89.47909374877729,
    "fvalue": 7.866175289361357,
    "f_pvalue": 0.009026201314180677,
    "mse_model": 614.054986660717,
    "rmse_model": 24.78013290240222
}