{
    "coefs": {
        "const": -65.33450412569144,
        "ndvi_mean": -184.24435044221823,
        "gndvi_mean": 377.76573532127054,
        "cire_mean": 25.521282385339617
    },
    "p_values": {
        "const": 0.7024930530404618,
        "ndvi_mean": 0.5123533551720413,
        "gndvi_mean": 0.4649821731943161,
        "cire_mean": 0.6370075656472425
    },
    "rsquared": 0.7303097865413539,
    "aic": 90.23734485059087,
    "fvalue": 7.2212214864404185,
    "f_pvalue": 0.011524477487191374,
    "mse_model": 600.476935600669,
    "rmse_model": 24.504630901131097
}