{
    "coefs": {
        "const": 98.99627284867876,
        "ndvi_mean": -413.3018822448847,
        "ndre_mean": 475.3724008754465,
        "ndmi_mean": 145.50350644587274
    },
    "p_values": {
        "const": 0.5286175346352453,
        "ndvi_mean": 0.3659458059013191,
        "ndre_mean": 0.2087914131728777,
        "ndmi_mean": 0.5073756752652789
    },
    "rsquared": 0.7194097548766001,
    "aic": 90.71280237052954,
    "fvalue": 6.8371087247190925,
    "f_pvalue": 0.013427809845297175,
    "mse_model": 591.5146873429823,
    "rmse_model": 24.321074962735143
}