{
    "coefs": {
        "const": -167.93645192324126,
        "gndvi_mean": 799.5302810784005,
        "ndre_mean": -535.3743458766749,
        "ndmi_mean": 180.99092559844917
    },
    "p_values": {
        "const": 0.23209668040068676,
        "gndvi_mean": 0.2487368963121395,
        "ndre_mean": 0.43203229396305753,
        "ndmi_mean": 0.4058085649138705
    },
    "rsquared": 0.7378930648814064,
    "aic": 89.89508837554153,
    "fvalue": 7.50729788509195,
    "f_pvalue": 0.010321893383959915,
    "mse_model": 606.7120755691565,
    "rmse_model": 24.63152605035174
}