{
    "coefs": {
        "const": -2.682429875728758,
        "ndvi_mean": -95.73340216751058,
        "ndre1_mean": 393.83111106920296,
        "msi_mean": -8.116663075955444
    },
    "p_values": {
        "const": 0.9921555979981942,
        "ndvi_mean": 0.8782619154425255,
        "ndre1_mean": 0.5453304292412257,
        "msi_mean": 0.9456294363955661
    },
    "rsquared": 0.6451600066264385,
    "aic": 93.53006111769565,
    "fvalue": 4.848457661101273,
    "f_pvalue": 0.03299007610332712,
    "mse_model": 530.4648943372939,
    "rmse_model": 23.03182351307195
}