{
    "coefs": {
        "const": -131.61020524525054,
        "gndvi_mean": 603.2797776205407,
        "ndre_mean": -236.01747601599936,
        "msi_mean": -35.09583659985606
    },
    "p_values": {
        "const": 0.414877094402176,
        "gndvi_mean": 0.37180937997865815,
        "ndre_mean": 0.6928148689636122,
        "msi_mean": 0.719262576677257
    },
    "rsquared": 0.7175628293658851,
    "aic": 90.79153099015089,
    "fvalue": 6.77496122062448,
    "f_pvalue": 0.01377162227044983,
    "mse_model": 589.9961041452834,
    "rmse_model": 24.289835407949628
}