{
    "coefs": {
        "const": 77.18736428213464,
        "cire_mean": 81.96592669527328,
        "ndre_mean": -364.6849003995071,
        "ndmi_mean": 80.34549094217277
    },
    "p_values": {
        "const": 0.5870266878546246,
        "cire_mean": 0.3925000443110038,
        "ndre_mean": 0.6105107558146566,
        "ndmi_mean": 0.6745406807218932
    },
    "rsquared": 0.7161769907809316,
    "aic": 90.85026758090322,
    "fvalue": 6.728860052621983,
    "f_pvalue": 0.014033774497512705,
    "mse_model": 588.8566368643216,
    "rmse_model": 24.2663684317271
}