{
    "coefs": {
        "const": -81.38718454600706,
        "gndvi_mean": 638.9463164983761,
        "ndre1_mean": -397.68639794913315,
        "msi_mean": -73.92663983503826
    },
    "p_values": {
        "const": 0.600797378507804,
        "gndvi_mean": 0.13708913521728233,
        "ndre1_mean": 0.4294574462302114,
        "msi_mean": 0.49115059414783513
    },
    "rsquared": 0.7346108154953223,
    "aic": 90.04442597063799,
    "fvalue": 7.381469513576444,
    "f_pvalue": 0.01083055259204564,
    "mse_model": 604.0133371850428,
    "rmse_model": 24.57668279457264
}