{
    "coefs": {
        "const": 77.10474574204301,
        "cire_mean": 80.10431180584862,
        "ndre_mean": -291.0157394516457,
        "msi_mean": -19.789959355123585
    },
    "p_values": {
        "const": 0.7206393778877935,
        "cire_mean": 0.4273879282080635,
        "ndre_mean": 0.6927564238407007,
        "msi_mean": 0.8309340458494315
    },
    "rsquared": 0.7111973985984213,
    "aic": 91.05897851317589,
    "fvalue": 6.566860502843414,
    "f_pvalue": 0.01500575298763929,
    "mse_model": 584.7623055142576,
    "rmse_model": 24.181859016921294
}