{
    "coefs": {
        "const": 112.51518817595115,
        "ndvi_mean": -240.0130593385154,
        "cire_mean": 51.150579047727845,
        "ndmi_mean": 129.00766638056416
    },
    "p_values": {
        "const": 0.4812396306661215,
        "ndvi_mean": 0.4990254922962404,
        "cire_mean": 0.19341383942872747,
        "ndmi_mean": 0.5556408168372936
    },
    "rsquared": 0.7235364659737384,
    "aic": 90.53500467506737,
    "fvalue": 6.97896951482466,
    "f_pvalue": 0.01268222823316426,
    "mse_model": 594.9077609117406,
    "rmse_model": 24.39073104504538
}