{
    "coefs": {
        "const": 125.02813775663839,
        "ndvi_mean": -194.2943194850435,
        "cire_mean": 57.557663682847426,
        "msi_mean": -39.48385114779617
    },
    "p_values": {
        "const": 0.627736932428159,
        "ndvi_mean": 0.6041631972305677,
        "cire_mean": 0.15431360433407398,
        "msi_mean": 0.7167395431357386
    },
    "rsquared": 0.7154918934714025,
    "aic": 90.87919850327812,
    "fvalue": 6.7062355652021655,
    "f_pvalue": 0.014164702924289525,
    "mse_model": 588.2933346320422,
    "rmse_model": 24.254759009976624
}