{
    "coefs": {
        "const": -83.37612026265717,
        "gndvi_mean": 234.7170023416769,
        "cire_mean": 15.748277441158592,
        "msi_mean": 0.1714896552230556
    },
    "p_values": {
        "const": 0.6696443210774858,
        "gndvi_mean": 0.6229984136874156,
        "cire_mean": 0.7855260753312735,
        "msi_mean": 0.9981855337353367
    },
    "rsquared": 0.7144651692711488,
    "aic": 90.92242578642096,
    "fvalue": 6.672532547172778,
    "f_pvalue": 0.01436257964942372,
    "mse_model": 587.4491391785001,
    "rmse_model": 24.237350085735446
}