{
    "coefs": {
        "const": 29.51851554689597,
        "ndvi_mean": -605.105468512455,
        "gndvi_mean": 669.7084681124012,
        "ndmi_mean": 283.04181111281935
    },
    "p_values": {
        "const": 0.8153581777835393,
        "ndvi_mean": 0.15258914921845076,
        "gndvi_mean": 0.060441869775955614,
        "ndmi_mean": 0.17197887443974078
    },
    "rsquared": 0.7831881652479233,
    "aic": 87.61841581494558,
    "fvalue": 9.632784927919893,
    "f_pvalue": 0.004942761460433943,
    "mse_model": 643.9547136482926,
    "rmse_model": 25.376262799086327
}