{
    "coefs": {
        "const": -424.110382010002,
        "ndvi_mean": 68.71446253197428,
        "gndvi_mean": -656.5727026195964,
        "cire_mean": -144.92424025702007,
        "ndre1_mean": -1969.9171360462678,
        "ndre_mean": 4506.41882107589,
        "ndmi_mean": -1119.1091957779195
    },
    "p_values": {
        "const": 0.30184349326218446,
        "ndvi_mean": 0.9688298346969424,
        "gndvi_mean": 0.6664605091366727,
        "cire_mean": 0.4748195603121012,
        "ndre1_mean": 0.6289910579509834,
        "ndre_mean": 0.28953305147039593,
        "ndmi_mean": 0.3493752076827782
    },
    "rsquared": 0.9643922649678037,
    "aic": 48.419762652457536,
    "fvalue": 4.513964283770589,
    "f_pvalue": 0.3455034645116381,
    "mse_model": 156.21145541926404,
    "rmse_model": 12.49845812167501
}