{
    "coefs": {
        "const": -1174.5567089597275,
        "ndvi_mean": 1729.089293230405,
        "gndvi_mean": 455.9987371465807,
        "cire_mean": 16.67268938108259,
        "ndre1_mean": -4383.258865601303,
        "ndre_mean": 2546.0749494741067,
        "msi_mean": 463.5870236802232
    },
    "p_values": {
        "const": 0.10330267869090395,
        "ndvi_mean": 0.23135397169585512,
        "gndvi_mean": 0.2576728654418777,
        "cire_mean": 0.7911281123079675,
        "ndre1_mean": 0.16815173428891755,
        "ndre_mean": 0.13149366525478787,
        "msi_mean": 0.11637364340803874
    },
    "rsquared": 0.995676126584186,
    "aic": 31.552472525398297,
    "fvalue": 38.379019258621234,
    "f_pvalue": 0.12293787128460645,
    "mse_model": 161.27878925400097,
    "rmse_model": 12.6995586243775
}