{
    "coefs": {
        "const": -614.3637591519632,
        "gndvi_mean": 96.18519092717725,
        "cire_mean": -126.4069807375223,
        "ndre1_mean": -1579.514212953753,
        "ndre_mean": 3172.7006619240456,
        "ndmi_mean": -558.4317600934719,
        "msi_mean": 165.43505702832636
    },
    "p_values": {
        "const": 0.36413363666056126,
        "gndvi_mean": 0.9611108830334817,
        "cire_mean": 0.41894645351523435,
        "ndre1_mean": 0.4137868521536414,
        "ndre_mean": 0.4697671494487905,
        "ndmi_mean": 0.7154140574638199,
        "msi_mean": 0.6888700418215083
    },
    "rsquared": 0.972174558106932,
    "aic": 46.44686575442373,
    "fvalue": 5.823055520213933,
    "f_pvalue": 0.3070144897233521,
    "mse_model": 157.47202477669575,
    "rmse_model": 12.548785788939732
}