{
    "coefs": {
        "const": -1045.3076359045244,
        "ndvi_mean": 1567.8157359990892,
        "cire_mean": -16.58221320866221,
        "ndre1_mean": -4161.38214237216,
        "ndre_mean": 3314.6716839253986,
        "ndmi_mean": -344.54345530365447,
        "msi_mean": 367.12980332429004
    },
    "p_values": {
        "const": 0.22721601779408643,
        "ndvi_mean": 0.4241496345930643,
        "cire_mean": 0.8935783277578755,
        "ndre1_mean": 0.3040688633003187,
        "ndre_mean": 0.1305560892922227,
        "ndmi_mean": 0.42456539256312714,
        "msi_mean": 0.31434154480350285
    },
    "rsquared": 0.9893315074023914,
    "aic": 38.77761777298076,
    "fvalue": 15.455659087585227,
    "f_pvalue": 0.192292735262658,
    "mse_model": 160.25109312611653,
    "rmse_model": 12.659032076984264
}