{
    "coefs": {
        "const": -1162.217665486598,
        "ndvi_mean": 1512.3775948589337,
        "gndvi_mean": 584.7396961010381,
        "ndre1_mean": -4015.515926905864,
        "ndre_mean": 2387.33086872686,
        "ndmi_mean": 69.34025905930503,
        "msi_mean": 469.32930542905933
    },
    "p_values": {
        "const": 0.10769126460188588,
        "ndvi_mean": 0.1606773646453187,
        "gndvi_mean": 0.45064656614727255,
        "ndre1_mean": 0.1275933407672973,
        "ndre_mean": 0.22678104366871435,
        "ndmi_mean": 0.8741998897878184,
        "msi_mean": 0.15753122642097883
    },
    "rsquared": 0.9953610798413816,
    "aic": 32.1151124466634,
    "fvalue": 35.76123486382712,
    "f_pvalue": 0.1273111408308834,
    "mse_model": 161.22775824514045,
    "rmse_model": 12.697549300756444
}