{
    "coefs": {
        "const": -1772.0498877055848,
        "ndvi_mean": 2918.4662292890844,
        "gndvi_mean": 1867.5996465363548,
        "cire_mean": 173.55615505091464,
        "ndre1_mean": -6099.25746014747,
        "ndmi_mean": 1253.3791153781794,
        "msi_mean": 876.3548981642435
    },
    "p_values": {
        "const": 0.09240411933486832,
        "ndvi_mean": 0.1636095138104464,
        "gndvi_mean": 0.0793105312177182,
        "cire_mean": 0.20918328126687094,
        "ndre1_mean": 0.14310258461618305,
        "ndmi_mean": 0.12595713991349927,
        "msi_mean": 0.09374108657173708
    },
    "rsquared": 0.9960279068849539,
    "aic": 30.873605039077354,
    "fvalue": 41.79273907720726,
    "f_pvalue": 0.11785846822730883,
    "mse_model": 161.3357703339691,
    "rmse_model": 12.70180185383039
}