{
    "coefs": {
        "const": -414.84370028542116,
        "ndvi_mean": -687.7220514754667,
        "gndvi_mean": -142.5572755680696,
        "cire_mean": -188.67584562348299,
        "ndre_mean": 3228.0718899341955,
        "ndmi_mean": -860.7193371084359,
        "msi_mean": 67.00164077777754
    },
    "p_values": {
        "const": 0.6706031741282923,
        "ndvi_mean": 0.6048555574843442,
        "gndvi_mean": 0.9588358476534133,
        "cire_mean": 0.45501611620108584,
        "ndre_mean": 0.582987173206811,
        "ndmi_mean": 0.6989477374744293,
        "msi_mean": 0.9201216619477663
    },
    "rsquared": 0.9497214789719907,
    "aic": 51.17988327749601,
    "fvalue": 3.1482014571156407,
    "f_pvalue": 0.40654906110966277,
    "mse_model": 153.83509372931724,
    "rmse_model": 12.403027603344162
}