{
    "coefs": {
        "const": 28.421400564667948,
        "ndvi_mean": 394.4068105281158,
        "cire_mean": 158.99337805913072,
        "ndre1_mean": -573.8548504489254,
        "ndre_mean": -591.6793776002637
    },
    "p_values": {
        "const": 0.7254668259045018,
        "ndvi_mean": 0.5674803122989125,
        "cire_mean": 0.28306562682567116,
        "ndre1_mean": 0.5644287654970473,
        "ndre_mean": 0.6621892050639704
    },
    "rsquared": 0.7239794361299143,
    "aic": 92.51576197456828,
    "fvalue": 4.59010732919041,
    "f_pvalue": 0.039043859008624164,
    "mse_model": 446.45398561344723,
    "rmse_model": 21.129457769035323
}