{
    "coefs": {
        "const": 40.68515910550914,
        "gndvi_mean": 33.19892726247576,
        "cire_mean": 94.88286569352971,
        "ndre1_mean": -241.13221330488523,
        "ndre_mean": -125.28295382907254
    },
    "p_values": {
        "const": 0.7506161881259883,
        "gndvi_mean": 0.9727378210163824,
        "cire_mean": 0.47866310259358935,
        "ndre1_mean": 0.8648132232165484,
        "ndre_mean": 0.9606188981005848
    },
    "rsquared": 0.7098410984738481,
    "aic": 93.1152020485441,
    "fvalue": 4.281178057248997,
    "f_pvalue": 0.04585208769474,
    "mse_model": 437.735344058873,
    "rmse_model": 20.922125706028844
}