{
    "coefs": {
        "const": 152.36951762910473,
        "gndvi_mean": -552.8616347613897,
        "ndre1_mean": -1405.9169933162448,
        "ndre_mean": 1799.4578863277793,
        "msi_mean": -53.61785914689108
    },
    "p_values": {
        "const": 0.5431302923598502,
        "gndvi_mean": 0.39422591998565365,
        "ndre1_mean": 0.34908553241993057,
        "ndre_mean": 0.22372293073297228,
        "msi_mean": 0.6810197308161772
    },
    "rsquared": 0.6946477763571666,
    "aic": 93.72764884097823,
    "fvalue": 3.981086478174634,
    "f_pvalue": 0.05398316524838398,
    "mse_model": 428.36612875358605,
    "rmse_model": 20.69700772463464
}