{
    "coefs": {
        "const": -664.032315843062,
        "gndvi_mean": 29.046909958633478,
        "cire_mean": -71.36575650920645,
        "ndmi_mean": 1776.6009186516794,
        "msi_mean": 727.7897500031231
    },
    "p_values": {
        "const": 0.05293922905816386,
        "gndvi_mean": 0.9059860854534264,
        "cire_mean": 0.2803318584729495,
        "ndmi_mean": 0.03426769525291125,
        "msi_mean": 0.034076534081629174
    },
    "rsquared": 0.8458968296662486,
    "aic": 85.52152532201643,
    "fvalue": 9.606028537309838,
    "f_pvalue": 0.0056899147057954775,
    "mse_model": 521.6363782941867,
    "rmse_model": 22.839360286448187
}