{
    "coefs": {
        "const": 116.95698215846255,
        "ndvi_mean": 303.05375854615386,
        "cire_mean": 134.42440306497235,
        "ndre1_mean": -1410.1189197759732,
        "ndmi_mean": 312.0910597832701
    },
    "p_values": {
        "const": 0.29128417077398194,
        "ndvi_mean": 0.5107897818146814,
        "cire_mean": 0.08719412710859854,
        "ndre1_mean": 0.21756925200691513,
        "ndmi_mean": 0.2400862964047197
    },
    "rsquared": 0.7699424739673776,
    "aic": 90.33001022798538,
    "fvalue": 5.856793092923411,
    "f_pvalue": 0.021578355092697607,
    "mse_model": 474.7978589465496,
    "rmse_model": 21.789856790409377
}