{
    "coefs": {
        "const": 144.63988437264356,
        "cire_mean": 98.67345122435538,
        "ndre1_mean": -726.0548332444014,
        "ndre_mean": 173.37620719186543,
        "msi_mean": -62.93934537083078
    },
    "p_values": {
        "const": 0.5041782531626096,
        "cire_mean": 0.2525165246512303,
        "ndre1_mean": 0.5580293252783801,
        "ndre_mean": 0.8697080117203431,
        "msi_mean": 0.6164906749404223
    },
    "rsquared": 0.7207408343509581,
    "aic": 92.6557406554237,
    "fvalue": 4.51658034995101,
    "f_pvalue": 0.040540442467356386,
    "mse_model": 444.45684784975754,
    "rmse_model": 21.082145238323292
}