{
    "coefs": {
        "const": 69.44706997774938,
        "ndvi_mean": -588.2114300237326,
        "gndvi_mean": 500.7150403174928,
        "ndre_mean": 104.88455665254878,
        "ndmi_mean": 303.9190141423253
    },
    "p_values": {
        "const": 0.5707001918468313,
        "ndvi_mean": 0.2577983888657308,
        "gndvi_mean": 0.5321461888083798,
        "ndre_mean": 0.8756090897767846,
        "ndmi_mean": 0.3565152765442101
    },
    "rsquared": 0.7085174765694772,
    "aic": 93.1698181387652,
    "fvalue": 4.253790482543721,
    "f_pvalue": 0.04652640533184726,
    "mse_model": 436.91911055117765,
    "rmse_model": 20.902610137281364
}