{
    "coefs": {
        "const": 63.421080867935245,
        "ndvi_mean": -598.239110641112,
        "gndvi_mean": 630.315756157283,
        "ndre1_mean": -66.76227683506659,
        "ndmi_mean": 361.9235296920838
    },
    "p_values": {
        "const": 0.5890070352660599,
        "ndvi_mean": 0.24648731483537248,
        "gndvi_mean": 0.24339864820524107,
        "ndre1_mean": 0.9243023155108894,
        "ndmi_mean": 0.2769118306085125
    },
    "rsquared": 0.7078246962432297,
    "aic": 93.19830526746256,
    "fvalue": 4.2395548237603204,
    "f_pvalue": 0.046881901778001445,
    "mse_model": 436.4918960166584,
    "rmse_model": 20.892388470844075
}