{
    "coefs": {
        "const": -487.5172548795965,
        "cire_mean": -13.877293660680607,
        "ndre1_mean": -526.8493972248414,
        "ndmi_mean": 1739.2955516553702,
        "msi_mean": 641.0765315510341
    },
    "p_values": {
        "const": 0.09757038571955559,
        "cire_mean": 0.825144763105148,
        "ndre1_mean": 0.254942560351739,
        "ndmi_mean": 0.022473134890722984,
        "msi_mean": 0.037163387535385985
    },
    "rsquared": 0.8733781792928423,
    "aic": 83.16451578972966,
    "fvalue": 12.07068264558667,
    "f_pvalue": 0.00293066424555737,
    "mse_model": 538.5832105639196,
    "rmse_model": 23.207395600625237
}