{
    "coefs": {
        "const": -754.4582613033986,
        "gndvi_mean": 772.886481144099,
        "ndre_mean": -1348.5736935817858,
        "ndmi_mean": 2202.326093039601,
        "msi_mean": 816.3955342763293
    },
    "p_values": {
        "const": 0.004394988510084618,
        "gndvi_mean": 0.07994242626447394,
        "ndre_mean": 0.03402961614082275,
        "ndmi_mean": 0.0031567936051544706,
        "msi_mean": 0.002985923806891852
    },
    "rsquared": 0.9072502323395226,
    "aic": 79.42891989567323,
    "fvalue": 17.1179717927284,
    "f_pvalue": 0.0010145897662350422,
    "mse_model": 559.4709766093723,
    "rmse_model": 23.653138832074113
}