{
    "coefs": {
        "const": 137.21242567758134,
        "gndvi_mean": 63.291246732547506,
        "cire_mean": 106.20448708959383,
        "ndre1_mean": -631.8433916234526,
        "msi_mean": -61.78404047480035
    },
    "p_values": {
        "const": 0.5229932619018021,
        "gndvi_mean": 0.8734870778843443,
        "cire_mean": 0.15090522488655636,
        "ndre1_mean": 0.4442511638577171,
        "msi_mean": 0.616688264042592
    },
    "rsquared": 0.7206743794832506,
    "aic": 92.65859593697093,
    "fvalue": 4.51508945639329,
    "f_pvalue": 0.04057153916219877,
    "mse_model": 444.41586734800455,
    "rmse_model": 21.081173291541546
}