{
    "coefs": {
        "const": 58.335129713538095,
        "gndvi_mean": 567.178547282916,
        "cire_mean": 151.9099285950078,
        "ndre_mean": -1363.2590183485063,
        "ndmi_mean": 235.529331141831
    },
    "p_values": {
        "const": 0.5941152150589539,
        "gndvi_mean": 0.4330131299754638,
        "cire_mean": 0.14784620596828246,
        "ndre_mean": 0.28796967308685045,
        "ndmi_mean": 0.36779473091659365
    },
    "rsquared": 0.7426206364777133,
    "aic": 91.67667096778344,
    "fvalue": 5.049301917803001,
    "f_pvalue": 0.031132260661358557,
    "mse_model": 457.9493924945899,
    "rmse_model": 21.39975215965339
}