{
    "coefs": {
        "const": -597.9409384776911,
        "ndvi_mean": 178.67325091668738,
        "ndre_mean": -586.2369212228032,
        "ndmi_mean": 1731.9847819881302,
        "msi_mean": 699.8366399407678
    },
    "p_values": {
        "const": 0.048701796344780134,
        "ndvi_mean": 0.5862182732309964,
        "ndre_mean": 0.22369474574557316,
        "ndmi_mean": 0.018366684009545803,
        "msi_mean": 0.02366621637189323
    },
    "rsquared": 0.8583422674876022,
    "aic": 84.5110233017517,
    "fvalue": 10.60372025912416,
    "f_pvalue": 0.00428406979798046,
    "mse_model": 529.3110649506881,
    "rmse_model": 23.006761287732093
}