{
    "coefs": {
        "const": 100.86090965160702,
        "ndvi_mean": -276.8938947655208,
        "ndre1_mean": -613.7275490146822,
        "ndre_mean": 955.4954808121829,
        "msi_mean": -56.700081797227426
    },
    "p_values": {
        "const": 0.6713787769968884,
        "ndvi_mean": 0.5234405051698103,
        "ndre1_mean": 0.6497477693974674,
        "ndre_mean": 0.33159548723382126,
        "msi_mean": 0.676324718697981
    },
    "rsquared": 0.6793631152017976,
    "aic": 94.31376893197768,
    "fvalue": 3.707887357848391,
    "f_pvalue": 0.06304887935259908,
    "mse_model": 418.9405877077752,
    "rmse_model": 20.468038198805843
}