{
    "coefs": {
        "const": 68.37549774898892,
        "ndvi_mean": 682.8865238625795,
        "gndvi_mean": -446.6134195703859,
        "cire_mean": 166.27318391072248,
        "ndre1_mean": -1240.210068963379
    },
    "p_values": {
        "const": 0.5268128554821512,
        "ndvi_mean": 0.45208042513566793,
        "gndvi_mean": 0.5129448719676133,
        "cire_mean": 0.18071211368408785,
        "ndre1_mean": 0.357584273347299
    },
    "rsquared": 0.7338355724520929,
    "aic": 92.07942873575446,
    "fvalue": 4.824883113127563,
    "f_pvalue": 0.034713751944916264,
    "mse_model": 452.53193634545727,
    "rmse_model": 21.27279803752805
}