{
    "coefs": {
        "const": 25.343739365897818,
        "ndvi_mean": -488.07695144615013,
        "gndvi_mean": 392.2896089051278,
        "ndre1_mean": 451.30977755493905,
        "msi_mean": -28.813756823762162
    },
    "p_values": {
        "const": 0.9093051035315873,
        "ndvi_mean": 0.42837826837984605,
        "gndvi_mean": 0.5224826011812832,
        "ndre1_mean": 0.46296601370193435,
        "msi_mean": 0.8378279970318507
    },
    "rsquared": 0.6520475838775383,
    "aic": 95.29484635970118,
    "fvalue": 3.279423331792839,
    "f_pvalue": 0.08156054366151406,
    "mse_model": 402.0960100578153,
    "rmse_model": 20.052331786049603
}