{
    "coefs": {
        "const": 73.63432679113714,
        "gndvi_mean": 294.33520059213834,
        "cire_mean": 130.9312027283865,
        "ndre_mean": -815.9340173127466,
        "msi_mean": -34.176839905586604
    },
    "p_values": {
        "const": 0.6748915020674473,
        "gndvi_mean": 0.6816598977646628,
        "cire_mean": 0.25694073496718883,
        "ndre_mean": 0.5210151854905017,
        "msi_mean": 0.7472940475973894
    },
    "rsquared": 0.7131524641700595,
    "aic": 92.97746762471398,
    "fvalue": 4.350801929278206,
    "f_pvalue": 0.0441931067164936,
    "mse_model": 439.7773529048701,
    "rmse_model": 20.970869149963004
}