{
    "coefs": {
        "const": 57.24025649682346,
        "ndvi_mean": -141.63452047468581,
        "gndvi_mean": 25.61919674619776,
        "cire_mean": 61.64750149544676,
        "msi_mean": -10.645070990360296
    },
    "p_values": {
        "const": 0.7831945488384042,
        "ndvi_mean": 0.8050694790407776,
        "gndvi_mean": 0.9696840262914097,
        "cire_mean": 0.22875962678264536,
        "msi_mean": 0.9333638238039002
    },
    "rsquared": 0.6972929877407652,
    "aic": 93.62324211554566,
    "fvalue": 4.031167693932773,
    "f_pvalue": 0.052505338311331994,
    "mse_model": 429.9973424401386,
    "rmse_model": 20.73637727377033
}