{
    "coefs": {
        "const": 129.68791041349505,
        "ndvi_mean": 236.57113015134496,
        "cire_mean": 130.84416650702548,
        "ndre1_mean": -1029.5996120479413,
        "msi_mean": -64.93980884394773
    },
    "p_values": {
        "const": 0.5400565973680591,
        "ndvi_mean": 0.6317507390105506,
        "cire_mean": 0.15227578616837908,
        "ndre1_mean": 0.3927882635578937,
        "msi_mean": 0.5730339684036836
    },
    "rsquared": 0.7292920289331563,
    "aic": 92.28254524573677,
    "fvalue": 4.714530738061964,
    "f_pvalue": 0.036668271815167235,
    "mse_model": 449.7300845087798,
    "rmse_model": 21.20684051217389
}