{
    "coefs": {
        "const": 79.24754134984023,
        "ndvi_mean": -437.32463954018203,
        "gndvi_mean": 323.285815265398,
        "cire_mean": 31.892225397275922,
        "ndmi_mean": 223.27200477613906
    },
    "p_values": {
        "const": 0.5066533498843129,
        "ndvi_mean": 0.4537639323721102,
        "gndvi_mean": 0.6393097214709539,
        "cire_mean": 0.6041410587002061,
        "ndmi_mean": 0.4804793816100956
    },
    "rsquared": 0.7192353107904436,
    "aic": 92.72026050075422,
    "fvalue": 4.482977533345867,
    "f_pvalue": 0.04124877255284587,
    "mse_model": 443.5284416541069,
    "rmse_model": 21.060114948739166
}