{
    "coefs": {
        "const": 133.7578624992991,
        "cire_mean": 81.43085188608163,
        "ndre1_mean": -1246.0239211248154,
        "ndre_mean": 456.8738525628023,
        "ndmi_mean": 331.29428462053147
    },
    "p_values": {
        "const": 0.21956624021487986,
        "cire_mean": 0.29749056500485893,
        "ndre1_mean": 0.28834894060481886,
        "ndre_mean": 0.6448439866616777,
        "ndmi_mean": 0.25494610901246195
    },
    "rsquared": 0.762051621971658,
    "aic": 90.73470255121907,
    "fvalue": 5.604536368352792,
    "f_pvalue": 0.02410027112242349,
    "mse_model": 469.93183354918915,
    "rmse_model": 21.677911189715424
}