{
    "coefs": {
        "const": 25.42352471221656,
        "ndvi_mean": 195.17740783285228,
        "gndvi_mean": 171.5538217658068,
        "cire_mean": 148.60315951026172,
        "ndre_mean": -953.8519671803585
    },
    "p_values": {
        "const": 0.8182113138053632,
        "ndvi_mean": 0.7437640939941366,
        "gndvi_mean": 0.7716857347064424,
        "cire_mean": 0.3277317696494391,
        "ndre_mean": 0.5479735295296706
    },
    "rsquared": 0.713285596003121,
    "aic": 92.97189688539362,
    "fvalue": 4.3536347515315255,
    "f_pvalue": 0.04412724072674607,
    "mse_model": 439.85945086859135,
    "rmse_model": 20.97282648735242
}