{
    "coefs": {
        "const": -565.7174598705178,
        "cire_mean": -27.83623610100966,
        "ndre_mean": -260.7981035295222,
        "ndmi_mean": 1718.4944804112292,
        "msi_mean": 681.7422770196938
    },
    "p_values": {
        "const": 0.07084020897322432,
        "cire_mean": 0.7202088588022983,
        "ndre_mean": 0.5296169861338536,
        "ndmi_mean": 0.0316006534419976,
        "msi_mean": 0.03685116503215931
    },
    "rsquared": 0.8546458002399521,
    "aic": 84.82013978642553,
    "fvalue": 10.289555808424636,
    "f_pvalue": 0.0046731163927693714,
    "mse_model": 527.0315768146372,
    "rmse_model": 22.957168310021103
}