{
    "coefs": {
        "const": -470.0834843408885,
        "gndvi_mean": 272.5501990604889,
        "ndre1_mean": -976.1064093665036,
        "ndmi_mean": 1741.9400988373463,
        "msi_mean": 598.889548155922
    },
    "p_values": {
        "const": 0.00810137788365214,
        "gndvi_mean": 0.30059526840704914,
        "ndre1_mean": 0.06219635636965064,
        "ndmi_mean": 0.003958755836226507,
        "msi_mean": 0.005021001324823321
    },
    "rsquared": 0.8917451152871164,
    "aic": 81.2839194207559,
    "fvalue": 14.41555229485852,
    "f_pvalue": 0.0017202051452196148,
    "mse_model": 549.9094877603885,
    "rmse_model": 23.4501489922855
}