{
    "coefs": {
        "const": -587.5967403685158,
        "ndvi_mean": -81.25602850555177,
        "cire_mean": -57.74901885088752,
        "ndmi_mean": 1734.891717754881,
        "msi_mean": 691.6628569986988
    },
    "p_values": {
        "const": 0.07251270631739266,
        "ndvi_mean": 0.688087429410962,
        "cire_mean": 0.29920081408566734,
        "ndmi_mean": 0.03254065252445019,
        "msi_mean": 0.038222382094418805
    },
    "rsquared": 0.8493372941172724,
    "aic": 85.25058076711552,
    "fvalue": 9.8653495966159,
    "f_pvalue": 0.005273559039775418,
    "mse_model": 523.7579980389847,
    "rmse_model": 22.885759721691233
}