{
    "coefs": {
        "const": 41.67929726098217,
        "ndvi_mean": 201.8494064698857,
        "cire_mean": 135.51109080096427,
        "ndre_mean": -736.3344622899585,
        "msi_mean": 4.139569629171689
    },
    "p_values": {
        "const": 0.8345950671745704,
        "ndvi_mean": 0.765680833767958,
        "cire_mean": 0.35559110184109227,
        "ndre_mean": 0.6013858327148066,
        "msi_mean": 0.9666914996472993
    },
    "rsquared": 0.709636370932492,
    "aic": 93.1236659081487,
    "fvalue": 4.276925636726816,
    "f_pvalue": 0.045955966767048065,
    "mse_model": 437.6090954083701,
    "rmse_model": 20.919108379860983
}