{
    "coefs": {
        "const": 114.46944465426145,
        "ndvi_mean": -228.5770466114716,
        "ndre1_mean": -1278.5621457557863,
        "ndre_mean": 1164.0881562435152,
        "ndmi_mean": 362.03282169174895
    },
    "p_values": {
        "const": 0.33689762386216926,
        "ndvi_mean": 0.5517266917331427,
        "ndre1_mean": 0.32126357821547546,
        "ndre_mean": 0.16034733392263043,
        "ndmi_mean": 0.23835519255369156
    },
    "rsquared": 0.7338503626500575,
    "aic": 92.07876190244185,
    "fvalue": 4.825248485869778,
    "f_pvalue": 0.03470750449841053,
    "mse_model": 452.5410569675355,
    "rmse_model": 21.273012409330644
}