{
    "coefs": {
        "const": -313.1480686487474,
        "ndvi_mean": -210.1298964257394,
        "gndvi_mean": 45.47813991487533,
        "ndmi_mean": 1070.6294628187634,
        "msi_mean": 418.06483891724906
    },
    "p_values": {
        "const": 0.15637934167850387,
        "ndvi_mean": 0.6200502514330192,
        "gndvi_mean": 0.9164305537785018,
        "ndmi_mean": 0.02605021260538589,
        "msi_mean": 0.07050341107032398
    },
    "rsquared": 0.8225821835317502,
    "aic": 87.21214748855037,
    "fvalue": 8.113721890147229,
    "f_pvalue": 0.009124609743192822,
    "mse_model": 507.2590131779126,
    "rmse_model": 22.52241135353656
}