{
    "coefs": {
        "const": 90.43386116736033,
        "ndvi_mean": 322.75392615327655,
        "gndvi_mean": -958.3566960832286,
        "ndre1_mean": -1751.8457726030338,
        "ndre_mean": 2195.4661898572485
    },
    "p_values": {
        "const": 0.5430312703372062,
        "ndvi_mean": 0.7260199256748361,
        "gndvi_mean": 0.5039081653223589,
        "ndre1_mean": 0.47929646570832707,
        "ndre_mean": 0.3571772669901754
    },
    "rsquared": 0.6924774957538122,
    "aic": 93.81263676727026,
    "fvalue": 3.9406404436633804,
    "f_pvalue": 0.05521552591555746,
    "mse_model": 427.0277890481842,
    "rmse_model": 20.664650711981178
}