{
    "coefs": {
        "const": 143.70825170503383,
        "gndvi_mean": -412.87444700894866,
        "ndre1_mean": -1832.8790590622684,
        "ndre_mean": 1769.3708543684697,
        "ndmi_mean": 333.5048195708632
    },
    "p_values": {
        "const": 0.3090268290733637,
        "gndvi_mean": 0.48731646007225127,
        "ndre1_mean": 0.15692091785368167,
        "ndre_mean": 0.14906072155215852,
        "ndmi_mean": 0.2744847238742023
    },
    "rsquared": 0.7390295975495068,
    "aic": 91.84294154179479,
    "fvalue": 4.955741277813985,
    "f_pvalue": 0.03256512672828475,
    "mse_model": 455.7349184888626,
    "rmse_model": 21.34794881221291
}