{
    "coefs": {
        "const": 116.51580197299438,
        "gndvi_mean": 184.64486888583906,
        "cire_mean": 101.81923869963215,
        "ndre1_mean": -1029.6490242591353,
        "ndmi_mean": 334.7550857169922
    },
    "p_values": {
        "const": 0.320936353021653,
        "gndvi_mean": 0.6268207649783002,
        "cire_mean": 0.09967751668819605,
        "ndre1_mean": 0.19677061029335696,
        "ndmi_mean": 0.250367407992636
    },
    "rsquared": 0.7629232547567398,
    "aic": 90.6906644376647,
    "fvalue": 5.631575945816011,
    "f_pvalue": 0.023812489006072572,
    "mse_model": 470.46934043332294,
    "rmse_model": 21.69030521761561
}