{
    "coefs": {
        "const": -573.2525436592855,
        "ndvi_mean": 308.1698329866658,
        "ndre1_mean": -1073.3350068750606,
        "ndmi_mean": 1895.7931164272195,
        "msi_mean": 696.7868541374769
    },
    "p_values": {
        "const": 0.012521178216397557,
        "ndvi_mean": 0.29011397652405724,
        "ndre1_mean": 0.06973162414654037,
        "ndmi_mean": 0.004355133387601345,
        "msi_mean": 0.004840983810145307
    },
    "rsquared": 0.8925300547345638,
    "aic": 81.19659229258514,
    "fvalue": 14.53362232508574,
    "f_pvalue": 0.0016780620030508707,
    "mse_model": 550.393533752981,
    "rmse_model": 23.46046746663376
}