{
    "coefs": {
        "const": 87.88863388986437,
        "ndvi_mean": 60.24245866733622,
        "cire_mean": 114.13279826130332,
        "ndre_mean": -588.9576119971962,
        "ndmi_mean": 100.97365956243777
    },
    "p_values": {
        "const": 0.45645908395829804,
        "ndvi_mean": 0.9274591415433324,
        "cire_mean": 0.4402753357678113,
        "ndre_mean": 0.6709556339053526,
        "ndmi_mean": 0.6698473145898777
    },
    "rsquared": 0.7175443312766212,
    "aic": 92.79231689875436,
    "fvalue": 4.445662519040649,
    "f_pvalue": 0.042053967635105126,
    "mse_model": 442.4856709539165,
    "rmse_model": 21.035343376182773
}