{
    "coefs": {
        "const": -393.6535861748265,
        "ndre1_mean": -918.4238616260418,
        "ndre_mean": 262.7615559415717,
        "ndmi_mean": 1586.5121365506889,
        "msi_mean": 554.3435989970094
    },
    "p_values": {
        "const": 0.05073902003434793,
        "ndre1_mean": 0.2812285631791502,
        "ndre_mean": 0.670525729549281,
        "ndmi_mean": 0.009985649656112953,
        "msi_mean": 0.020649355652755004
    },
    "rsquared": 0.8759191019161906,
    "aic": 82.92126261936612,
    "fvalue": 12.353701915648424,
    "f_pvalue": 0.002735926204216732,
    "mse_model": 540.1501128483176,
    "rmse_model": 23.241129767038384
}