{
    "coefs": {
        "const": 53.51749712349954,
        "ndvi_mean": -343.50828564439985,
        "gndvi_mean": 49.76333769338498,
        "ndre_mean": 527.8340856332597,
        "msi_mean": -21.664477178506672
    },
    "p_values": {
        "const": 0.8055042391856407,
        "ndvi_mean": 0.550909317885262,
        "gndvi_mean": 0.9488232511909375,
        "ndre_mean": 0.35093378124493063,
        "msi_mean": 0.8720843406322768
    },
    "rsquared": 0.6692692846938431,
    "aic": 94.68571148207084,
    "fvalue": 3.541313806097592,
    "f_pvalue": 0.06953841699198271,
    "mse_model": 412.7160588945367,
    "rmse_model": 20.31541431757021
}