{
    "coefs": {
        "const": -416.4437447012101,
        "gndvi_mean": -623.0582240722665,
        "cire_mean": -149.33046498589783,
        "ndre1_mean": -1836.7439686914229,
        "ndre_mean": 4445.62444862941,
        "ndmi_mean": -1104.9457205403476
    },
    "p_values": {
        "const": 0.060236490289124894,
        "gndvi_mean": 0.4344516244356099,
        "cire_mean": 0.16734962446954024,
        "ndre1_mean": 0.17216305596696796,
        "ndre_mean": 0.07479175319414774,
        "ndmi_mean": 0.12823896369545693
    },
    "rsquared": 0.9643067668044556,
    "aic": 46.43894852472873,
    "fvalue": 10.806605963898294,
    "f_pvalue": 0.08685859459561722,
    "mse_model": 187.43712779761606,
    "rmse_model": 13.69076797691116
}