{
    "coefs": {
        "const": -177.31888008185047,
        "ndvi_mean": -900.0291853013377,
        "gndvi_mean": 1036.7001073678034,
        "cire_mean": -87.58455387556887,
        "ndre1_mean": -1190.8222983415162,
        "ndre_mean": 1843.7697251079685
    },
    "p_values": {
        "const": 0.49198762615968306,
        "ndvi_mean": 0.6534980064291536,
        "gndvi_mean": 0.24408437032778496,
        "cire_mean": 0.6666416184132069,
        "ndre1_mean": 0.7939653689370403,
        "ndre_mean": 0.4563622741801945
    },
    "rsquared": 0.869152100632269,
    "aic": 56.83154412975426,
    "fvalue": 2.6569844982826365,
    "f_pvalue": 0.2957295599846301,
    "mse_model": 168.9414395603973,
    "rmse_model": 12.997747480252004
}