{
    "coefs": {
        "const": -340.1257578165537,
        "ndvi_mean": -418.9415306492101,
        "cire_mean": -138.70629616412702,
        "ndre1_mean": -1312.2486021382083,
        "ndre_mean": 3458.543618708599,
        "ndmi_mean": -758.8882237049893
    },
    "p_values": {
        "const": 0.12379984849863217,
        "ndvi_mean": 0.6918435046495917,
        "cire_mean": 0.33106849827249707,
        "ndre1_mean": 0.6197114173426614,
        "ndre_mean": 0.07734503183294386,
        "ndmi_mean": 0.08107060359076597
    },
    "rsquared": 0.9525052570047914,
    "aic": 48.72421177796552,
    "fvalue": 8.021984724506304,
    "f_pvalue": 0.1145410068381172,
    "mse_model": 185.14320933030632,
    "rmse_model": 13.606733969998324
}