{
    "coefs": {
        "const": -1424.0032537026418,
        "ndvi_mean": 2854.3032191135717,
        "cire_mean": 76.32035737759861,
        "ndre1_mean": -6301.419520095224,
        "ndre_mean": 3257.144923216104,
        "msi_mean": 573.5155459800076
    },
    "p_values": {
        "const": 0.03831110659682633,
        "ndvi_mean": 0.07085567685469918,
        "cire_mean": 0.41610021148349297,
        "ndre1_mean": 0.05448049997582416,
        "ndre_mean": 0.05365149250095053,
        "msi_mean": 0.0467588301308281
    },
    "rsquared": 0.9721167979283343,
    "aic": 44.463454978697584,
    "fvalue": 13.945554680983776,
    "f_pvalue": 0.06825704170619001,
    "mse_model": 188.95520259731998,
    "rmse_model": 13.74609772252911
}