{
    "coefs": {
        "const": -821.3814781558226,
        "ndvi_mean": -285.87896399404326,
        "gndvi_mean": 1445.3500871492586,
        "cire_mean": -72.9428213666915,
        "ndmi_mean": 366.41804099768706,
        "msi_mean": 417.19677533607967
    },
    "p_values": {
        "const": 0.20747744125099135,
        "ndvi_mean": 0.7296170471186082,
        "gndvi_mean": 0.1658576032335916,
        "cire_mean": 0.330144446895548,
        "ndmi_mean": 0.5177226901856384,
        "msi_mean": 0.2282989992627743
    },
    "rsquared": 0.9200512290105214,
    "aic": 52.89034806430091,
    "fvalue": 4.603203864792874,
    "f_pvalue": 0.18804861959010014,
    "mse_model": 178.8349576389201,
    "rmse_model": 13.372918815237012
}