{
    "coefs": {
        "const": -44.47587274923808,
        "ndvi_mean": -1545.9233792325704,
        "gndvi_mean": 1256.098021824689,
        "cire_mean": -93.72463904273638,
        "ndre1_mean": 1495.0657807789448,
        "ndmi_mean": -85.18989579728964
    },
    "p_values": {
        "const": 0.8305261529378157,
        "ndvi_mean": 0.49443090997521577,
        "gndvi_mean": 0.3502015966917851,
        "cire_mean": 0.7012715107576977,
        "ndre1_mean": 0.7422453286921002,
        "ndmi_mean": 0.91911198367756
    },
    "rsquared": 0.8154726411493839,
    "aic": 59.58164144044326,
    "fvalue": 1.7677002396366572,
    "f_pvalue": 0.39948551435248464,
    "mse_model": 158.5074946234115,
    "rmse_model": 12.589975958015627
}