{
    "coefs": {
        "const": -782.9756283166948,
        "ndvi_mean": 322.31696897692746,
        "gndvi_mean": 988.3384143998087,
        "cire_mean": -7.78898362776863,
        "ndre1_mean": -484.7158224252744,
        "msi_mean": 364.0556643991788
    },
    "p_values": {
        "const": 0.32159405409978503,
        "ndvi_mean": 0.8882482840310956,
        "gndvi_mean": 0.21578486747581035,
        "cire_mean": 0.9672242906664357,
        "ndre1_mean": 0.8850510394375563,
        "msi_mean": 0.33177358611564356
    },
    "rsquared": 0.8971963733853032,
    "aic": 54.90182457493481,
    "fvalue": 3.4909133186437242,
    "f_pvalue": 0.23753699997040173,
    "mse_model": 174.39254507676833,
    "rmse_model": 13.205776958466636
}