{
    "coefs": {
        "const": -946.3994138301932,
        "ndvi_mean": 1708.418325209468,
        "cire_mean": 93.39411504475345,
        "ndre1_mean": -1502.0924589522183,
        "ndmi_mean": -258.8899388512838,
        "msi_mean": 473.83097642993744
    },
    "p_values": {
        "const": 0.5562671116375184,
        "ndvi_mean": 0.7282826843606364,
        "cire_mean": 0.8048219647366863,
        "ndre1_mean": 0.8546192939995484,
        "ndmi_mean": 0.8087991537983439,
        "msi_mean": 0.5589544956688627
    },
    "rsquared": 0.742743762655486,
    "aic": 62.239840494178985,
    "fvalue": 1.1548699776103988,
    "f_pvalue": 0.524558011636458,
    "mse_model": 144.37081886616008,
    "rmse_model": 12.01544085192716
}