{
    "coefs": {
        "const": -753.1319670883913,
        "gndvi_mean": 832.5607728539226,
        "cire_mean": -92.09876383714075,
        "ndre1_mean": -1522.7022055456366,
        "ndre_mean": 1917.222504777732,
        "msi_mean": 297.02762988674664
    },
    "p_values": {
        "const": 0.07051522665277551,
        "gndvi_mean": 0.08772622869476288,
        "cire_mean": 0.21956975956756802,
        "ndre1_mean": 0.2456255145602414,
        "ndre_mean": 0.18067878894605968,
        "msi_mean": 0.12257585093685915
    },
    "rsquared": 0.9657797794883393,
    "aic": 46.101793227993994,
    "fvalue": 11.288995395681251,
    "f_pvalue": 0.08336745906920627,
    "mse_model": 187.72344463804592,
    "rmse_model": 13.701220552857542
}