{
    "coefs": {
        "const": -855.6008292067243,
        "ndvi_mean": -23.746748805354173,
        "gndvi_mean": 1773.56943012975,
        "ndre_mean": -1227.5262769496576,
        "ndmi_mean": 628.5828911143062,
        "msi_mean": 482.28131999518337
    },
    "p_values": {
        "const": 0.32948988509471644,
        "ndvi_mean": 0.9797973448666073,
        "gndvi_mean": 0.3726632797613093,
        "ndre_mean": 0.5607704014535559,
        "ndmi_mean": 0.6427340758925246,
        "msi_mean": 0.3705768478633106
    },
    "rsquared": 0.8829573746804648,
    "aic": 55.939565028280576,
    "fvalue": 3.017558337468675,
    "f_pvalue": 0.26742963560436744,
    "mse_model": 171.62483970351533,
    "rmse_model": 13.100566388653405
}