{
    "coefs": {
        "const": -890.0110362789964,
        "gndvi_mean": 1691.7816973724239,
        "cire_mean": -37.392737586018114,
        "ndre1_mean": -1030.2745409782078,
        "ndmi_mean": 604.5931536319886,
        "msi_mean": 449.3657725066695
    },
    "p_values": {
        "const": 0.10952059642714744,
        "gndvi_mean": 0.11758569893977212,
        "cire_mean": 0.5825049519733008,
        "ndre1_mean": 0.46408222463367077,
        "ndmi_mean": 0.36014072279792786,
        "msi_mean": 0.13283347952433458
    },
    "rsquared": 0.9385184138911388,
    "aic": 50.78916126584333,
    "fvalue": 6.106013024643634,
    "f_pvalue": 0.14668968613667563,
    "mse_model": 182.42451670009012,
    "rmse_model": 13.506462034896115
}