{
    "coefs": {
        "const": -701.971837715405,
        "gndvi_mean": 1630.8659993433625,
        "ndre1_mean": -1484.6332761685726,
        "ndre_mean": 81.69359115154839,
        "ndmi_mean": 545.1855376120748,
        "msi_mean": 342.9893177722897
    },
    "p_values": {
        "const": 0.2595186153982205,
        "gndvi_mean": 0.305141237216644,
        "ndre1_mean": 0.39610684770147053,
        "ndre_mean": 0.9691039622954933,
        "ndmi_mean": 0.6124614474219516,
        "msi_mean": 0.3993224776391132
    },
    "rsquared": 0.9256109297905206,
    "aic": 52.3137317310059,
    "fvalue": 4.977134018123917,
    "f_pvalue": 0.1757267888549564,
    "mse_model": 179.91562447803244,
    "rmse_model": 13.413263006369197
}