{
    "coefs": {
        "const": -794.9922491588623,
        "gndvi_mean": 329.04805022815344,
        "cire_mean": -118.55451058144513,
        "ndre_mean": 1594.2546775220471,
        "ndmi_mean": -407.1843950501643,
        "msi_mean": 330.32683678155354
    },
    "p_values": {
        "const": 0.2080349213740405,
        "gndvi_mean": 0.873588845752448,
        "cire_mean": 0.4074546814760617,
        "ndre_mean": 0.6548433855463721,
        "ndmi_mean": 0.7920705461013406,
        "msi_mean": 0.42542181093049125
    },
    "rsquared": 0.9240211949893296,
    "aic": 52.48289488854478,
    "fvalue": 4.864626101237361,
    "f_pvalue": 0.1792614499227223,
    "mse_model": 179.6066197760509,
    "rmse_model": 13.401739430986222
}