{
    "coefs": {
        "const": -1231.761533205068,
        "ndvi_mean": 810.7797660444567,
        "gndvi_mean": 1751.2250567065848,
        "ndre1_mean": -2203.199497803694,
        "ndmi_mean": 800.579071045926,
        "msi_mean": 620.9370537063409
    },
    "p_values": {
        "const": 0.0908718507520128,
        "ndvi_mean": 0.30161441861770855,
        "gndvi_mean": 0.07405154688000123,
        "ndre1_mean": 0.14152270974746772,
        "ndmi_mean": 0.20666967995469604,
        "msi_mean": 0.099033377385172
    },
    "rsquared": 0.9618572251736554,
    "aic": 46.969950338774105,
    "fvalue": 10.086914017690356,
    "f_pvalue": 0.09264647858351927,
    "mse_model": 186.96099814312927,
    "rmse_model": 13.673368207692254
}