{
    "coefs": {
        "const": -1143.707664312804,
        "ndvi_mean": 1540.0485323832881,
        "gndvi_mean": 490.6912237607753,
        "ndre1_mean": -4069.0960882921836,
        "ndre_mean": 2527.0706607440957,
        "msi_mean": 452.1079792493929
    },
    "p_values": {
        "const": 0.012045750205356524,
        "ndvi_mean": 0.027950119197398475,
        "gndvi_mean": 0.058747283599731685,
        "ndre1_mean": 0.018145431907548543,
        "ndre_mean": 0.023722680673953875,
        "msi_mean": 0.016524663878243723
    },
    "rsquared": 0.9951751160120398,
    "aic": 30.429553053366252,
    "fvalue": 82.50354773257648,
    "f_pvalue": 0.012018596018578506,
    "mse_model": 193.43716317484024,
    "rmse_model": 13.908168936809771
}