{
    "coefs": {
        "const": -326.0396518211476,
        "ndvi_mean": -771.8494165910461,
        "gndvi_mean": -371.287031814938,
        "cire_mean": -202.68731886334615,
        "ndre_mean": 3682.9572332670323,
        "ndmi_mean": -1047.2131043463328
    },
    "p_values": {
        "const": 0.13629096465448293,
        "ndvi_mean": 0.25860156236571064,
        "gndvi_mean": 0.7170217419905751,
        "cire_mean": 0.141813148291975,
        "ndre_mean": 0.1388476354493679,
        "ndmi_mean": 0.20866822638753973
    },
    "rsquared": 0.9489215428999753,
    "aic": 49.30616213010952,
    "fvalue": 7.4310901054958975,
    "f_pvalue": 0.12284616639182007,
    "mse_model": 184.4466249011827,
    "rmse_model": 13.581112800547041
}