{
    "coefs": {
        "const": -596.5511467684856,
        "cire_mean": -130.9157025040485,
        "ndre1_mean": -1587.7804578748028,
        "ndre_mean": 3335.4798752513448,
        "ndmi_mean": -628.0230849175559,
        "msi_mean": 149.06833382132174
    },
    "p_values": {
        "const": 0.08787869473871421,
        "cire_mean": 0.10232136188726175,
        "ndre1_mean": 0.20107714996747084,
        "ndre_mean": 0.05160738777633777,
        "ndmi_mean": 0.07097791196197546,
        "msi_mean": 0.3160506597101409
    },
    "rsquared": 0.9720704656305277,
    "aic": 44.476737196744274,
    "fvalue": 13.92175684379509,
    "f_pvalue": 0.06836805781346894,
    "mse_model": 188.94619675693383,
    "rmse_model": 13.74577014055356
}