{
    "coefs": {
        "const": -694.021575409286,
        "ndvi_mean": -502.1624512094777,
        "gndvi_mean": 956.7066234333133,
        "cire_mean": -124.32507299399458,
        "ndre_mean": 1186.743734313427,
        "msi_mean": 305.8334271521891
    },
    "p_values": {
        "const": 0.21231262531432796,
        "ndvi_mean": 0.5515055327379195,
        "gndvi_mean": 0.1288801900201744,
        "cire_mean": 0.27393596250548835,
        "ndre_mean": 0.37464548584013435,
        "msi_mean": 0.2680479261462121
    },
    "rsquared": 0.9365613784032925,
    "aic": 51.03984232429577,
    "fvalue": 5.905307239222228,
    "f_pvalue": 0.15113112210684174,
    "mse_model": 182.04411792713995,
    "rmse_model": 13.492372583320547
}