{
    "coefs": {
        "const": -448.20605521428206,
        "ndvi_mean": -669.0609771019406,
        "cire_mean": -180.66865040050698,
        "ndre_mean": 2972.6076767598106,
        "ndmi_mean": -754.4061268357541,
        "msi_mean": 95.3309339735572
    },
    "p_values": {
        "const": 0.34470745857297747,
        "ndvi_mean": 0.41169705480782803,
        "cire_mean": 0.14070208273030663,
        "ndre_mean": 0.10117451437140497,
        "ndmi_mean": 0.10107057582579934,
        "msi_mean": 0.6988571373538663
    },
    "rsquared": 0.9495106781490498,
    "aic": 49.213354452334926,
    "fvalue": 7.522467272997679,
    "f_pvalue": 0.12148408621305397,
    "mse_model": 184.56113806522154,
    "rmse_model": 13.585328044078345
}