{
    "coefs": {
        "const": -440.3116415959712,
        "ndvi_mean": 1088.1136868772246,
        "gndvi_mean": -557.7075209421582,
        "ndre1_mean": -4087.1761604312524,
        "ndre_mean": 4060.4212570009877,
        "ndmi_mean": -925.1573449422367
    },
    "p_values": {
        "const": 0.19103932244016425,
        "ndvi_mean": 0.4207098426060538,
        "gndvi_mean": 0.6830995896922845,
        "ndre1_mean": 0.22471150048003183,
        "ndre_mean": 0.21365026518049465,
        "ndmi_mean": 0.31100759529400634
    },
    "rsquared": 0.9226738961602776,
    "aic": 52.62351227929613,
    "fvalue": 4.77289738054176,
    "f_pvalue": 0.18224993965842765,
    "mse_model": 179.34473856615395,
    "rmse_model": 13.391965448213863
}