{
    "coefs": {
        "const": -1089.983435528109,
        "ndvi_mean": 1758.0575385265038,
        "ndre1_mean": -4475.508561457219,
        "ndre_mean": 3287.5901833674598,
        "ndmi_mean": -310.48095551123606,
        "msi_mean": 389.43304212142755
    },
    "p_values": {
        "const": 0.033640337377798514,
        "ndvi_mean": 0.03889745919964693,
        "ndre1_mean": 0.02884196042708245,
        "ndre_mean": 0.020727994224458174,
        "ndmi_mean": 0.13938731923760447,
        "msi_mean": 0.06600105021201204
    },
    "rsquared": 0.9890277359387154,
    "aic": 37.002224645864615,
    "fvalue": 36.055557190916815,
    "f_pvalue": 0.027205341185449924,
    "mse_model": 192.2422661730878,
    "rmse_model": 13.865145732125855
}