{
    "coefs": {
        "const": 139.92631340183698,
        "ndvi_mean": 218.50376270294691,
        "gndvi_mean": 78.81105972627915,
        "cire_mean": 156.93340159360187,
        "ndre_mean": -1002.3802639246908,
        "msi_mean": -84.39028037987384
    },
    "p_values": {
        "const": 0.5926160191347556,
        "ndvi_mean": 0.772098786432365,
        "gndvi_mean": 0.8456111736184388,
        "cire_mean": 0.3180686624638802,
        "ndre_mean": 0.6070649644367759,
        "msi_mean": 0.5908332146533843
    },
    "rsquared": 0.8801201080695235,
    "aic": 68.29267014130474,
    "fvalue": 5.8733460225669365,
    "f_pvalue": 0.0555088623716479,
    "mse_model": 239.39266939491034,
    "rmse_model": 15.472319457499264
}