{
    "coefs": {
        "const": 45.930623904356224,
        "gndvi_mean": 228.79392260718032,
        "cire_mean": 116.97462243352851,
        "ndre1_mean": 471.97105356466295,
        "ndre_mean": -1114.5602214749983,
        "ndmi_mean": 173.05530917024748
    },
    "p_values": {
        "const": 0.7176804193822683,
        "gndvi_mean": 0.7697034611516689,
        "cire_mean": 0.16339164023300742,
        "ndre1_mean": 0.8106358324406192,
        "ndre_mean": 0.6681707296072659,
        "ndmi_mean": 0.5528988935805024
    },
    "rsquared": 0.8811000805939667,
    "aic": 68.21058799029936,
    "fvalue": 5.9283477061752,
    "f_pvalue": 0.0546628736531044,
    "mse_model": 239.65922192155895,
    "rmse_model": 15.480930912627928
}