{
    "coefs": {
        "const": 47.17907927616426,
        "ndvi_mean": 264.1510129428575,
        "cire_mean": 143.64882619227802,
        "ndre1_mean": -330.7002319597332,
        "ndre_mean": -628.8712293443882,
        "ndmi_mean": 133.3118691514103
    },
    "p_values": {
        "const": 0.712894203920045,
        "ndvi_mean": 0.7924525210845654,
        "cire_mean": 0.385568864594734,
        "ndre1_mean": 0.8283536197156516,
        "ndre_mean": 0.5893790269650974,
        "ndmi_mean": 0.5615757128438272
    },
    "rsquared": 0.8805448465186186,
    "aic": 68.25717689423277,
    "fvalue": 5.897073978685149,
    "f_pvalue": 0.055141515854177606,
    "mse_model": 239.50819825306425,
    "rmse_model": 15.476052411809164
}