{
    "coefs": {
        "const": -108.13596256951678,
        "ndvi_mean": -348.49185194346,
        "gndvi_mean": -105.37146342877793,
        "ndre_mean": 708.4625032396316,
        "ndmi_mean": 296.71008655145556,
        "msi_mean": 145.99324435376082
    },
    "p_values": {
        "const": 0.7922213442462671,
        "ndvi_mean": 0.5240254725197876,
        "gndvi_mean": 0.8051503898187876,
        "ndre_mean": 0.37482650474950635,
        "ndmi_mean": 0.635863089228742,
        "msi_mean": 0.6347161018870333
    },
    "rsquared": 0.8509532566262172,
    "aic": 70.47036643828801,
    "fvalue": 4.567443674993571,
    "f_pvalue": 0.08311769718385977,
    "mse_model": 231.45928580233112,
    "rmse_model": 15.21378604431951
}