{
    "coefs": {
        "const": -318.1369503423909,
        "gndvi_mean": -46.51188679360358,
        "ndre1_mean": 100.57693583609671,
        "ndre_mean": 307.2964135568909,
        "ndmi_mean": 411.80682671145144,
        "msi_mean": 253.16078556431955
    },
    "p_values": {
        "const": 0.3832132526627108,
        "gndvi_mean": 0.9583790729800445,
        "ndre1_mean": 0.9651824808901248,
        "ndre_mean": 0.9095542748701275,
        "ndmi_mean": 0.5402217644024253,
        "msi_mean": 0.3928413270929438
    },
    "rsquared": 0.8329263332564902,
    "aic": 71.61211506540583,
    "fvalue": 3.988306952215,
    "f_pvalue": 0.10237286907062264,
    "mse_model": 226.55596264576533,
    "rmse_model": 15.051776062836085
}