{
    "coefs": {
        "const": 85.05146581541294,
        "cire_mean": 109.46781074679359,
        "ndre1_mean": -20.776418115068736,
        "ndre_mean": -413.97240360689074,
        "ndmi_mean": 91.83809883257027,
        "msi_mean": -17.72898500175006
    },
    "p_values": {
        "const": 0.8370685906096349,
        "cire_mean": 0.28855483768707957,
        "ndre1_mean": 0.983570819548716,
        "ndre_mean": 0.635373444786782,
        "ndmi_mean": 0.8640569861590663,
        "msi_mean": 0.9558606145628541
    },
    "rsquared": 0.8782877545380533,
    "aic": 68.44436288160179,
    "fvalue": 5.772880131852633,
    "f_pvalue": 0.05710548727064019,
    "mse_model": 238.89426923435047,
    "rmse_model": 15.456204878117735
}