{
    "coefs": {
        "const": 48.76930579497838,
        "ndvi_mean": -725.8346997630815,
        "gndvi_mean": 375.0265751451743,
        "ndre1_mean": 1757.1612243068575,
        "ndre_mean": -857.2602768235583,
        "ndmi_mean": 133.53739932157077
    },
    "p_values": {
        "const": 0.7335218381897843,
        "ndvi_mean": 0.2511458697032119,
        "gndvi_mean": 0.7001045852760512,
        "ndre1_mean": 0.5242470963649778,
        "ndre_mean": 0.763960458155178,
        "ndmi_mean": 0.6731190990928291
    },
    "rsquared": 0.8583318510430715,
    "aic": 69.96264016590206,
    "fvalue": 4.846999737698448,
    "f_pvalue": 0.07570334919845347,
    "mse_model": 233.46626348371547,
    "rmse_model": 15.27960285752596
}