{
    "coefs": {
        "const": 66.34900813347917,
        "ndvi_mean": -637.3591782875278,
        "gndvi_mean": 167.98103010379327,
        "ndre1_mean": 1390.461000656468,
        "ndre_mean": -362.98773099396294,
        "msi_mean": -23.763953319245502
    },
    "p_values": {
        "const": 0.8069429435489601,
        "ndvi_mean": 0.3696603964694158,
        "gndvi_mean": 0.8500942685841717,
        "ndre1_mean": 0.6179514562822772,
        "ndre_mean": 0.8942646537887962,
        "msi_mean": 0.8795721119469796
    },
    "rsquared": 0.8519839926010645,
    "aic": 70.40097099179624,
    "fvalue": 4.604820830248617,
    "f_pvalue": 0.08206518719120558,
    "mse_model": 231.73964598748952,
    "rmse_model": 15.222997273450769
}