{
    "coefs": {
        "const": 0.698407091895433,
        "ndvi_mean": -128.3483819990185,
        "cire_mean": 70.58056951693231,
        "ndre1_mean": -90.67313680598181,
        "ndmi_mean": 211.3296272422192,
        "msi_mean": 54.803084755480086
    },
    "p_values": {
        "const": 0.998555824826812,
        "ndvi_mean": 0.8478457107459273,
        "cire_mean": 0.4915501807465218,
        "ndre1_mean": 0.951799600039516,
        "ndmi_mean": 0.6685065254072329,
        "msi_mean": 0.8474309406836029
    },
    "rsquared": 0.8716428569375525,
    "aic": 68.9759323193104,
    "fvalue": 5.432609895428951,
    "f_pvalue": 0.06305514528340696,
    "mse_model": 237.08685708701427,
    "rmse_model": 15.397625046967933
}