{
    "coefs": {
        "const": -80.97376307200534,
        "ndvi_mean": -489.05423329051064,
        "gndvi_mean": 111.56490890694954,
        "ndre1_mean": 759.946056660137,
        "ndmi_mean": 279.6126352643571,
        "msi_mean": 116.86765228872514
    },
    "p_values": {
        "const": 0.8353864328112777,
        "ndvi_mean": 0.4161550732456597,
        "gndvi_mean": 0.6648712777174065,
        "ndre1_mean": 0.30961161911695406,
        "ndmi_mean": 0.6266504530899174,
        "msi_mean": 0.6946591187605222
    },
    "rsquared": 0.8608688913571911,
    "aic": 69.78193389380388,
    "fvalue": 4.9499721507563,
    "f_pvalue": 0.07321939550465145,
    "mse_model": 234.156338449156,
    "rmse_model": 15.302167769605587
}