{
    "coefs": {
        "const": 29.70307041292608,
        "ndvi_mean": -128.45854745008228,
        "gndvi_mean": -52.15837473050692,
        "cire_mean": 71.67718409144217,
        "ndmi_mean": 130.75860708944322,
        "msi_mean": 27.6786513947618
    },
    "p_values": {
        "const": 0.9431814161735778,
        "ndvi_mean": 0.7524592718022342,
        "gndvi_mean": 0.8667792919532831,
        "cire_mean": 0.24632492344107967,
        "ndmi_mean": 0.8279160571780038,
        "msi_mean": 0.9308602784850676
    },
    "rsquared": 0.8725289846940815,
    "aic": 68.90665680984175,
    "fvalue": 5.475936518431855,
    "f_pvalue": 0.06224742444602233,
    "mse_model": 237.32788383679016,
    "rmse_model": 15.405449809622247
}