{
    "coefs": {
        "const": 78.22841131231007,
        "gndvi_mean": 65.53961870229227,
        "cire_mean": 114.07252879040766,
        "ndre_mean": -549.6948462548626,
        "ndmi_mean": 138.75567669512571,
        "msi_mean": -9.740139526007624
    },
    "p_values": {
        "const": 0.8497306901951304,
        "gndvi_mean": 0.8705277033946294,
        "cire_mean": 0.28316077613126295,
        "ndre_mean": 0.590707426530115,
        "ndmi_mean": 0.812279657536573,
        "msi_mean": 0.9758516398615953
    },
    "rsquared": 0.8791845907333706,
    "aic": 68.37040510683087,
    "fvalue": 5.821671894803316,
    "f_pvalue": 0.05632162490692066,
    "mse_model": 239.1382086794768,
    "rmse_model": 15.464094175847379
}