{
    "coefs": {
        "const": 42.91055040094932,
        "ndvi_mean": 198.25721841696918,
        "gndvi_mean": 124.5079932550484,
        "cire_mean": 140.81003829558128,
        "ndre_mean": -956.8454295795339,
        "ndmi_mean": 161.84844520823276
    },
    "p_values": {
        "const": 0.7385696778599226,
        "ndvi_mean": 0.7897932885014695,
        "gndvi_mean": 0.7812197647624296,
        "cire_mean": 0.3075096653203328,
        "ndre_mean": 0.6050697793189341,
        "ndmi_mean": 0.5646079584335658
    },
    "rsquared": 0.88155833042218,
    "aic": 68.17197272699019,
    "fvalue": 5.954379627132615,
    "f_pvalue": 0.05426917733657517,
    "mse_model": 239.78386587483297,
    "rmse_model": 15.484956114720925
}