{
    "coefs": {
        "const": 60.516779812940115,
        "ndvi_mean": 236.24611878713404,
        "gndvi_mean": -167.27652914830173,
        "cire_mean": 129.61541927603656,
        "ndre1_mean": -739.7854666173826,
        "ndmi_mean": 98.47145614837359
    },
    "p_values": {
        "const": 0.6316623499117622,
        "ndvi_mean": 0.8420202825687171,
        "gndvi_mean": 0.6857972840254725,
        "cire_mean": 0.45166060082370457,
        "ndre1_mean": 0.7405356109318539,
        "ndmi_mean": 0.6849010703626788
    },
    "rsquared": 0.8761583871015557,
    "aic": 68.6178010697061,
    "fvalue": 5.65986418681446,
    "f_pvalue": 0.05898496978774435,
    "mse_model": 238.31508129162316,
    "rmse_model": 15.437457086308715
}