{
    "coefs": {
        "const": 20.679647079749998,
        "ndvi_mean": 270.8800366655405,
        "gndvi_mean": -168.26926315567596,
        "cire_mean": 122.7487318183068,
        "ndre1_mean": -389.92546816443837,
        "ndre_mean": -179.43059476304825
    },
    "p_values": {
        "const": 0.8746026139513042,
        "ndvi_mean": 0.8233714429230821,
        "gndvi_mean": 0.8210623628647907,
        "cire_mean": 0.4812825267161503,
        "ndre1_mean": 0.8998081467212148,
        "ndre_mean": 0.9354485033306692
    },
    "rsquared": 0.8704959426947902,
    "aic": 69.0648888435422,
    "fvalue": 5.377412635919149,
    "f_pvalue": 0.06410704303610047,
    "mse_model": 236.77489641298297,
    "rmse_model": 15.387491556877714
}