{
    "coefs": {
        "const": 147.11348637914716,
        "gndvi_mean": 129.4150171757119,
        "cire_mean": 127.44228245931242,
        "ndre1_mean": 358.7307603452348,
        "ndre_mean": -954.4888193094857,
        "msi_mean": -83.22487544330681
    },
    "p_values": {
        "const": 0.5750535762790465,
        "gndvi_mean": 0.8563915077708503,
        "cire_mean": 0.21992069220861082,
        "ndre1_mean": 0.8543679595937519,
        "ndre_mean": 0.7092777287773504,
        "msi_mean": 0.601457863016849
    },
    "rsquared": 0.8784060136251074,
    "aic": 68.43464187318587,
    "fvalue": 5.779272740787354,
    "f_pvalue": 0.05700186218495429,
    "mse_model": 238.92643570602922,
    "rmse_model": 15.457245411328282
}