{
    "coefs": {
        "const": 63.766967315826605,
        "gndvi_mean": -94.57671591536013,
        "cire_mean": 98.00054802056565,
        "ndre1_mean": -317.7510137336658,
        "ndmi_mean": 110.0471393125581,
        "msi_mean": 4.399934614576068
    },
    "p_values": {
        "const": 0.8835017760748805,
        "gndvi_mean": 0.7248498843719575,
        "cire_mean": 0.3089711201332653,
        "ndre1_mean": 0.6872490965292578,
        "ndmi_mean": 0.8522936523847419,
        "msi_mean": 0.9892971667543683
    },
    "rsquared": 0.8747651468370221,
    "aic": 68.72967472984755,
    "fvalue": 5.587998067589841,
    "f_pvalue": 0.060228601002322656,
    "mse_model": 237.93611993967002,
    "rmse_model": 15.425178116951196
}