{
    "coefs": {
        "const": 83.01069557417873,
        "ndvi_mean": 112.1065190440122,
        "cire_mean": 124.49120063251527,
        "ndre_mean": -610.4560592264638,
        "ndmi_mean": 56.6499916038581,
        "msi_mean": -29.42107834826311
    },
    "p_values": {
        "const": 0.8400340293660218,
        "ndvi_mean": 0.8675416837619195,
        "cire_mean": 0.36919697711022226,
        "ndre_mean": 0.6397491049317803,
        "ndmi_mean": 0.9139033239865029,
        "msi_mean": 0.9276986690891478
    },
    "rsquared": 0.8792273405694377,
    "aic": 68.36686603830452,
    "fvalue": 5.824015764594113,
    "f_pvalue": 0.05628437510810637,
    "mse_model": 239.14983663488707,
    "rmse_model": 15.464470137540667
}