{
    "coefs": {
        "const": 122.79426684774853,
        "ndvi_mean": 304.23355037895044,
        "gndvi_mean": -218.4374887813383,
        "cire_mean": 147.7459083270238,
        "ndre1_mean": -878.0794811399537,
        "msi_mean": -53.24823026089234
    },
    "p_values": {
        "const": 0.6369645652423552,
        "ndvi_mean": 0.7974641738794952,
        "gndvi_mean": 0.582784302598414,
        "cire_mean": 0.4234034525405531,
        "ndre1_mean": 0.7072484625546158,
        "msi_mean": 0.6925916133131778
    },
    "rsquared": 0.8758651708360918,
    "aic": 68.6414498001806,
    "fvalue": 5.644605477675217,
    "f_pvalue": 0.05924579010399436,
    "mse_model": 238.23532646741697,
    "rmse_model": 15.434873710769939
}