{
    "coefs": {
        "const": 138.36752975334252,
        "ndvi_mean": 296.65837473261627,
        "cire_mean": 164.3187041423436,
        "ndre1_mean": -296.5107108898851,
        "ndre_mean": -802.2280817190085,
        "msi_mean": -79.72613257485648
    },
    "p_values": {
        "const": 0.5913311551761574,
        "ndvi_mean": 0.7717899499871907,
        "cire_mean": 0.37592185953332913,
        "ndre1_mean": 0.8432699238478683,
        "ndre_mean": 0.5137165259321481,
        "msi_mean": 0.5682684865519086
    },
    "rsquared": 0.880159909478944,
    "aic": 68.2893494828115,
    "fvalue": 5.875562380849831,
    "f_pvalue": 0.0554743949823005,
    "mse_model": 239.4034953782728,
    "rmse_model": 15.472669303590534
}