{
    "coefs": {
        "const": -72.0917744437561,
        "ndvi_mean": -442.2346304556927,
        "ndre1_mean": 560.902837178279,
        "ndre_mean": 251.06953960078636,
        "ndmi_mean": 231.6764568008624,
        "msi_mean": 109.58882585114941
    },
    "p_values": {
        "const": 0.854483817502182,
        "ndvi_mean": 0.44938919028087493,
        "ndre1_mean": 0.6345837197431372,
        "ndre_mean": 0.7411006930499444,
        "ndmi_mean": 0.674677893771186,
        "msi_mean": 0.7145309386703114
    },
    "rsquared": 0.8577471678305341,
    "aic": 70.00382655774428,
    "fvalue": 4.823789613179437,
    "f_pvalue": 0.0762805899079229,
    "mse_model": 233.30722964990528,
    "rmse_model": 15.274397849012093
}