{
    "coefs": {
        "const": -343.5432102610059,
        "ndvi_mean": -86.87332335296125,
        "gndvi_mean": 299.2399478476357,
        "ndre1_mean": -288.35404589713653,
        "ndmi_mean": 892.0388121010589,
        "msi_mean": 352.28223270712846
    },
    "p_values": {
        "const": 0.07283507105880943,
        "ndvi_mean": 0.779105684386121,
        "gndvi_mean": 0.14466438597823097,
        "ndre1_mean": 0.47308046553217786,
        "ndmi_mean": 0.028485688227164435,
        "msi_mean": 0.03859772518132171
    },
    "rsquared": 0.7065735310439613,
    "aic": 161.85577546226926,
    "fvalue": 7.705628286994876,
    "f_pvalue": 0.0007388351214849654,
    "mse_model": 563.4923910075591,
    "rmse_model": 23.737994671150282
}