{
    "coefs": {
        "const": 74.26040570048232,
        "gndvi_mean": -181.01336461774923,
        "cire_mean": 47.222898618202336,
        "ndre1_mean": -937.3396379250116,
        "ndre_mean": 886.104650768844,
        "msi_mean": -24.59486990000691
    },
    "p_values": {
        "const": 0.6221904556000016,
        "gndvi_mean": 0.651158998555521,
        "cire_mean": 0.4494656384665928,
        "ndre1_mean": 0.31687773765721305,
        "ndre_mean": 0.459331698717083,
        "msi_mean": 0.7312247735885575
    },
    "rsquared": 0.654030077088328,
    "aic": 165.47972033768684,
    "fvalue": 6.049358941577643,
    "f_pvalue": 0.0025031455217186514,
    "mse_model": 521.5889864779417,
    "rmse_model": 22.83832275973745
}