{
    "coefs": {
        "const": -16.36890044124263,
        "ndvi_mean": -17.722726464845124,
        "gndvi_mean": 111.19332150707407,
        "cire_mean": 55.93919168822959,
        "ndre_mean": -120.3351286430402,
        "msi_mean": 8.876873079860367
    },
    "p_values": {
        "const": 0.9131979192444122,
        "ndvi_mean": 0.9693826996937661,
        "gndvi_mean": 0.6984686501554727,
        "cire_mean": 0.5491181354791178,
        "ndre_mean": 0.9076657593719278,
        "msi_mean": 0.905221363293587
    },
    "rsquared": 0.6309826171720714,
    "aic": 166.89854230461032,
    "fvalue": 5.471678216015498,
    "f_pvalue": 0.004009335202912418,
    "mse_model": 503.2086371947269,
    "rmse_model": 22.432312346138705
}