{
    "coefs": {
        "const": 29.764629032434883,
        "ndvi_mean": -154.26173170199627,
        "gndvi_mean": 210.4742600350162,
        "cire_mean": 51.22199685284214,
        "ndre_mean": -161.19768527631015,
        "ndmi_mean": 90.77396909947326
    },
    "p_values": {
        "const": 0.7263324013348019,
        "ndvi_mean": 0.733477646592049,
        "gndvi_mean": 0.503212588154407,
        "cire_mean": 0.5813438386753793,
        "ndre_mean": 0.8759821473176418,
        "ndmi_mean": 0.6121156199542283
    },
    "rsquared": 0.6367178463359833,
    "aic": 166.55393571903954,
    "fvalue": 5.60858023914804,
    "f_pvalue": 0.0035772735964980373,
    "mse_model": 507.7824824529466,
    "rmse_model": 22.534029432237517
}