{
    "coefs": {
        "const": 27.772240546864438,
        "ndvi_mean": 445.26462807739057,
        "gndvi_mean": -327.49690323980684,
        "cire_mean": 102.83030504592352,
        "ndre1_mean": -1441.2946626752087,
        "ndre_mean": 701.3163002153487
    },
    "p_values": {
        "const": 0.6590269553093431,
        "ndvi_mean": 0.4149084149831903,
        "gndvi_mean": 0.4535923188400772,
        "cire_mean": 0.2910987812079634,
        "ndre1_mean": 0.2114647856766411,
        "ndre_mean": 0.5532254710469021
    },
    "rsquared": 0.6660124132140413,
    "aic": 164.704263979004,
    "fvalue": 6.381194411428145,
    "f_pvalue": 0.0019316463576774664,
    "mse_model": 531.1448995381979,
    "rmse_model": 23.046581081327396
}