{
    "coefs": {
        "const": -256.1661555459386,
        "ndvi_mean": 17.57765766080749,
        "ndre1_mean": -752.1832621196804,
        "ndre_mean": 613.5613573805911,
        "ndmi_mean": 704.7833326621561,
        "msi_mean": 281.4019104979699
    },
    "p_values": {
        "const": 0.2214618576931307,
        "ndvi_mean": 0.9513118148533477,
        "ndre1_mean": 0.22269374738787343,
        "ndre_mean": 0.2044966638154544,
        "ndmi_mean": 0.0808891119231076,
        "msi_mean": 0.1189706124122377
    },
    "rsquared": 0.696620087674399,
    "aic": 162.58966862133605,
    "fvalue": 7.347830854949999,
    "f_pvalue": 0.0009476045722634545,
    "mse_model": 555.5545199203332,
    "rmse_model": 23.57020407040069
}