{
    "coefs": {
        "const": 25.53311537299288,
        "ndvi_mean": 246.13802385561877,
        "cire_mean": 100.56194719783319,
        "ndre1_mean": -810.9707599965101,
        "ndre_mean": 84.62226385869548,
        "msi_mean": -14.61669730756114
    },
    "p_values": {
        "const": 0.8656493146030478,
        "ndvi_mean": 0.6323574409995746,
        "cire_mean": 0.3095178401774118,
        "ndre1_mean": 0.2784004924250672,
        "ndre_mean": 0.9188996956743867,
        "msi_mean": 0.8426364598220627
    },
    "rsquared": 0.6545747378589803,
    "aic": 165.44505842596942,
    "fvalue": 6.0639431759151465,
    "f_pvalue": 0.0024743755372333438,
    "mse_model": 522.0233534425367,
    "rmse_model": 22.84783038808142
}