{
    "coefs": {
        "const": -346.8045544635187,
        "ndvi_mean": -233.6363556290432,
        "gndvi_mean": 348.85777140397255,
        "cire_mean": -20.91657416729385,
        "ndmi_mean": 882.7082204930317,
        "msi_mean": 352.83224875242024
    },
    "p_values": {
        "const": 0.12726557650204617,
        "ndvi_mean": 0.38607720482919883,
        "gndvi_mean": 0.17804061883860767,
        "cire_mean": 0.6157091622865319,
        "ndmi_mean": 0.0689748412313824,
        "msi_mean": 0.07950551815358126
    },
    "rsquared": 0.7015588906178868,
    "aic": 162.22857753262875,
    "fvalue": 7.522383409662359,
    "f_pvalue": 0.0008384822602178605,
    "mse_model": 559.4932152677648,
    "rmse_model": 23.653608926922015
}