{
    "coefs": {
        "const": -407.2423927789974,
        "gndvi_mean": 327.9335999837021,
        "ndre1_mean": -232.8453599816901,
        "ndre_mean": -160.58310087612205,
        "ndmi_mean": 963.5003990439383,
        "msi_mean": 394.4414938578398
    },
    "p_values": {
        "const": 0.1431925055688321,
        "gndvi_mean": 0.4978330010341453,
        "ndre1_mean": 0.8066636420611333,
        "ndre_mean": 0.8958711628226697,
        "ndmi_mean": 0.07991727813549843,
        "msi_mean": 0.09302788003930978
    },
    "rsquared": 0.7054067984598302,
    "aic": 161.9430791761533,
    "fvalue": 7.66243668648836,
    "f_pvalue": 0.0007610672834907618,
    "mse_model": 562.5619217717145,
    "rmse_model": 23.71838784090762
}