{
    "coefs": {
        "const": -227.5311291394595,
        "ndvi_mean": 364.55660551372944,
        "cire_mean": 80.70556700632956,
        "ndre1_mean": -969.7694744723891,
        "ndmi_mean": 623.7889750366162,
        "msi_mean": 250.59281450702622
    },
    "p_values": {
        "const": 0.28403234212584366,
        "ndvi_mean": 0.2283800950074118,
        "cire_mean": 0.16584686086294578,
        "ndre1_mean": 0.17155108138474445,
        "ndmi_mean": 0.12657311528049234,
        "msi_mean": 0.17316306484981386
    },
    "rsquared": 0.7026230706244301,
    "aic": 162.14998983129553,
    "fvalue": 7.5607540595678975,
    "f_pvalue": 0.0008164292289946492,
    "mse_model": 560.341898822983,
    "rmse_model": 23.671541961245005
}