{
    "coefs": {
        "const": -195.93212491380456,
        "cire_mean": 18.43547788845453,
        "ndre1_mean": -784.0375224360625,
        "ndre_mean": 552.1167585378539,
        "ndmi_mean": 633.3586346363597,
        "msi_mean": 240.47719412853394
    },
    "p_values": {
        "const": 0.3431600883220818,
        "cire_mean": 0.7452429657069182,
        "ndre1_mean": 0.20430419018731366,
        "ndre_mean": 0.2649451521626203,
        "ndmi_mean": 0.12572950369042363,
        "msi_mean": 0.19057178203185382
    },
    "rsquared": 0.6986058624705876,
    "aic": 162.44519416007367,
    "fvalue": 7.417326621649102,
    "f_pvalue": 0.0009023575986408998,
    "mse_model": 557.1381753202937,
    "rmse_model": 23.6037745989978
}