{
    "coefs": {
        "const": -397.4538387542818,
        "ndvi_mean": -122.60946483773193,
        "gndvi_mean": 443.63073021158704,
        "ndre_mean": -360.90878063013776,
        "ndmi_mean": 990.7955898368909,
        "msi_mean": 394.73635958226055
    },
    "p_values": {
        "const": 0.09213841489585024,
        "ndvi_mean": 0.6647347936542602,
        "gndvi_mean": 0.15012324496074217,
        "ndre_mean": 0.44585546927327147,
        "ndmi_mean": 0.045969897822250236,
        "msi_mean": 0.05491843941100613
    },
    "rsquared": 0.7078268575665101,
    "aic": 161.76160454732698,
    "fvalue": 7.7524098394103635,
    "f_pvalue": 0.0007155727368388959,
    "mse_model": 564.4919189092918,
    "rmse_model": 23.759038678138722
}