{
    "coefs": {
        "const": -299.9079205559357,
        "gndvi_mean": 242.11224244519124,
        "cire_mean": 22.62617810988488,
        "ndre1_mean": -470.27099161716677,
        "ndmi_mean": 816.270368432343,
        "msi_mean": 317.57919364630567
    },
    "p_values": {
        "const": 0.19661688294874174,
        "gndvi_mean": 0.184359120324942,
        "cire_mean": 0.6693900986383126,
        "ndre1_mean": 0.2903900720082705,
        "ndmi_mean": 0.07330385531578736,
        "msi_mean": 0.10971253614329114
    },
    "rsquared": 0.708527957868008,
    "aic": 161.70874978398845,
    "fvalue": 7.7787545199648775,
    "f_pvalue": 0.000702834802680225,
    "mse_model": 565.0510463997364,
    "rmse_model": 23.77080239284607
}