{
    "coefs": {
        "const": -248.5169142800651,
        "ndvi_mean": -74.45085393932135,
        "cire_mean": -6.89824933742338,
        "ndre_mean": 230.7985816336029,
        "ndmi_mean": 557.2884311277886,
        "msi_mean": 258.28480027214806
    },
    "p_values": {
        "const": 0.2691347077481781,
        "ndvi_mean": 0.8650021724638655,
        "cire_mean": 0.9362178465532187,
        "ndre_mean": 0.7791247565105596,
        "ndmi_mean": 0.1912709168838983,
        "msi_mean": 0.18425435648697405
    },
    "rsquared": 0.6662376086335747,
    "aic": 164.6894251932918,
    "fvalue": 6.3876590136449485,
    "f_pvalue": 0.001922068894243029,
    "mse_model": 531.3244928852758,
    "rmse_model": 23.05047706415804
}