{
    "coefs": {
        "const": 21.35152900948124,
        "ndvi_mean": 485.894586341529,
        "gndvi_mean": -130.87754640020927,
        "cire_mean": 134.1242428348034,
        "ndre1_mean": -1087.9901485115622,
        "msi_mean": -5.1363737873575985
    },
    "p_values": {
        "const": 0.8841819454198606,
        "ndvi_mean": 0.38722807238060153,
        "gndvi_mean": 0.6662661747156468,
        "cire_mean": 0.11820139407135304,
        "ndre1_mean": 0.2705588747531116,
        "msi_mean": 0.9437273042011518
    },
    "rsquared": 0.6584645876035673,
    "aic": 165.19590993121298,
    "fvalue": 6.169453016736203,
    "f_pvalue": 0.0022769242750947604,
    "mse_model": 525.1255086138449,
    "rmse_model": 22.915617133602247
}