{
    "coefs": {
        "const": 58.51827964421105,
        "ndvi_mean": -130.4741174996696,
        "gndvi_mean": -207.70386584851747,
        "ndre1_mean": -1001.0977299083547,
        "ndre_mean": 1297.4799563855072,
        "ndmi_mean": 106.4530164991283
    },
    "p_values": {
        "const": 0.5011644383447054,
        "ndvi_mean": 0.7217839285894547,
        "gndvi_mean": 0.6607830675737913,
        "ndre1_mean": 0.3533464613564776,
        "ndre_mean": 0.21744296694594392,
        "ndmi_mean": 0.544255021921229
    },
    "rsquared": 0.6495392981498389,
    "aic": 165.76344854407625,
    "fvalue": 5.930838302572809,
    "f_pvalue": 0.0027513308520794714,
    "mse_model": 518.0075902744966,
    "rmse_model": 22.759780101628763
}