{
    "coefs": {
        "const": 48.475841307825235,
        "ndvi_mean": 185.82485750547238,
        "cire_mean": 95.03196324210447,
        "ndre1_mean": -997.2537409420345,
        "ndre_mean": 219.16412696471798,
        "ndmi_mean": 122.99881903138197
    },
    "p_values": {
        "const": 0.5577321305397585,
        "ndvi_mean": 0.7112803158154704,
        "cire_mean": 0.32816803056118615,
        "ndre1_mean": 0.18347219808020457,
        "ndre_mean": 0.7899273939184663,
        "ndmi_mean": 0.44693228459647427
    },
    "rsquared": 0.6663731057542128,
    "aic": 164.68049206607725,
    "fvalue": 6.391552884949734,
    "f_pvalue": 0.001916325685113804,
    "mse_model": 531.4325518389848,
    "rmse_model": 23.05282090849154
}