{
    "coefs": {
        "const": -394.83652198267976,
        "gndvi_mean": 472.6478917916997,
        "cire_mean": 31.166965490934476,
        "ndre_mean": -678.7171021293018,
        "ndmi_mean": 964.8834345264618,
        "msi_mean": 387.36559395666495
    },
    "p_values": {
        "const": 0.07733935255549822,
        "gndvi_mean": 0.13812306660626886,
        "cire_mean": 0.5883133783993995,
        "ndre_mean": 0.27619146104175385,
        "ndmi_mean": 0.053439805129251707,
        "msi_mean": 0.05772747645500861
    },
    "rsquared": 0.7098012737271147,
    "aic": 161.6124307142734,
    "fvalue": 7.826926413835856,
    "f_pvalue": 0.0006801951930292005,
    "mse_model": 566.066515797374,
    "rmse_model": 23.79215239942309
}