{
    "coefs": {
        "const": 36.476078330371706,
        "ndvi_mean": -41.702904909164744,
        "gndvi_mean": -303.4476701620833,
        "ndre1_mean": -996.1972131811992,
        "ndre_mean": 1394.7085253442124,
        "msi_mean": -6.982668157170956
    },
    "p_values": {
        "const": 0.8158837894490618,
        "ndvi_mean": 0.9095773861855393,
        "gndvi_mean": 0.5027602511105226,
        "ndre1_mean": 0.3710673001417524,
        "ndre_mean": 0.1947455291531327,
        "msi_mean": 0.9259160334938489
    },
    "rsquared": 0.6413308104356921,
    "aic": 166.2727904804263,
    "fvalue": 5.721870328162809,
    "f_pvalue": 0.0032588821988839053,
    "mse_model": 511.46132132246447,
    "rmse_model": 22.61551063589908
}