{
    "coefs": {
        "const": 69.45199530570618,
        "gndvi_mean": -107.9235153183098,
        "cire_mean": 54.72023004333407,
        "ndre1_mean": -1012.9008385081988,
        "ndre_mean": 743.503340223561,
        "ndmi_mean": 127.04842160741315
    },
    "p_values": {
        "const": 0.40310384228196205,
        "gndvi_mean": 0.7882858393612221,
        "cire_mean": 0.363604294077714,
        "ndre1_mean": 0.24147030835231942,
        "ndre_mean": 0.5283555426826048,
        "ndmi_mean": 0.4323317184496682
    },
    "rsquared": 0.6649742594138099,
    "aic": 164.77254184733027,
    "fvalue": 6.351504891537594,
    "f_pvalue": 0.001976323569843403,
    "mse_model": 530.3169718825134,
    "rmse_model": 23.028612026835518
}