{
    "coefs": {
        "const": 45.18031078098953,
        "ndvi_mean": 374.93544612323655,
        "gndvi_mean": -55.86118805951625,
        "cire_mean": 126.88960085634682,
        "ndre1_mean": -1102.7507911836703,
        "ndmi_mean": 98.19283806555796
    },
    "p_values": {
        "const": 0.579660800088494,
        "ndvi_mean": 0.5162056190124635,
        "gndvi_mean": 0.8625018102314682,
        "cire_mean": 0.13412934579532482,
        "ndre1_mean": 0.25343192771748385,
        "ndmi_mean": 0.5672244248929514
    },
    "rsquared": 0.665490418273291,
    "aic": 164.73862131534412,
    "fvalue": 6.366243165537685,
    "f_pvalue": 0.0019540022878448355,
    "mse_model": 530.7286085729495,
    "rmse_model": 23.037547798603686
}