{
    "coefs": {
        "const": -130.0567411168288,
        "ndvi_mean": 128.9429751105771,
        "cire_mean": 21.09274443899531,
        "ndmi_mean": 44.1416150904995,
        "msi_mean": 103.05083742638652
    },
    "p_values": {
        "const": 0.6079876683696201,
        "ndvi_mean": 0.55519536774316,
        "cire_mean": 0.5172483058535333,
        "ndmi_mean": 0.9065969052865867,
        "msi_mean": 0.595971699868113
    },
    "rsquared": 0.16768792027664048,
    "aic": 251.20418322781325,
    "fvalue": 1.3095706626779264,
    "f_pvalue": 0.29250945031573344,
    "mse_model": 218.87330561914723,
    "rmse_model": 14.794367361234046
}