{
    "coefs": {
        "const": -18.74004525909571,
        "ndvi_mean": -60.85426940206469,
        "ndre1_mean": -1057.2680050076385,
        "ndre_mean": 1198.5983639433343,
        "ndmi_mean": -61.472348212484775
    },
    "p_values": {
        "const": 0.808933110057526,
        "ndvi_mean": 0.8010654236914703,
        "ndre1_mean": 0.1407304887467905,
        "ndre_mean": 0.022989036304391638,
        "ndmi_mean": 0.7239756968505573
    },
    "rsquared": 0.29380842954553077,
    "aic": 246.11023472723764,
    "fvalue": 2.704301314184377,
    "f_pvalue": 0.05235952866878962,
    "mse_model": 383.49108324148506,
    "rmse_model": 19.58292836226199
}