{
    "coefs": {
        "const": -107.04349274070464,
        "gndvi_mean": 304.90585769807626,
        "cire_mean": 21.522282955929814,
        "ndre1_mean": -177.903156336048,
        "msi_mean": 48.957788657592566
    },
    "p_values": {
        "const": 0.5247378285874122,
        "gndvi_mean": 0.15567962709847663,
        "cire_mean": 0.6114935995288423,
        "ndre1_mean": 0.7187235353821166,
        "msi_mean": 0.5921085117507913
    },
    "rsquared": 0.22269849292668698,
    "aic": 249.08442953997132,
    "fvalue": 1.862263472862323,
    "f_pvalue": 0.147292303474531,
    "mse_model": 290.67541193697,
    "rmse_model": 17.049205610144128
}