{
    "coefs": {
        "const": -72.58078500354578,
        "gndvi_mean": 18.799025273913188,
        "cire_mean": -9.480119607491215,
        "ndre_mean": 437.26407941707976,
        "ndmi_mean": -226.16339423084926
    },
    "p_values": {
        "const": 0.3449994652990146,
        "gndvi_mean": 0.9592399537919116,
        "cire_mean": 0.8492299091105374,
        "ndre_mean": 0.5372691039719675,
        "ndmi_mean": 0.2656711224546428
    },
    "rsquared": 0.21078330248700872,
    "aic": 249.556020646864,
    "fvalue": 1.7360142917440038,
    "f_pvalue": 0.17236309748109305,
    "mse_model": 275.1232057058255,
    "rmse_model": 16.58683832759654
}