{
    "coefs": {
        "const": -28.075847591177627,
        "gndvi_mean": 309.5919880949603,
        "cire_mean": 33.34577638198221,
        "ndre1_mean": -348.9098904922366,
        "ndmi_mean": -18.81551893274792
    },
    "p_values": {
        "const": 0.7249221916933193,
        "gndvi_mean": 0.17275096719778787,
        "cire_mean": 0.36383732123695367,
        "ndre1_mean": 0.48353480356839373,
        "ndmi_mean": 0.9231261111995237
    },
    "rsquared": 0.2141874750334477,
    "aic": 249.4220174020267,
    "fvalue": 1.7716930482581315,
    "f_pvalue": 0.16487226605533448,
    "mse_model": 279.5664744690605,
    "rmse_model": 16.720241459651845
}