{
    "coefs": {
        "const": -41.547932054567184,
        "cire_mean": -7.750940966892992,
        "ndre1_mean": -1119.4928519396158,
        "ndre_mean": 1252.444454579827,
        "ndmi_mean": -74.72845935287793
    },
    "p_values": {
        "const": 0.5752118215650457,
        "cire_mean": 0.8409918853711568,
        "ndre1_mean": 0.09339490587550459,
        "ndre_mean": 0.03269822517378664,
        "ndmi_mean": 0.6703514718052519
    },
    "rsquared": 0.29316472245348024,
    "aic": 246.13847894816269,
    "fvalue": 2.6959190584856003,
    "f_pvalue": 0.052891384658471735,
    "mse_model": 382.6508897507723,
    "rmse_model": 19.5614644071136
}