{
    "coefs": {
        "const": -21.298843099226595,
        "ndvi_mean": -506.76138867318133,
        "gndvi_mean": 520.6592044993638,
        "cire_mean": -21.927193502492113,
        "ndre1_mean": 436.48490791685714
    },
    "p_values": {
        "const": 0.7258046250191964,
        "ndvi_mean": 0.39949008459145297,
        "gndvi_mean": 0.11002341681348729,
        "cire_mean": 0.7694933164114852,
        "ndre1_mean": 0.6680183568711712
    },
    "rsquared": 0.23547687344400314,
    "aic": 248.57057231188605,
    "fvalue": 2.0020318865709466,
    "f_pvalue": 0.12380336873198121,
    "mse_model": 307.3542900557412,
    "rmse_model": 17.531522753478697
}