{
    "coefs": {
        "const": -147.7588077513663,
        "ndvi_mean": -233.39996847430257,
        "gndvi_mean": 444.43273988987187,
        "ndmi_mean": 203.25719340574756,
        "msi_mean": 110.71056736405984
    },
    "p_values": {
        "const": 0.44258155192634074,
        "ndvi_mean": 0.44125287925617607,
        "gndvi_mean": 0.08288368641439617,
        "ndmi_mean": 0.4010680499717394,
        "msi_mean": 0.4402648022156309
    },
    "rsquared": 0.24798447810009094,
    "aic": 248.0592176735467,
    "fvalue": 2.1434386135784176,
    "f_pvalue": 0.10390863108923193,
    "mse_model": 323.67974016532025,
    "rmse_model": 17.99110169404087
}