{
    "coefs": {
        "const": -212.32195963753276,
        "gndvi_mean": 99.18340636160822,
        "cire_mean": -23.832173172317646,
        "ndre_mean": 423.3768764585369,
        "msi_mean": 115.45980262600969
    },
    "p_values": {
        "const": 0.15185464626464526,
        "gndvi_mean": 0.7494134874865308,
        "cire_mean": 0.6461145131139259,
        "ndre_mean": 0.48374389369427095,
        "msi_mean": 0.15857202864799777
    },
    "rsquared": 0.23361335715859322,
    "aic": 248.64604251207038,
    "fvalue": 1.9813586728247377,
    "f_pvalue": 0.12702200510926248,
    "mse_model": 304.921950452567,
    "rmse_model": 17.46201450155643
}