{
    "coefs": {
        "const": -12.07943223600607,
        "ndvi_mean": -309.76576130188556,
        "gndvi_mean": 470.6561138376064,
        "cire_mean": 5.09130007155758,
        "ndmi_mean": 39.95912123683701
    },
    "p_values": {
        "const": 0.8810826428434655,
        "ndvi_mean": 0.30614670740157923,
        "gndvi_mean": 0.1290415580555569,
        "cire_mean": 0.8610622452401857,
        "ndmi_mean": 0.84206572026788
    },
    "rsquared": 0.23114138977916932,
    "aic": 248.74587158476487,
    "fvalue": 1.954090145564056,
    "f_pvalue": 0.13139814368238986,
    "mse_model": 301.6954349657948,
    "rmse_model": 17.36938211237794
}