{
    "coefs": {
        "const": -55.04795538258037,
        "ndre1_mean": -1101.5727250916677,
        "ndre_mean": 1174.4774621362858,
        "ndmi_mean": -22.279300672661975,
        "msi_mean": 24.26129728142064
    },
    "p_values": {
        "const": 0.6933826266983484,
        "ndre1_mean": 0.10491976798304486,
        "ndre_mean": 0.032060810614201206,
        "ndmi_mean": 0.9419513154134835,
        "msi_mean": 0.8566635339191475
    },
    "rsquared": 0.2929533554805034,
    "aic": 246.14774758100788,
    "fvalue": 2.693169998589484,
    "f_pvalue": 0.05306704005958918,
    "mse_model": 382.3750047138667,
    "rmse_model": 19.554411387558222
}