{
    "coefs": {
        "const": -13.522511064448096,
        "gndvi_mean": -137.65936450403856,
        "ndre1_mean": -1239.1175104610406,
        "ndre_mean": 1437.6020535829887,
        "ndmi_mean": -90.48122924243128
    },
    "p_values": {
        "const": 0.8464802327587696,
        "gndvi_mean": 0.6516425051624499,
        "ndre1_mean": 0.08264796444551951,
        "ndre_mean": 0.05472292427193061,
        "ndmi_mean": 0.6131400921111831
    },
    "rsquared": 0.2976836982579948,
    "aic": 245.93965189190095,
    "fvalue": 2.7550891726101,
    "f_pvalue": 0.049254364342361946,
    "mse_model": 388.5492464762617,
    "rmse_model": 19.71165255569055
}