{
    "coefs": {
        "const": 6.378527681978051,
        "ndvi_mean": -37.42580686577745,
        "gndvi_mean": -61.64281876758622,
        "ndre1_mean": -1280.3595831733298,
        "ndre_mean": 1347.3701660469264
    },
    "p_values": {
        "const": 0.9151629046281547,
        "ndvi_mean": 0.913466649084272,
        "gndvi_mean": 0.8841151190702539,
        "ndre1_mean": 0.22325866912848513,
        "ndre_mean": 0.15658775463414
    },
    "rsquared": 0.29093768922080376,
    "aic": 246.2359974236715,
    "fvalue": 2.6670363819747798,
    "f_pvalue": 0.054767642261413604,
    "mse_model": 379.74407258376675,
    "rmse_model": 19.48702318425692
}