{
    "coefs": {
        "const": -227.14923292902643,
        "cire_mean": -34.275724189958424,
        "ndre_mean": 577.3597357357842,
        "ndmi_mean": 27.214463141587203,
        "msi_mean": 137.15173194817066
    },
    "p_values": {
        "const": 0.272131996501007,
        "cire_mean": 0.4897364090489684,
        "ndre_mean": 0.12472375485948035,
        "ndmi_mean": 0.938880532527751,
        "msi_mean": 0.41827064033292427
    },
    "rsquared": 0.23071889580581284,
    "aic": 248.7629016547653,
    "fvalue": 1.9494471066056838,
    "f_pvalue": 0.13215840395165393,
    "mse_model": 301.1439781142807,
    "rmse_model": 17.353500457091666
}