{
    "coefs": {
        "const": -21.076539623321736,
        "ndvi_mean": -590.9419741766635,
        "cire_mean": -88.77180231301745,
        "ndre_mean": 1467.3705377397607,
        "ndmi_mean": -135.85630334837853
    },
    "p_values": {
        "const": 0.7861898384560834,
        "ndvi_mean": 0.09368211533819351,
        "cire_mean": 0.1433351700960263,
        "ndre_mean": 0.03499951789622613,
        "ndmi_mean": 0.3981539721551546
    },
    "rsquared": 0.2930282289470898,
    "aic": 246.1444646287623,
    "fvalue": 2.694143622339252,
    "f_pvalue": 0.053004759263531646,
    "mse_model": 382.4727327023103,
    "rmse_model": 19.556910101094964
}