{
    "coefs": {
        "const": -2.385807655268586,
        "ndvi_mean": -675.9992488888586,
        "gndvi_mean": 238.6321751975887,
        "cire_mean": -79.25619609976131,
        "ndre_mean": 1150.2028722511045
    },
    "p_values": {
        "const": 0.9681349308852272,
        "ndvi_mean": 0.043427858780502024,
        "gndvi_mean": 0.38780303459283005,
        "cire_mean": 0.20724723753986923,
        "ndre_mean": 0.136922007718939
    },
    "rsquared": 0.29391252539126067,
    "aic": 246.10566484958525,
    "fvalue": 2.705658270034902,
    "f_pvalue": 0.052273956560905575,
    "mse_model": 383.6269535046414,
    "rmse_model": 19.586397154776613
}