{
    "coefs": {
        "const": -190.35391596972943,
        "ndvi_mean": 113.79747075096157,
        "ndre1_mean": 147.93588243255715,
        "ndmi_mean": 137.04416223458657,
        "msi_mean": 152.03593460926925
    },
    "p_values": {
        "const": 0.4424843300949023,
        "ndvi_mean": 0.7474315727903408,
        "ndre1_mean": 0.7650693840944491,
        "ndmi_mean": 0.7254417005096481,
        "msi_mean": 0.4213316978774848
    },
    "rsquared": 0.1568467351750491,
    "aic": 251.60536303096717,
    "fvalue": 1.209155940171187,
    "f_pvalue": 0.3307627683911554,
    "mse_model": 204.72293619420725,
    "rmse_model": 14.308142304094101
}