{
    "coefs": {
        "const": -227.06626555579533,
        "gndvi_mean": 266.48240980928495,
        "ndre_mean": 31.26777175514212,
        "ndmi_mean": 150.57115319002855,
        "msi_mean": 148.72642927183006
    },
    "p_values": {
        "const": 0.2749746538551629,
        "gndvi_mean": 0.4945308782734875,
        "ndre_mean": 0.952155115036748,
        "ndmi_mean": 0.746804492786168,
        "msi_mean": 0.4101913816880104
    },
    "rsquared": 0.23040359273513333,
    "aic": 248.7756049339477,
    "fvalue": 1.945985374465165,
    "f_pvalue": 0.1327281413687155,
    "mse_model": 300.732431324043,
    "rmse_model": 17.34163865740614
}