{
    "coefs": {
        "const": -97.31485035515429,
        "ndvi_mean": 269.9255205825341,
        "cire_mean": 47.31658970334945,
        "ndre1_mean": -369.4207663814376,
        "msi_mean": 70.01538560501584
    },
    "p_values": {
        "const": 0.5897938325853984,
        "ndvi_mean": 0.5110232926445069,
        "cire_mean": 0.4333038060527825,
        "ndre1_mean": 0.6763244393568193,
        "msi_mean": 0.45944863852908757
    },
    "rsquared": 0.1729099212168097,
    "aic": 251.00907372684532,
    "fvalue": 1.3588779707801102,
    "f_pvalue": 0.2752831946850374,
    "mse_model": 225.6892802333923,
    "rmse_model": 15.022958438117051
}