{
    "coefs": {
        "const": -55.150243077563985,
        "ndvi_mean": -289.97229576744917,
        "gndvi_mean": 304.64986033341745,
        "ndre_mean": 260.5327736746679,
        "msi_mean": 33.4232114526783
    },
    "p_values": {
        "const": 0.7477269017609534,
        "ndvi_mean": 0.3601890498681679,
        "gndvi_mean": 0.30846393314178805,
        "ndre_mean": 0.35692304450266443,
        "msi_mean": 0.7218967132798118
    },
    "rsquared": 0.25220531378893996,
    "aic": 247.88473392742895,
    "fvalue": 2.192225446177373,
    "f_pvalue": 0.09783169328306732,
    "mse_model": 329.18895190919295,
    "rmse_model": 18.143565027557095
}