{
    "coefs": {
        "const": 3.430094879355554,
        "ndvi_mean": -351.71539173618424,
        "cire_mean": -52.00110150391011,
        "ndre1_mean": -836.8969571323955,
        "ndre_mean": 1564.1506919024444
    },
    "p_values": {
        "const": 0.9460826061747134,
        "ndvi_mean": 0.43544578326825745,
        "cire_mean": 0.4672229600609258,
        "ndre1_mean": 0.284406516503339,
        "ndre_mean": 0.025596466775008108
    },
    "rsquared": 0.3049011012782268,
    "aic": 245.61942998071544,
    "fvalue": 2.85118730867354,
    "f_pvalue": 0.04389475038566337,
    "mse_model": 397.96970356355644,
    "rmse_model": 19.94917801724062
}