{
    "coefs": {
        "const": -12.247423876945888,
        "ndvi_mean": -324.4724864739217,
        "gndvi_mean": 286.7691073251983,
        "ndre_mean": 315.3854884983112,
        "ndmi_mean": -59.157635028309016
    },
    "p_values": {
        "const": 0.8777515533871255,
        "ndvi_mean": 0.24320515493314615,
        "gndvi_mean": 0.41643250281984867,
        "ndre_mean": 0.40623775571842335,
        "ndmi_mean": 0.7809738053032202
    },
    "rsquared": 0.25075639921391824,
    "aic": 247.9447408975122,
    "fvalue": 2.1754161038952002,
    "f_pvalue": 0.09988313012186763,
    "mse_model": 327.29776784494084,
    "rmse_model": 18.091372746282712
}