{
    "coefs": {
        "const": -48.081809978745724,
        "ndvi_mean": -29.355675796583796,
        "ndre1_mean": -1090.2479767855768,
        "ndre_mean": 1176.2262249748305,
        "msi_mean": 27.660081467733086
    },
    "p_values": {
        "const": 0.7722138034423935,
        "ndvi_mean": 0.9155132498041794,
        "ndre1_mean": 0.11584604669478464,
        "ndre_mean": 0.03158566564060521,
        "msi_mean": 0.7520654030348294
    },
    "rsquared": 0.29311833953194455,
    "aic": 246.14051311855343,
    "fvalue": 2.6953156567905334,
    "f_pvalue": 0.052929887823828854,
    "mse_model": 382.5903488164937,
    "rmse_model": 19.559916891860603
}