{
    "coefs": {
        "const": -11.906603580232328,
        "ndvi_mean": -363.751266437994,
        "gndvi_mean": 470.35859191526737,
        "ndre1_mean": 125.56425048417186,
        "ndmi_mean": 22.644819560010205
    },
    "p_values": {
        "const": 0.8825380617048839,
        "ndvi_mean": 0.2281687740848426,
        "gndvi_mean": 0.07969839258040995,
        "ndre1_mean": 0.7495772755788903,
        "ndmi_mean": 0.9095777250372465
    },
    "rsquared": 0.23328635912753526,
    "aic": 248.65926661648706,
    "fvalue": 1.9777414323859817,
    "f_pvalue": 0.12759387487366086,
    "mse_model": 304.4951389096095,
    "rmse_model": 17.449789079229856
}