{
    "coefs": {
        "const": -3.573225036113584,
        "ndvi_mean": 218.990124974372,
        "cire_mean": 55.00417775901214,
        "ndre1_mean": -383.9379087804544,
        "ndmi_mean": -100.82068236504253
    },
    "p_values": {
        "const": 0.966055874160942,
        "ndvi_mean": 0.5935903098864723,
        "cire_mean": 0.3512259540911169,
        "ndre1_mean": 0.6770648166162113,
        "ndmi_mean": 0.597333323952218
    },
    "rsquared": 0.16416709629091153,
    "aic": 251.33504200413455,
    "fvalue": 1.2766739872953414,
    "f_pvalue": 0.3045621221609129,
    "mse_model": 214.27777850551638,
    "rmse_model": 14.63823003322179
}