{
    "coefs": {
        "const": -41.75841345276549,
        "gndvi_mean": -73.08703348829226,
        "ndre1_mean": -1208.320822763478,
        "ndre_mean": 1309.2222044529358,
        "msi_mean": 28.697470798044577
    },
    "p_values": {
        "const": 0.7649738614259802,
        "gndvi_mean": 0.8067488618130881,
        "ndre1_mean": 0.1276250619258936,
        "ndre_mean": 0.09853251251971486,
        "msi_mean": 0.7093233393322399
    },
    "rsquared": 0.29446362764958545,
    "aic": 246.08145985912296,
    "fvalue": 2.7128489114543957,
    "f_pvalue": 0.051822934946293864,
    "mse_model": 384.34627528294675,
    "rmse_model": 19.604751344583455
}