{
    "coefs": {
        "const": -64.53587171798351,
        "ndvi_mean": -199.32934297568244,
        "gndvi_mean": 406.9063052028357,
        "cire_mean": 9.447721422114732,
        "msi_mean": 24.284917638633146
    },
    "p_values": {
        "const": 0.7110964585542288,
        "ndvi_mean": 0.5098503763930851,
        "gndvi_mean": 0.15094385707389468,
        "cire_mean": 0.683462310555439,
        "msi_mean": 0.7975517322088927
    },
    "rsquared": 0.23192776855039898,
    "aic": 248.7141489549959,
    "fvalue": 1.9627457338646326,
    "f_pvalue": 0.12999270474231686,
    "mse_model": 302.72184951517795,
    "rmse_model": 17.398903687163106
}