{
    "coefs": {
        "const": -57.899874111190854,
        "cire_mean": 19.898495509418588,
        "ndre1_mean": 128.5562849951014,
        "ndmi_mean": 2.9434350876354074,
        "msi_mean": 63.931945153402125
    },
    "p_values": {
        "const": 0.7979927240457135,
        "cire_mean": 0.686959222093291,
        "ndre1_mean": 0.7818034093951266,
        "ndmi_mean": 0.9936669379045291,
        "msi_mean": 0.7278894678103417
    },
    "rsquared": 0.15878483878602956,
    "aic": 251.53402324861673,
    "fvalue": 1.226917321152118,
    "f_pvalue": 0.32367541065805017,
    "mse_model": 207.25263030257156,
    "rmse_model": 14.396271402782443
}