{
    "coefs": {
        "const": -64.24135285546673,
        "ndvi_mean": -290.414402255832,
        "gndvi_mean": 425.851928790769,
        "ndre1_mean": 166.75224827264344,
        "msi_mean": 26.93865676124844
    },
    "p_values": {
        "const": 0.7107710397393914,
        "ndvi_mean": 0.41107033124589165,
        "gndvi_mean": 0.10582305737916353,
        "ndre1_mean": 0.5971697004488021,
        "msi_mean": 0.7762523417466798
    },
    "rsquared": 0.23532404666799078,
    "aic": 248.57676853595456,
    "fvalue": 2.0003326855994534,
    "f_pvalue": 0.12406475729078971,
    "mse_model": 307.15481413882503,
    "rmse_model": 17.525832765915148
}