{
    "coefs": {
        "const": -101.07828931920773,
        "cire_mean": -16.562762445672007,
        "ndre1_mean": -1046.1442900459717,
        "ndre_mean": 1249.7466143682718,
        "msi_mean": 48.54241192569071
    },
    "p_values": {
        "const": 0.5219692770172694,
        "cire_mean": 0.7031078999273294,
        "ndre1_mean": 0.1295606740538015,
        "ndre_mean": 0.03248244257526137,
        "msi_mean": 0.575525121473039
    },
    "rsquared": 0.296822566954121,
    "aic": 245.977638647871,
    "fvalue": 2.7437551242858307,
    "f_pvalue": 0.049930223605098294,
    "mse_model": 387.4252617864878,
    "rmse_model": 19.683121240963988
}