{
    "coefs": {
        "const": 22.78674544085925,
        "ndvi_mean": -232.7807417818483,
        "ndre_mean": 577.9322498660476,
        "ndmi_mean": -216.77582003430973,
        "msi_mean": -26.62941006488103
    },
    "p_values": {
        "const": 0.9263198382959394,
        "ndvi_mean": 0.47548218577866586,
        "ndre_mean": 0.11674985150477704,
        "ndmi_mean": 0.5559429172573158,
        "msi_mean": 0.8895078721421568
    },
    "rsquared": 0.23168648952015858,
    "aic": 248.72388563738605,
    "fvalue": 1.960088116816401,
    "f_pvalue": 0.13042259847951077,
    "mse_model": 302.4069220067553,
    "rmse_model": 17.389851120891038
}