{
    "coefs": {
        "const": 1.8345492778769454,
        "gndvi_mean": -152.99289775247223,
        "cire_mean": -14.720717452707635,
        "ndre1_mean": -1448.3760951950626,
        "ndre_mean": 1619.6894466084327
    },
    "p_values": {
        "const": 0.9756477878429334,
        "gndvi_mean": 0.6544759325821057,
        "cire_mean": 0.7388348897504928,
        "ndre1_mean": 0.043631144877125244,
        "ndre_mean": 0.09845497816179791
    },
    "rsquared": 0.2936941834535107,
    "aic": 246.11524943224583,
    "fvalue": 2.7028125037706925,
    "f_pvalue": 0.05245358422852508,
    "mse_model": 383.3419644512154,
    "rmse_model": 19.57912062507444
}