{
    "coefs": {
        "const": -258.6983258729115,
        "gndvi_mean": 395.21264668401034,
        "ndre1_mean": -235.21978470034344,
        "ndmi_mean": 326.7483798977927,
        "msi_mean": 186.38516104123607
    },
    "p_values": {
        "const": 0.11502499390830377,
        "gndvi_mean": 0.09493834461661918,
        "ndre1_mean": 0.5485962295502744,
        "ndmi_mean": 0.35140938850692194,
        "msi_mean": 0.19062159187541677
    },
    "rsquared": 0.24107790936994788,
    "aic": 248.34262463896,
    "fvalue": 2.064779020470655,
    "f_pvalue": 0.11453424217529448,
    "mse_model": 314.6649970284359,
    "rmse_model": 17.73879919916892
}