{
    "coefs": {
        "const": -289.2700444473728,
        "gndvi_mean": 336.22401415407523,
        "cire_mean": -12.157261986242844,
        "ndmi_mean": 274.5781905678007,
        "msi_mean": 197.71032206109044
    },
    "p_values": {
        "const": 0.21515495462168044,
        "gndvi_mean": 0.11783446681290155,
        "cire_mean": 0.7483534263295475,
        "ndmi_mean": 0.4870061906601345,
        "msi_mean": 0.28946816777308054
    },
    "rsquared": 0.23339466520477303,
    "aic": 248.65488724278435,
    "fvalue": 1.9789391685309077,
    "f_pvalue": 0.12740422849402636,
    "mse_model": 304.63650454348794,
    "rmse_model": 17.453839249388313
}