{
    "coefs": {
        "const": -87.55832487524859,
        "ndvi_mean": -545.3069797144269,
        "cire_mean": -92.37211009607032,
        "ndre_mean": 1405.8654125017958,
        "msi_mean": 63.3981384277649
    },
    "p_values": {
        "const": 0.5969841700652581,
        "ndvi_mean": 0.15491335827782754,
        "cire_mean": 0.1267334872914775,
        "ndre_mean": 0.044423383517266476,
        "msi_mean": 0.4476311741952549
    },
    "rsquared": 0.2892138086852867,
    "aic": 246.31127351514357,
    "fvalue": 2.6448034295337175,
    "f_pvalue": 0.05625920641217317,
    "mse_model": 377.49399141704544,
    "rmse_model": 19.429204600730454
}