{
    "coefs": {
        "const": -26.25552212362976,
        "ndvi_mean": 14.60662913856234,
        "cire_mean": 49.547818002301945,
        "msi_mean": 22.52903428962255
    },
    "p_values": {
        "const": 0.848734131627096,
        "ndvi_mean": 0.9390068037613835,
        "cire_mean": 0.0350405448626165,
        "msi_mean": 0.7174541243088899
    },
    "rsquared": 0.6270340681221209,
    "aic": 163.1326955461014,
    "fvalue": 10.087260221838685,
    "f_pvalue": 0.0004009663397659737,
    "mse_model": 833.4327822123191,
    "rmse_model": 28.869235913205586
}