{
    "coefs": {
        "const": 20.08046189512885,
        "ndvi_mean": -292.3784958197265,
        "gndvi_mean": 378.4995600266467,
        "ndmi_mean": 207.57410069313386
    },
    "p_values": {
        "const": 0.8075713518705461,
        "ndvi_mean": 0.30846396347504423,
        "gndvi_mean": 0.07978892643478433,
        "ndmi_mean": 0.17609338183364795
    },
    "rsquared": 0.5983056007686528,
    "aic": 164.76519495482395,
    "fvalue": 8.936728048688648,
    "f_pvalue": 0.0007664666085058171,
    "mse_model": 795.2478610216676,
    "rmse_model": 28.200139379472358
}