{
    "coefs": {
        "const": 19.299370413165093,
        "ndvi_mean": -113.93137497795615,
        "cire_mean": 33.61866563966332,
        "ndre_mean": 180.12844933704991
    },
    "p_values": {
        "const": 0.6600918935415605,
        "ndvi_mean": 0.7479552556847258,
        "cire_mean": 0.6594388865372669,
        "ndre_mean": 0.8168496602303632
    },
    "rsquared": 0.6253835435330795,
    "aic": 163.22983962152324,
    "fvalue": 10.016381278567279,
    "f_pvalue": 0.00041675347380948406,
    "mse_model": 831.2389599460515,
    "rmse_model": 28.831215027224424
}