{
    "coefs": {
        "const": 63.71244737843537,
        "cire_mean": 79.28651391170752,
        "ndre1_mean": -286.6707897199295,
        "msi_mean": -16.947952040368023
    },
    "p_values": {
        "const": 0.6392459688228835,
        "cire_mean": 0.10147050027361156,
        "ndre1_mean": 0.5177045743832321,
        "msi_mean": 0.804812288099435
    },
    "rsquared": 0.6357208767431538,
    "aic": 162.61422849565105,
    "fvalue": 10.470886243375292,
    "f_pvalue": 0.00032624482601652623,
    "mse_model": 844.9789986711086,
    "rmse_model": 29.068522471414134
}