{
    "coefs": {
        "const": -29.04132362920099,
        "cire_mean": 44.82058842366207,
        "ndre_mean": 44.91804304976023,
        "msi_mean": 23.159099893388564
    },
    "p_values": {
        "const": 0.7980752194181024,
        "cire_mean": 0.37047778719563207,
        "ndre_mean": 0.8998257502827192,
        "msi_mean": 0.6624534328270539
    },
    "rsquared": 0.6272468538437022,
    "aic": 163.12014045360146,
    "fvalue": 10.096443616559467,
    "f_pvalue": 0.0003989698899236074,
    "mse_model": 833.7156099005873,
    "rmse_model": 28.874133924684
}