{
    "coefs": {
        "const": -77.96273496998653,
        "ndvi_mean": 33.2543080787072,
        "gndvi_mean": 262.53990432436706,
        "msi_mean": -3.5905986985086003
    },
    "p_values": {
        "const": 0.6031996476252863,
        "ndvi_mean": 0.9065228074216755,
        "gndvi_mean": 0.2516711055785722,
        "msi_mean": 0.962700561804627
    },
    "rsquared": 0.5541038427785192,
    "aic": 167.0618738440745,
    "fvalue": 7.456047787870362,
    "f_pvalue": 0.0018988845665893856,
    "mse_model": 736.4963576931153,
    "rmse_model": 27.13846638432458
}