{
    "coefs": {
        "const": 27.584798662547314,
        "ndvi_mean": -49.78100897819576,
        "cire_mean": 49.92250758198153,
        "ndmi_mean": 13.031877024234575
    },
    "p_values": {
        "const": 0.7304628509230933,
        "ndvi_mean": 0.7843384692683312,
        "cire_mean": 0.039303185891299434,
        "ndmi_mean": 0.9236420967210617
    },
    "rsquared": 0.6244311760170949,
    "aic": 163.28569807983627,
    "fvalue": 9.975766934992198,
    "f_pvalue": 0.00042610963814363335,
    "mse_model": 829.9731047893887,
    "rmse_model": 28.809253804800093
}