{
    "coefs": {
        "const": 7.553169430913901,
        "cire_mean": 53.08915613598995,
        "ndre1_mean": -500.0554170186199,
        "ndre_mean": 381.1322012454244
    },
    "p_values": {
        "const": 0.8597239759099706,
        "cire_mean": 0.2411844488410816,
        "ndre1_mean": 0.2840531712292844,
        "ndre_mean": 0.43276502798472993
    },
    "rsquared": 0.6470731872852276,
    "aic": 161.91771531795263,
    "fvalue": 11.000691882396215,
    "f_pvalue": 0.000247220240683033,
    "mse_model": 860.0681114332816,
    "rmse_model": 29.326917864536696
}