{
    "coefs": {
        "const": 7.652345221034416,
        "gndvi_mean": 83.92004786929525,
        "cire_mean": 67.86392666380249,
        "ndre1_mean": -240.20021137948424
    },
    "p_values": {
        "const": 0.8899803512536644,
        "gndvi_mean": 0.6101983747792215,
        "cire_mean": 0.09065553098986266,
        "ndre1_mean": 0.38222405903743095
    },
    "rsquared": 0.639834154094427,
    "aic": 162.36440117122896,
    "fvalue": 10.65899215100218,
    "f_pvalue": 0.0002953620130062436,
    "mse_model": 850.446229817176,
    "rmse_model": 29.162411248337747
}