{
    "coefs": {
        "const": 14.923958792798786,
        "cire_mean": 52.80870850145563,
        "ndre_mean": -45.712558738978146,
        "ndmi_mean": -4.468235983188478
    },
    "p_values": {
        "const": 0.8250313451198286,
        "cire_mean": 0.2685751907624767,
        "ndre_mean": 0.8946604827660349,
        "ndmi_mean": 0.9697011169236865
    },
    "rsquared": 0.6231986061212809,
    "aic": 163.3577811084389,
    "fvalue": 9.92350797388827,
    "f_pvalue": 0.000438492849742785,
    "mse_model": 828.3348139695357,
    "rmse_model": 28.780806346757135
}