{
    "coefs": {
        "const": -290.0825819882443,
        "ndre1_mean": 39.803455731855735,
        "ndmi_mean": 710.3193989430645,
        "msi_mean": 315.046400734933
    },
    "p_values": {
        "const": 0.03458863439041559,
        "ndre1_mean": 0.8664985260908996,
        "ndmi_mean": 0.055533834138770694,
        "msi_mean": 0.03611175972601906
    },
    "rsquared": 0.655608264186943,
    "aic": 161.37913486567354,
    "fvalue": 11.422020844474977,
    "f_pvalue": 0.0001994505684589296,
    "mse_model": 871.4126511484783,
    "rmse_model": 29.519699374290354
}