{
    "coefs": {
        "const": -226.14764795883383,
        "cire_mean": 18.61384206831525,
        "ndmi_mean": 537.6304723700767,
        "msi_mean": 246.57804155302017
    },
    "p_values": {
        "const": 0.16990076490763883,
        "cire_mean": 0.5026879385546734,
        "ndmi_mean": 0.17698968434771248,
        "msi_mean": 0.15589335619946967
    },
    "rsquared": 0.6637906051700682,
    "aic": 160.85013141015224,
    "fvalue": 11.84602123636384,
    "f_pvalue": 0.00016149592765854452,
    "mse_model": 882.2883460385489,
    "rmse_model": 29.703338971209092
}