{
    "coefs": {
        "const": 2.7586500032775234,
        "ndvi_mean": -243.41780811613415,
        "gndvi_mean": 44.83976873708616,
        "ndre_mean": 478.46183276364604
    },
    "p_values": {
        "const": 0.9625503756423321,
        "ndvi_mean": 0.26597730555260096,
        "gndvi_mean": 0.8369159779041548,
        "ndre_mean": 0.08852749915121481
    },
    "rsquared": 0.6221205451928908,
    "aic": 163.42063511248182,
    "fvalue": 9.878079434254335,
    "f_pvalue": 0.0004495824015665639,
    "mse_model": 826.9018913188842,
    "rmse_model": 28.75590185194831
}