{
    "coefs": {
        "const": -5.330615423238548,
        "ndvi_mean": -175.58877695297053,
        "ndre1_mean": -339.29759096405985,
        "ndre_mean": 738.5770044027399
    },
    "p_values": {
        "const": 0.9105246452963779,
        "ndvi_mean": 0.45367749830080173,
        "ndre1_mean": 0.5137659960275744,
        "ndre_mean": 0.08741414436200139
    },
    "rsquared": 0.6303185765278723,
    "aic": 162.93809536191281,
    "fvalue": 10.230190696753722,
    "f_pvalue": 0.00037110916666202034,
    "mse_model": 837.7984413016302,
    "rmse_model": 28.944748078047425
}