{
    "coefs": {
        "const": -120.37091515083121,
        "gndvi_mean": 126.49635166455812,
        "ndre1_mean": 288.3765228684184,
        "msi_mean": 42.87409916669709
    },
    "p_values": {
        "const": 0.2420878624338943,
        "gndvi_mean": 0.47107575785749944,
        "ndre1_mean": 0.23815111492168783,
        "msi_mean": 0.47909491614951505
    },
    "rsquared": 0.5878421039476147,
    "aic": 165.33092319864332,
    "fvalue": 8.557527727765285,
    "f_pvalue": 0.0009588775583856933,
    "mse_model": 781.3401298303712,
    "rmse_model": 27.952461963669162
}