{
    "coefs": {
        "const": -325.4311205197225,
        "ndvi_mean": 80.58557699367526,
        "ndmi_mean": 684.9779164578332,
        "msi_mean": 321.26550721844086
    },
    "p_values": {
        "const": 0.03079008773944027,
        "ndvi_mean": 0.6082921299006756,
        "ndmi_mean": 0.013708013271698502,
        "msi_mean": 0.01429173428898127
    },
    "rsquared": 0.6601885353304571,
    "aic": 161.08458064446154,
    "fvalue": 11.656849823577408,
    "f_pvalue": 0.00017733742391379191,
    "mse_model": 877.5005948767325,
    "rmse_model": 29.622636528113638
}