{
    "coefs": {
        "const": 22.78803239145128,
        "gndvi_mean": -330.52184115072623,
        "ndre1_mean": -1037.9576318627041,
        "ndre_mean": 1424.0355825052793
    },
    "p_values": {
        "const": 0.7086559395763503,
        "gndvi_mean": 0.30004304865964804,
        "ndre1_mean": 0.1440434914082664,
        "ndre_mean": 0.08756131259843818
    },
    "rsquared": 0.6409824831179161,
    "aic": 162.2941457640729,
    "fvalue": 10.712276470818122,
    "f_pvalue": 0.0002872139843289438,
    "mse_model": 851.9725504775633,
    "rmse_model": 29.188568832293978
}