{
    "coefs": {
        "const": -2.589301373272761,
        "gndvi_mean": 135.13625968624808,
        "cire_mean": 64.12407885995819,
        "ndre_mean": -224.72052618895108
    },
    "p_values": {
        "const": 0.9619823797005098,
        "gndvi_mean": 0.5617151867645557,
        "cire_mean": 0.20269781336551407,
        "ndre_mean": 0.5787592652090188
    },
    "rsquared": 0.6303461976078157,
    "aic": 162.93645155072193,
    "fvalue": 10.231403440655805,
    "f_pvalue": 0.00037086662416798105,
    "mse_model": 837.8351543203885,
    "rmse_model": 28.945382262467852
}