{
    "coefs": {
        "const": -271.4400836022757,
        "ndre_mean": 126.03433498504415,
        "ndmi_mean": 567.1124289483979,
        "msi_mean": 270.2003572461023
    },
    "p_values": {
        "const": 0.0465321423809512,
        "ndre_mean": 0.462613746192269,
        "ndmi_mean": 0.10036834242199011,
        "msi_mean": 0.06881257367784835
    },
    "rsquared": 0.6655201616491476,
    "aic": 160.73666506835534,
    "fvalue": 11.938300943886201,
    "f_pvalue": 0.00015434339503844944,
    "mse_model": 884.5872148586586,
    "rmse_model": 29.74201094174129
}