{
    "coefs": {
        "const": -94.57293846884059,
        "gndvi_mean": -34.81475593951302,
        "ndre_mean": 383.1745893761107,
        "msi_mean": 43.88266928337383
    },
    "p_values": {
        "const": 0.2958275939618009,
        "gndvi_mean": 0.8793433158099662,
        "ndre_mean": 0.12349953460705988,
        "msi_mean": 0.40364809750448516
    },
    "rsquared": 0.6102877794251854,
    "aic": 164.0989683427778,
    "fvalue": 9.395976013146749,
    "f_pvalue": 0.0005885447160391456,
    "mse_model": 811.1741734859756,
    "rmse_model": 28.48111959677807
}