{
    "coefs": {
        "const": -90.63863109096347,
        "ndvi_mean": -38.738094791141975,
        "ndre1_mean": 455.67735622024827,
        "msi_mean": 47.81691839264772
    },
    "p_values": {
        "const": 0.5206072777299642,
        "ndvi_mean": 0.8872258444977342,
        "ndre1_mean": 0.13867764974100374,
        "msi_mean": 0.4722205230807507
    },
    "rsquared": 0.5759181337569549,
    "aic": 165.95836316739945,
    "fvalue": 8.148211648741771,
    "f_pvalue": 0.001228808404995006,
    "mse_model": 765.4911861186192,
    "rmse_model": 27.66751138282262
}