{
    "coefs": {
        "const": -8.447458900303658,
        "gndvi_mean": 43.24245215432583,
        "cire_mean": 42.285664669544495,
        "ndmi_mean": -15.873168094085102
    },
    "p_values": {
        "const": 0.8857685620170761,
        "gndvi_mean": 0.7878769974719628,
        "cire_mean": 0.13688656577365993,
        "ndmi_mean": 0.8675519409677064
    },
    "rsquared": 0.6243776011425015,
    "aic": 163.2888361549554,
    "fvalue": 9.973488317655537,
    "f_pvalue": 0.0004266414149258693,
    "mse_model": 829.9018948519083,
    "rmse_model": 28.80801789175903
}