{
    "coefs": {
        "const": -13.251334521861253,
        "ndvi_mean": -206.98845991961304,
        "ndre_mean": 500.57562687899167,
        "msi_mean": 11.61865238947032
    },
    "p_values": {
        "const": 0.925283855920142,
        "ndvi_mean": 0.45665770589290633,
        "ndre_mean": 0.04030570038812678,
        "msi_mean": 0.8546548651822473
    },
    "rsquared": 0.6219302496333362,
    "aic": 163.43171125984725,
    "fvalue": 9.870087448628231,
    "f_pvalue": 0.00045156532087998975,
    "mse_model": 826.6489568043094,
    "rmse_model": 28.751503557280433
}