{
    "coefs": {
        "const": -322.5628871731225,
        "gndvi_mean": 143.90146483475417,
        "ndmi_mean": 620.6217561276178,
        "msi_mean": 293.0662489396722
    },
    "p_values": {
        "const": 0.01659352997032478,
        "gndvi_mean": 0.21186151659118244,
        "ndmi_mean": 0.01374155595272526,
        "msi_mean": 0.021752526325101006
    },
    "rsquared": 0.684429287161338,
    "aic": 159.45640108436407,
    "fvalue": 13.013171235150544,
    "f_pvalue": 9.252673787563967e-05,
    "mse_model": 909.7205941852785,
    "rmse_model": 30.161574796175323
}