{
    "coefs": {
        "const": 2.061683544492844,
        "ndvi_mean": -86.81714129291593,
        "gndvi_mean": 105.7418877681751,
        "cire_mean": 45.30400189422848
    },
    "p_values": {
        "const": 0.9704017658417315,
        "ndvi_mean": 0.5791486632672365,
        "gndvi_mean": 0.5924793237739414,
        "cire_mean": 0.06987555298410326
    },
    "rsquared": 0.6303328585081047,
    "aic": 162.93724541486472,
    "fvalue": 10.230817745351457,
    "f_pvalue": 0.00037098373822969734,
    "mse_model": 837.8174244336893,
    "rmse_model": 28.945075996336396
}