{
    "coefs": {
        "const": 34.70632282345949,
        "ndvi_mean": -279.9250441513857,
        "ndre_mean": 496.4645820013793,
        "ndmi_mean": 43.98158971083535
    },
    "p_values": {
        "const": 0.6680983089692962,
        "ndvi_mean": 0.2653674464662071,
        "ndre_mean": 0.04026154902407553,
        "ndmi_mean": 0.7413863881032217
    },
    "rsquared": 0.6235540490271759,
    "aic": 163.33701835483998,
    "fvalue": 9.938543061745253,
    "f_pvalue": 0.00043488973675924627,
    "mse_model": 828.8072568319545,
    "rmse_model": 28.789012779738638
}