{
    "coefs": {
        "const": -2.5648110247448628,
        "ndvi_mean": 291.0687211383201,
        "cire_mean": 103.85378416581825,
        "ndre1_mean": -754.1387148890968
    },
    "p_values": {
        "const": 0.9552710127887505,
        "ndvi_mean": 0.33123593329322243,
        "cire_mean": 0.04383165621303828,
        "ndre1_mean": 0.23230816441700858
    },
    "rsquared": 0.6536356434756077,
    "aic": 161.50478782510277,
    "fvalue": 11.322798628032201,
    "f_pvalue": 0.00020969996661897826,
    "mse_model": 868.7907094529952,
    "rmse_model": 29.475255884436272
}