{
    "coefs": {
        "const": -24.310788978264718,
        "ndvi_mean": -273.89425035387916,
        "gndvi_mean": 237.28858119160566,
        "ndre1_mean": 409.3881975782979
    },
    "p_values": {
        "const": 0.6531998023732094,
        "ndvi_mean": 0.3136822428577356,
        "gndvi_mean": 0.21604651788580498,
        "ndre1_mean": 0.16872824176561146
    },
    "rsquared": 0.5997687435498456,
    "aic": 164.68491525139564,
    "fvalue": 8.991332893929664,
    "f_pvalue": 0.0007424711080404549,
    "mse_model": 797.192621635003,
    "rmse_model": 28.23459972507142
}