{
    "coefs": {
        "const": -38.82352405114638,
        "gndvi_mean": -12.032086527732133,
        "ndre_mean": 316.78785993671477,
        "ndmi_mean": -34.928494597074305
    },
    "p_values": {
        "const": 0.49641145325105396,
        "gndvi_mean": 0.9625181246108184,
        "ndre_mean": 0.33341045852963924,
        "ndmi_mean": 0.7978708212498411
    },
    "rsquared": 0.5959674632210344,
    "aic": 164.89287883416057,
    "fvalue": 8.850289156990407,
    "f_pvalue": 0.0008062289444001526,
    "mse_model": 792.1400865312917,
    "rmse_model": 28.14498332796258
}