{
    "coefs": {
        "const": 78.35927999036048,
        "cire_mean": 84.82789024922336,
        "ndre1_mean": -443.05183830051124,
        "ndmi_mean": 110.92268749105597
    },
    "p_values": {
        "const": 0.27507819611359535,
        "cire_mean": 0.0485185375976878,
        "ndre1_mean": 0.295822299915883,
        "ndmi_mean": 0.46051391897689753
    },
    "rsquared": 0.6456443531188955,
    "aic": 162.00660312789404,
    "fvalue": 10.932141628924443,
    "f_pvalue": 0.0002561329174620805,
    "mse_model": 858.1689526871986,
    "rmse_model": 29.294520864612185
}