{
    "coefs": {
        "const": 5.890753875370919,
        "ndvi_mean": -124.90254359070116,
        "ndre1_mean": 433.5402140289854,
        "ndmi_mean": 4.056978621330359
    },
    "p_values": {
        "const": 0.9448162697532446,
        "ndvi_mean": 0.6321975548711372,
        "ndre1_mean": 0.2055210326628662,
        "ndmi_mean": 0.9793678833361886
    },
    "rsquared": 0.5632310955473139,
    "aic": 166.6068728996131,
    "fvalue": 7.737241682803823,
    "f_pvalue": 0.001587211973617076,
    "mse_model": 748.627997831638,
    "rmse_model": 27.361067191022318
}