{
    "coefs": {
        "const": -39.53043121076344,
        "gndvi_mean": 57.091783025725476,
        "cire_mean": 44.547127689373056,
        "msi_mean": 21.77865883591202
    },
    "p_values": {
        "const": 0.6460849291783641,
        "gndvi_mean": 0.72472203347719,
        "cire_mean": 0.07098301709550281,
        "msi_mean": 0.6031768435436936
    },
    "rsquared": 0.6295427484311324,
    "aic": 162.9842170549284,
    "fvalue": 10.196200707612839,
    "f_pvalue": 0.000377979090387217,
    "mse_model": 836.7672364563801,
    "rmse_model": 28.92692926074906
}