{
    "coefs": {
        "const": -12.238513560622021,
        "ndre1_mean": -712.4455354000542,
        "ndre_mean": 783.7235423048759,
        "ndmi_mean": 79.56341674855028
    },
    "p_values": {
        "const": 0.8151744471229596,
        "ndre1_mean": 0.25891753704599857,
        "ndre_mean": 0.09045454032491711,
        "ndmi_mean": 0.5980497890432999
    },
    "rsquared": 0.6242841266829291,
    "aic": 163.29431022222272,
    "fvalue": 9.969514268928773,
    "f_pvalue": 0.0004275706288190856,
    "mse_model": 829.7776517160597,
    "rmse_model": 28.80586141249832
}