{
    "coefs": {
        "const": -48.57076921860603,
        "gndvi_mean": 162.3760954296527,
        "ndre1_mean": 110.72339575242466,
        "ndmi_mean": 28.354514644953518
    },
    "p_values": {
        "const": 0.43050473864343,
        "gndvi_mean": 0.3782886414915978,
        "ndre1_mean": 0.7305381818937287,
        "ndmi_mean": 0.8567077989814399
    },
    "rsquared": 0.5766688457384315,
    "aic": 165.9193841394324,
    "fvalue": 8.173301302300825,
    "f_pvalue": 0.0012100329581298688,
    "mse_model": 766.4890074606652,
    "rmse_model": 27.685537875588857
}