{
    "coefs": {
        "const": -63.46074107214781,
        "ndre1_mean": -405.6137775114049,
        "ndre_mean": 650.4365427927823,
        "msi_mean": 16.399036897972834
    },
    "p_values": {
        "const": 0.5235860953992412,
        "ndre1_mean": 0.4995517485025679,
        "ndre_mean": 0.16441950653081444,
        "msi_mean": 0.7907198037926242
    },
    "rsquared": 0.6198042461303657,
    "aic": 163.55507754610235,
    "fvalue": 9.781344054824308,
    "f_pvalue": 0.0004742479792752001,
    "mse_model": 823.8231438149443,
    "rmse_model": 28.702319484929163
}