{
    "aic": 55434.28791524221,
    "bic": 55445.1314668295,
    "hqic": 55438.305588657546,
    "rmse": 3832298.8888652637,
    "mse": 14686514773597.934,
    "mae": 2625461.6492557153,
    "r2": 0.5397428195284115
}