{
    "aic": 55458.53708287458,
    "bic": 55469.38063446187,
    "hqic": 55462.554756289916,
    "rmse": 3860233.7723268345,
    "mse": 14901404777012.662,
    "mae": 2644536.685709075,
    "r2": 0.5266676777402209
}