{
    "aic": 48370.917669630115,
    "bic": 48381.49005305952,
    "hqic": 48374.861593674075,
    "rmse": 3787726.4586508223,
    "mse": 14346871725563.498,
    "mae": 2626738.22031228,
    "r2": 0.5460107537634273
}