{
    "aic": 48398.524949791805,
    "bic": 48409.09733322121,
    "hqic": 48402.468873835765,
    "rmse": 3823384.644499975,
    "mse": 14618270139798.2,
    "mae": 2651528.890415124,
    "r2": 0.5419087098590318
}