{
    "aic": 55465.90725726106,
    "bic": 55476.75080884835,
    "hqic": 55469.924930676396,
    "rmse": 3868428.521407774,
    "mse": 14964739225241.139,
    "mae": 2650259.7576762917,
    "r2": 0.5355801313991665
}