{
    "aic": 48392.09211414201,
    "bic": 48402.664497571415,
    "hqic": 48396.03603818597,
    "rmse": 3815343.8042576704,
    "mse": 14556848344687.393,
    "mae": 2645817.5555294463,
    "r2": 0.5328074854197502
}