{
    "coefs": {
        "const": 340.96386337395757,
        "ndvi_max": -1751.937308177929,
        "cire_max": -125.85682981683198,
        "ndre1_max": 5948.537581375047,
        "ndre_max": -2634.770687304035
    },
    "p_values": {
        "const": 0.38198210535396027,
        "ndvi_max": 0.5674151389254924,
        "cire_max": 0.7053280164956182,
        "ndre1_max": 0.6266435422079114,
        "ndre_max": 0.6348165441298768
    },
    "rsquared": 0.386056707609452,
    "aic": 67.19848005861411,
    "fvalue": 0.4716111964994028,
    "f_pvalue": 0.7596226631137128,
    "mse_model": 93.79971567698405,
    "rmse_model": 9.685025331767804
}