{
    "coefs": {
        "const": -353.9796594177616,
        "ndvi_max": -1835.7642205770003,
        "gndvi_max": 2174.212051574048,
        "cire_max": -163.33444756341532,
        "ndre1_max": 1699.5538274851015
    },
    "p_values": {
        "const": 0.3386818072969715,
        "ndvi_max": 0.1535050359003884,
        "gndvi_max": 0.16410424964374046,
        "cire_max": 0.3203823016193726,
        "ndre1_max": 0.37319720889419317
    },
    "rsquared": 0.683694237696708,
    "aic": 61.8929343128177,
    "fvalue": 1.621123417223292,
    "f_pvalue": 0.3603311190610337,
    "mse_model": 166.11633431537203,
    "rmse_model": 12.888612583027392
}