{
    "coefs": {
        "const": -937.35425154336,
        "gndvi_max": 3335.4403695481337,
        "cire_max": 11.136965948923944,
        "ndre1_max": -8299.586701507618,
        "ndre_max": 4963.759233732268
    },
    "p_values": {
        "const": 0.13825853341825928,
        "gndvi_max": 0.09348969042384744,
        "cire_max": 0.8408725211277053,
        "ndre1_max": 0.07487228786212874,
        "ndre_max": 0.09362924973236407
    },
    "rsquared": 0.7646377473966043,
    "aic": 59.52826615045505,
    "fvalue": 2.436577251466955,
    "f_pvalue": 0.2451480751424485,
    "mse_model": 185.7830776877687,
    "rmse_model": 13.6302266190907
}