{
    "coefs": {
        "const": -486.2057723285231,
        "ndvi_max": -1586.8483094380867,
        "gndvi_max": 2462.412118135202,
        "cire_max": -145.40574501052828,
        "ndre_max": 935.9411603935405
    },
    "p_values": {
        "const": 0.26823694714337626,
        "ndvi_max": 0.10396622206858004,
        "gndvi_max": 0.13858926768912586,
        "cire_max": 0.2612574479284798,
        "ndre_max": 0.3087295644135002
    },
    "rsquared": 0.7121979853877058,
    "aic": 61.137441884691654,
    "fvalue": 1.8559581306626542,
    "f_pvalue": 0.31934023601239814,
    "mse_model": 173.04185426216915,
    "rmse_model": 13.154537402059
}