{
    "coefs": {
        "const": -912.0434084553267,
        "ndvi_max": -112.44004064581077,
        "gndvi_max": 3295.573964080593,
        "ndre1_max": -7763.21097752572,
        "ndre_max": 4709.20906277034
    },
    "p_values": {
        "const": 0.18104134037028088,
        "ndvi_max": 0.8298327986270982,
        "gndvi_max": 0.10485858034318478,
        "ndre1_max": 0.180986656915594,
        "ndre_max": 0.18483890683537732
    },
    "rsquared": 0.7651800519152646,
    "aic": 59.50981186585321,
    "fvalue": 2.443936486730508,
    "f_pvalue": 0.24439384784694987,
    "mse_model": 185.91484073878695,
    "rmse_model": 13.635059249551759
}