{
    "coefs": {
        "const": 122.50714023180552,
        "ndvi_mean": -513.863123838647,
        "ndre_mean": 612.7647491635055
    },
    "p_values": {
        "const": 0.015100961525994116,
        "ndvi_mean": 0.027223275308761976,
        "ndre_mean": 0.011722775535123856
    },
    "rsquared": 0.23330773440145602,
    "aic": 244.65840235283866,
    "fvalue": 4.260259856763301,
    "f_pvalue": 0.024249073480697686,
    "mse_model": 609.0460776270265,
    "rmse_model": 24.678858920684046
}