{
    "coefs": {
        "const": -40.94532635963658,
        "ndre_mean": 325.2387427622371,
        "ndmi_mean": -182.8474234397799
    },
    "p_values": {
        "const": 0.47689657771862537,
        "ndre_mean": 0.08643377666527709,
        "ndmi_mean": 0.20322628749997337
    },
    "rsquared": 0.1369433471833975,
    "aic": 248.32864216638785,
    "fvalue": 2.221414844912814,
    "f_pvalue": 0.12721849832348225,
    "mse_model": 357.48839905859495,
    "rmse_model": 18.907363619991948
}