{
    "coefs": {
        "const": 120.68785584851778,
        "ndvi_mean": -207.6060272014122,
        "cire_mean": 44.5553106247706
    },
    "p_values": {
        "const": 0.03519059689927097,
        "ndvi_mean": 0.14682432862367895,
        "cire_mean": 0.042363966738602724
    },
    "rsquared": 0.1685436249744866,
    "aic": 247.17229555991514,
    "fvalue": 2.8379248996321755,
    "f_pvalue": 0.0754662109745427,
    "mse_model": 439.9804145503331,
    "rmse_model": 20.97571010836899
}