{
    "coefs": {
        "const": -3.473543099733341,
        "ndre1_mean": 252.911118800427,
        "ndmi_mean": -112.40342824868956
    },
    "p_values": {
        "const": 0.9546744694242688,
        "ndre1_mean": 0.305715350276628,
        "ndmi_mean": 0.5018661371863622
    },
    "rsquared": 0.07555053998746175,
    "aic": 250.4589016128686,
    "fvalue": 1.1441486047383478,
    "f_pvalue": 0.3329388104366181,
    "mse_model": 197.22346608017233,
    "rmse_model": 14.043627240858124
}