{
    "coefs": {
        "const": 26.419001945986683,
        "cire_mean": 36.09328150062995,
        "ndmi_mean": -117.13027970443702
    },
    "p_values": {
        "const": 0.17830739251269406,
        "cire_mean": 0.07930014269215781,
        "ndmi_mean": 0.26967752658347116
    },
    "rsquared": 0.14131183380056234,
    "aic": 248.17133270422164,
    "fvalue": 2.3039396035514716,
    "f_pvalue": 0.11849408983131454,
    "mse_model": 368.8922629132421,
    "rmse_model": 19.206568223220984
}