{
    "coefs": {
        "const": 76.45903599408256,
        "cire_mean": 43.048016424403166,
        "ndre_mean": -188.3486843101318
    },
    "p_values": {
        "const": 0.19272468311243326,
        "cire_mean": 0.33752122382553384,
        "ndre_mean": 0.5378030433746143
    },
    "rsquared": 0.11472487472295834,
    "aic": 249.1166044263232,
    "fvalue": 1.8142927551689454,
    "f_pvalue": 0.1815915603503733,
    "mse_model": 299.48743506307756,
    "rmse_model": 17.30570527493975
}