{
    "coefs": {
        "const": -107.18394159610753,
        "ndvi_mean": 199.21909098982053,
        "msi_mean": 68.02609032182954
    },
    "p_values": {
        "const": 0.6087285504886404,
        "ndvi_mean": 0.3591157622668876,
        "msi_mean": 0.5072927044877756
    },
    "rsquared": 0.04951145517392597,
    "aic": 251.3200111859034,
    "fvalue": 0.7292674658817719,
    "f_pvalue": 0.4911978083167412,
    "mse_model": 129.24885515967617,
    "rmse_model": 11.368766650770706
}