{
    "coefs": {
        "const": -109.23820090027193,
        "ndre1_mean": 301.29797792927155,
        "msi_mean": 91.32392264709404
    },
    "p_values": {
        "const": 0.3622370983439155,
        "ndre1_mean": 0.10477129272645516,
        "msi_mean": 0.22422443776491008
    },
    "rsquared": 0.10940094982743842,
    "aic": 249.30247589006018,
    "fvalue": 1.7197562666245534,
    "f_pvalue": 0.19749276339082864,
    "mse_model": 285.5894149930791,
    "rmse_model": 16.899390965152534
}