{
    "coefs": {
        "const": -145.96339035809538,
        "gndvi_mean": 295.80676005438414,
        "msi_mean": 67.40379102582793
    },
    "p_values": {
        "const": 0.23904055754041512,
        "gndvi_mean": 0.06312605909794912,
        "msi_mean": 0.22319016867953922
    },
    "rsquared": 0.13561237553275218,
    "aic": 248.37641230853052,
    "fvalue": 2.1964373432910818,
    "f_pvalue": 0.12999288003374096,
    "mse_model": 354.01391903187005,
    "rmse_model": 18.815257612689496
}