{
    "coefs": {
        "const": -6.312499064611856,
        "ndre1_mean": -1435.900653062469,
        "ndre_mean": 1368.9293912694714
    },
    "p_values": {
        "const": 0.8113848906138077,
        "ndre1_mean": 0.02065413461269112,
        "ndre_mean": 0.013684928895078332
    },
    "rsquared": 0.24654099753704528,
    "aic": 244.11866459269822,
    "fvalue": 4.580971166627394,
    "f_pvalue": 0.019003551311540034,
    "mse_model": 643.5912976027544,
    "rmse_model": 25.369101237583376
}