{
    "coefs": {
        "const": 41.53451442167946,
        "gndvi_mean": 0.5892877534970751,
        "cire_mean": 16.038613001548793
    },
    "p_values": {
        "const": 0.6049141784325045,
        "gndvi_mean": 0.9977864816768022,
        "cire_mean": 0.5036252163584332
    },
    "rsquared": 0.10242181112060245,
    "aic": 249.54445906013927,
    "fvalue": 1.5975269602736533,
    "f_pvalue": 0.22029876869688464,
    "mse_model": 267.3704859656373,
    "rmse_model": 16.351467394874298
}