{
    "coefs": {
        "const": -28.45388428110552,
        "ndvi_mean": -299.5446533461418,
        "gndvi_mean": 511.73471687696747
    },
    "p_values": {
        "const": 0.5147548225932441,
        "ndvi_mean": 0.10044337359870424,
        "gndvi_mean": 0.03886415744724888
    },
    "rsquared": 0.17294923042792087,
    "aic": 247.00760035104918,
    "fvalue": 2.9276186119065954,
    "f_pvalue": 0.07005681375253996,
    "mse_model": 451.4811765283707,
    "rmse_model": 21.24808642039021
}