{
    "coefs": {
        "const": -39.928448314867666,
        "cire_mean": 33.77480164180645,
        "msi_mean": 66.5298614258846
    },
    "p_values": {
        "const": 0.5315508599423762,
        "cire_mean": 0.04308199146852673,
        "msi_mean": 0.19557251541139115
    },
    "rsquared": 0.15545139693645582,
    "aic": 247.65662267116204,
    "fvalue": 2.576902678206946,
    "f_pvalue": 0.0939171858289984,
    "mse_model": 405.80336442202224,
    "rmse_model": 20.14456165872125
}