{
    "coefs": {
        "const": -29.37233422840053,
        "gndvi_mean": 246.54944120723366,
        "ndre1_mean": -105.22128833702533
    },
    "p_values": {
        "const": 0.6527538147218239,
        "gndvi_mean": 0.2982713516808129,
        "ndre1_mean": 0.6054766652303207
    },
    "rsquared": 0.09651311043801214,
    "aic": 249.74786134748206,
    "fvalue": 1.4955209220437347,
    "f_pvalue": 0.2414937908730797,
    "mse_model": 251.94591813535908,
    "rmse_model": 15.87280435636246
}