{
    "coefs": {
        "const": -45.18800437825561,
        "gndvi_mean": 225.7059635522105,
        "ndmi_mean": -63.25620693153924
    },
    "p_values": {
        "const": 0.5538403417587783,
        "gndvi_mean": 0.17507717549752105,
        "ndmi_mean": 0.514127863145601
    },
    "rsquared": 0.10171562561549119,
    "aic": 249.56883926855232,
    "fvalue": 1.5852649775774994,
    "f_pvalue": 0.22273775241321372,
    "mse_model": 265.52700009463297,
    "rmse_model": 16.29499923579725
}