{
    "coefs": {
        "const": 103.43005643010069,
        "cire_mean": 71.29852347888878,
        "ndre1_mean": -437.83349496111236
    },
    "p_values": {
        "const": 0.01797049782354394,
        "cire_mean": 0.057141605095819774,
        "ndre1_mean": 0.12482207308265973
    },
    "rsquared": 0.17608923272082488,
    "aic": 246.88968096131498,
    "fvalue": 2.9921313763535506,
    "f_pvalue": 0.06642361361217973,
    "mse_model": 459.6781018687984,
    "rmse_model": 21.440104987354854
}