{
    "coefs": {
        "const": 3.5497109472356456,
        "gndvi_mean": 96.31765435912811,
        "ndre_mean": 29.008437011754552
    },
    "p_values": {
        "const": 0.96074301722246,
        "gndvi_mean": 0.7404603645536546,
        "ndre_mean": 0.8967688028982903
    },
    "rsquared": 0.08826427484985744,
    "aic": 250.02960713598003,
    "fvalue": 1.355326783640635,
    "f_pvalue": 0.27426198401365437,
    "mse_model": 230.4124658782166,
    "rmse_model": 15.179343394172774
}