{
    "coefs": {
        "const": 72.69444296717111,
        "ndvi_mean": -27.17063554476116,
        "ndmi_mean": 73.16752352500708
    },
    "p_values": {
        "const": 0.5123669536270847,
        "ndvi_mean": 0.9037917210563456,
        "ndmi_mean": 0.6807999867300483
    },
    "rsquared": 0.04012061507458731,
    "aic": 251.6247884839882,
    "fvalue": 0.5851658238163626,
    "f_pvalue": 0.5636808797696278,
    "mse_model": 104.73421854551543,
    "rmse_model": 10.233973741685848
}