{
    "coefs": {
        "const": -148.56842184293362,
        "ndre_mean": 313.02842914256485,
        "msi_mean": 108.06479205854613
    },
    "p_values": {
        "const": 0.17553303123921035,
        "ndre_mean": 0.03383497448631037,
        "msi_mean": 0.1051154360612084
    },
    "rsquared": 0.16796699301568951,
    "aic": 247.19378724075426,
    "fvalue": 2.826255548133555,
    "f_pvalue": 0.07620224618094944,
    "mse_model": 438.4751261224087,
    "rmse_model": 20.93979766192617
}