{
    "coefs": {
        "const": -238.34908454019,
        "ndmi_mean": 524.9025111251107,
        "msi_mean": 287.7159322007926
    },
    "p_values": {
        "const": 0.16193445429111186,
        "ndmi_mean": 0.059398405521181113,
        "msi_mean": 0.08336838500689123
    },
    "rsquared": 0.13877366644075684,
    "aic": 248.2628293981387,
    "fvalue": 2.2558893689900743,
    "f_pvalue": 0.1234929626762092,
    "mse_model": 362.26641795865316,
    "rmse_model": 19.03329761125626
}