{
    "coefs": {
        "const": 118.50150772181948,
        "ndvi_mean": -395.66937592084355,
        "ndre1_mean": 543.0577023724705
    },
    "p_values": {
        "const": 0.06844012629376146,
        "ndvi_mean": 0.16053835867867358,
        "ndre1_mean": 0.09897296591146161
    },
    "rsquared": 0.12518796850430902,
    "aic": 248.74803207825693,
    "fvalue": 2.003437876893169,
    "f_pvalue": 0.15374693370209164,
    "mse_model": 326.80117261971645,
    "rmse_model": 18.077642894462663
}