{
    "aic": -646.3576661346626,
    "bic": 1353.8359499619226,
    "rmse": 0.6606848415965025,
    "mse": 0.4365044599153957,
    "r2": 0.7827096225598118
}