{
    "aic": -707.4298871606074,
    "bic": 1243.4275087754008,
    "rmse": 0.6097712334486722,
    "mse": 0.37182095714151514,
    "r2": 0.8043999692601279
}