{
    "aic": -374.16748223817626,
    "bic": 1626.026133858409,
    "rmse": 0.7167814646533901,
    "mse": 0.5137756680706591,
    "r2": 0.7799754849054911
}