{"aic": -437.9370429580979, "bic": 1512.9203529779104, "rmse": 0.6686847739326102, "mse": 0.4471393268893059, "r2": 0.8005887887845375}