{
    "aic": -452.996123060429,
    "bic": 1497.8612728755793,
    "rmse": 0.6652474454451068,
    "mse": 0.44255416367124045,
    "r2": 0.796904701228085
}