{
    "aic": -147.66482806214992,
    "bic": 1803.1925678738585,
    "rmse": 0.7385235649361821,
    "mse": 0.5454170559660472,
    "r2": 0.7674424191029424
}