{
    "aic": -39.636102875506936,
    "bic": 1960.5575132210784,
    "rmse": 0.7922920695202021,
    "mse": 0.6277267234246049,
    "r2": 0.7520841343510137
}