{
    "aic": -354.74281513316714,
    "bic": 1645.450800963418,
    "rmse": 0.720962245226758,
    "mse": 0.5197865590424079,
    "r2": 0.78401350734891
}