{
    "coefs": {
        "const": -520.5222249535827,
        "ndvi_mean": -706.2517908531563,
        "cire_mean": -222.25240564291158,
        "ndre1_mean": 4609.899818227328,
        "ndmi_mean": -1548.672140525587
    },
    "p_values": {
        "const": 0.06862622309462901,
        "ndvi_mean": 0.3932590159298923,
        "cire_mean": 0.17811664071389197,
        "ndre1_mean": 0.11944967545654454,
        "ndmi_mean": 0.03388014817500929
    },
    "rsquared": 0.8705285987090507,
    "aic": 54.7469396673105,
    "fvalue": 5.042785066986287,
    "f_pvalue": 0.10741899130520272,
    "mse_model": 211.51124546758967,
    "rmse_model": 14.543426194249747
}