{
    "coefs": {
        "const": -258.9872842271114,
        "gndvi_mean": 543.9544534956558,
        "cire_mean": -10.731003849537046,
        "ndre1_mean": -6380.077604261523,
        "ndre_mean": 5382.53262259371
    },
    "p_values": {
        "const": 0.25507868247770016,
        "gndvi_mean": 0.3227168214614488,
        "cire_mean": 0.9087176068099565,
        "ndre1_mean": 0.11043464171734864,
        "ndre_mean": 0.18625511418932916
    },
    "rsquared": 0.7671729602586754,
    "aic": 59.44162640255164,
    "fvalue": 2.4712753331110706,
    "f_pvalue": 0.24162505307126447,
    "mse_model": 186.39905518785002,
    "rmse_model": 13.652803931348682
}