{
    "coefs": {
        "const": -561.1078730396177,
        "cire_mean": -112.06512415754827,
        "ndre1_mean": -4425.802796317159,
        "ndre_mean": 5196.511981765268,
        "msi_mean": 204.28118857973334
    },
    "p_values": {
        "const": 0.37572789316523497,
        "cire_mean": 0.42501151193679404,
        "ndre1_mean": 0.43714120806987783,
        "ndre_mean": 0.2873878852029466,
        "msi_mean": 0.5626088160306969
    },
    "rsquared": 0.700920824649376,
    "aic": 61.444926239647614,
    "fvalue": 1.7576971645409316,
    "f_pvalue": 0.33552558377597747,
    "mse_model": 170.30185661402805,
    "rmse_model": 13.049975349173195
}