{
    "coefs": {
        "const": -1535.1874433647185,
        "ndvi_mean": 2161.780505804072,
        "cire_mean": 27.510131352695907,
        "ndre1_mean": -1115.457792903253,
        "msi_mean": 791.2407780441827
    },
    "p_values": {
        "const": 0.08846658791988209,
        "ndvi_mean": 0.14890577367748603,
        "cire_mean": 0.8324584374011399,
        "ndre1_mean": 0.5984406781646401,
        "msi_mean": 0.07137398882145243
    },
    "rsquared": 0.7927444778939269,
    "aic": 58.510879035494426,
    "fvalue": 2.8687214332274866,
    "f_pvalue": 0.20655137169819343,
    "mse_model": 192.61213486329004,
    "rmse_model": 13.87847739715312
}