{
    "coefs": {
        "const": -970.7900105707797,
        "gndvi_mean": 1534.6680403393968,
        "ndre1_mean": -1140.1610836469101,
        "ndmi_mean": 760.3790182980983,
        "msi_mean": 606.423670127768
    },
    "p_values": {
        "const": 0.08457798130255476,
        "gndvi_mean": 0.10908726237859381,
        "ndre1_mean": 0.3511312672260275,
        "ndmi_mean": 0.4292215459837257,
        "msi_mean": 0.15139639729360221
    },
    "rsquared": 0.8874918825553615,
    "aic": 53.62346252175879,
    "fvalue": 5.916185667616824,
    "f_pvalue": 0.08797562636964962,
    "mse_model": 215.63279333962296,
    "rmse_model": 14.6844405184407
}