{
    "coefs": {
        "const": -1092.1832797682578,
        "gndvi_mean": 1309.7406179863374,
        "cire_mean": -62.581111947618936,
        "ndmi_mean": 425.09795411020923,
        "msi_mean": 606.0493162926591
    },
    "p_values": {
        "const": 0.045380517976206854,
        "gndvi_mean": 0.03010001899940208,
        "cire_mean": 0.19220693786805104,
        "ndmi_mean": 0.34466704811613186,
        "msi_mean": 0.06873255687215626
    },
    "rsquared": 0.9184276523091381,
    "aic": 51.05118215452796,
    "fvalue": 8.444292198654209,
    "f_pvalue": 0.055393755661965714,
    "mse_model": 223.1492186469859,
    "rmse_model": 14.938179897396667
}