{
    "coefs": {
        "const": -1178.8294897416913,
        "ndvi_mean": 1011.1785357323613,
        "gndvi_mean": 696.5199800005148,
        "ndre1_mean": -619.2976128119008,
        "msi_mean": 584.2248482713128
    },
    "p_values": {
        "const": 0.08364487121190221,
        "ndvi_mean": 0.31609690921038,
        "gndvi_mean": 0.1572753549183364,
        "ndre1_mean": 0.2321839914368723,
        "msi_mean": 0.0813038304030571
    },
    "rsquared": 0.9029521225860363,
    "aic": 52.440895035474284,
    "fvalue": 6.978144293159847,
    "f_pvalue": 0.07118106959416948,
    "mse_model": 219.389148534576,
    "rmse_model": 14.811790861829504
}