{
    "coefs": {
        "const": -595.420097931981,
        "gndvi_mean": 923.8802743526799,
        "ndre1_mean": -1245.1974642727655,
        "ndre_mean": 873.5026241464911,
        "msi_mean": 277.354640017438
    },
    "p_values": {
        "const": 0.1111108377678212,
        "gndvi_mean": 0.10680350444439035,
        "ndre1_mean": 0.7631232157621473,
        "ndre_mean": 0.8050582936377972,
        "msi_mean": 0.2517336031077549
    },
    "rsquared": 0.8597255328590664,
    "aic": 55.38806739256229,
    "fvalue": 4.5966608377594165,
    "f_pvalue": 0.12028884045441324,
    "mse_model": 208.88643806185127,
    "rmse_model": 14.452904139371133
}