{
    "coefs": {
        "const": -1036.8745365225195,
        "gndvi_mean": 928.2536940580735,
        "cire_mean": -106.50520242338365,
        "ndre_mean": 909.4575687892648,
        "msi_mean": 486.8614364654557
    },
    "p_values": {
        "const": 0.021218951703350402,
        "gndvi_mean": 0.033589459623843965,
        "cire_mean": 0.15858781951872883,
        "ndre_mean": 0.23789483286154398,
        "msi_mean": 0.015514983741684401
    },
    "rsquared": 0.9327938899085886,
    "aic": 49.50137286792061,
    "fvalue": 10.409699601418332,
    "f_pvalue": 0.0418001588572623,
    "mse_model": 226.6397654387274,
    "rmse_model": 15.054559622875969
}