{
    "coefs": {
        "const": -562.4769377089362,
        "ndvi_mean": -203.75344091033458,
        "cire_mean": -173.00810399128892,
        "ndre_mean": 2884.267732180433,
        "ndmi_mean": -1215.6500339068607
    },
    "p_values": {
        "const": 0.036151253810474474,
        "ndvi_mean": 0.6416487589211631,
        "cire_mean": 0.11036254816394071,
        "ndre_mean": 0.06058480300127331,
        "ndmi_mean": 0.01847970260164405
    },
    "rsquared": 0.9146424667934989,
    "aic": 51.41404919188339,
    "fvalue": 8.036570696526143,
    "f_pvalue": 0.05915218914932812,
    "mse_model": 222.22953685373292,
    "rmse_model": 14.90736518817906
}