{
    "coefs": {
        "const": -1446.4746574114765,
        "ndvi_mean": 2202.3939234948975,
        "ndre1_mean": -7674.913378069894,
        "ndre_mean": 5677.422217234206,
        "msi_mean": 578.3327304447198
    },
    "p_values": {
        "const": 0.0025171816626893416,
        "ndvi_mean": 0.0027189015489857598,
        "ndre1_mean": 0.005274305320227664,
        "ndre_mean": 0.006727440098749139,
        "msi_mean": 0.005164495263691141
    },
    "rsquared": 0.9868589204105227,
    "aic": 36.44520489068039,
    "fvalue": 56.32293642757963,
    "f_pvalue": 0.0037363602850644024,
    "mse_model": 239.7758783184942,
    "rmse_model": 15.484698199141441
}