{
    "coefs": {
        "const": -313.84982120070526,
        "ndvi_mean": 247.5579010751826,
        "gndvi_mean": 152.93153962926635,
        "ndre_mean": 649.5140318866956,
        "ndmi_mean": -891.8918531575923
    },
    "p_values": {
        "const": 0.3904683553330711,
        "ndvi_mean": 0.8603109354573174,
        "gndvi_mean": 0.8979351785792802,
        "ndre_mean": 0.363160562286487,
        "ndmi_mean": 0.3730212294545538
    },
    "rsquared": 0.7726076870304396,
    "aic": 59.252673742850774,
    "fvalue": 2.548264528847102,
    "f_pvalue": 0.23409843733285357,
    "mse_model": 187.71952395817712,
    "rmse_model": 13.701077474351319
}