{
    "coefs": {
        "const": -286.3325169169009,
        "ndvi_mean": 214.9412250570067,
        "gndvi_mean": 440.8379069520661,
        "ndre1_mean": -7268.391285536754,
        "ndre_mean": 5964.862360828261
    },
    "p_values": {
        "const": 0.4084127133452283,
        "ndvi_mean": 0.87997507095852,
        "gndvi_mean": 0.6531873109703437,
        "ndre1_mean": 0.38882370600426647,
        "ndre_mean": 0.3799621917869172
    },
    "rsquared": 0.7680538803835669,
    "aic": 59.411300342208605,
    "fvalue": 2.4835095807606846,
    "f_pvalue": 0.2404026463289431,
    "mse_model": 186.61309124944478,
    "rmse_model": 13.660640221067414
}