{
    "coefs": {
        "const": -1072.790023245071,
        "gndvi_mean": 991.2800503176336,
        "cire_mean": -101.18557017489132,
        "ndre1_mean": 987.5653342415817,
        "msi_mean": 526.1949677513097
    },
    "p_values": {
        "const": 0.031152551244004466,
        "gndvi_mean": 0.02836625260660889,
        "cire_mean": 0.191585685486142,
        "ndre1_mean": 0.28503468404816945,
        "msi_mean": 0.028939927012630453
    },
    "rsquared": 0.9259662849943838,
    "aic": 50.27542430996199,
    "fvalue": 9.380519587502878,
    "f_pvalue": 0.04812284229485894,
    "mse_model": 224.9808708072292,
    "rmse_model": 14.999362346687581
}