{
    "coefs": {
        "const": -1279.2008349597613,
        "ndvi_mean": 1617.3427155376128,
        "cire_mean": -12.83911059879307,
        "ndmi_mean": -478.6378222838134,
        "msi_mean": 568.7922430739808
    },
    "p_values": {
        "const": 0.10939957817015292,
        "ndvi_mean": 0.08419150078013214,
        "cire_mean": 0.7656708218406332,
        "ndmi_mean": 0.3157957688945506,
        "msi_mean": 0.1639144353231811
    },
    "rsquared": 0.8439943197624101,
    "aic": 56.238398875848304,
    "fvalue": 4.0575172574343625,
    "f_pvalue": 0.13962683373240303,
    "mse_model": 205.0642448797731,
    "rmse_model": 14.320064416048313
}