{
    "coefs": {
        "const": -482.117103649264,
        "ndvi_mean": 855.68237866355,
        "ndre1_mean": -6035.294175113651,
        "ndre_mean": 5282.167617255143,
        "ndmi_mean": -637.544457904241
    },
    "p_values": {
        "const": 0.07047811094022495,
        "ndvi_mean": 0.15603690519564645,
        "ndre1_mean": 0.22761931740756747,
        "ndre_mean": 0.17903721598772548,
        "ndmi_mean": 0.19284387851560417
    },
    "rsquared": 0.8701461413992877,
    "aic": 54.77053675690929,
    "fvalue": 5.025723633335959,
    "f_pvalue": 0.10786847010780418,
    "mse_model": 211.4183202931082,
    "rmse_model": 14.54023109490039
}