{
    "coefs": {
        "const": -832.6756080137188,
        "cire_mean": -176.0299842545874,
        "ndre1_mean": 3429.309098436837,
        "ndmi_mean": -1218.6126285663145,
        "msi_mean": 214.3311302441591
    },
    "p_values": {
        "const": 0.08779086701742508,
        "cire_mean": 0.11547112189476164,
        "ndre1_mean": 0.052632590443388555,
        "ndmi_mean": 0.05779468146988159,
        "msi_mean": 0.31680364586097964
    },
    "rsquared": 0.8835742806431299,
    "aic": 53.89728726943296,
    "fvalue": 5.691875593665755,
    "f_pvalue": 0.09237700081080452,
    "mse_model": 214.68093850001048,
    "rmse_model": 14.651994352306122
}