{
    "coefs": {
        "const": -264.26989424454086,
        "gndvi_mean": 470.41400750269077,
        "ndre1_mean": -3157.024813185224,
        "ndre_mean": 2918.7200281928126,
        "ndmi_mean": -395.9679289227213
    },
    "p_values": {
        "const": 0.09422067487881383,
        "gndvi_mean": 0.31604973340445836,
        "ndre1_mean": 0.49316803118110075,
        "ndre_mean": 0.4090008647542025,
        "ndmi_mean": 0.47419425625784506
    },
    "rsquared": 0.8084893159900239,
    "aic": 57.87880831483369,
    "fvalue": 3.166230595056156,
    "f_pvalue": 0.18544653159717145,
    "mse_model": 196.43763849445114,
    "rmse_model": 14.015621231128184
}