{
    "coefs": {
        "const": -1028.7261067109632,
        "gndvi_mean": 1586.870284723592,
        "ndre_mean": -968.9207366989267,
        "ndmi_mean": 753.9479410893005,
        "msi_mean": 657.7322079462743
    },
    "p_values": {
        "const": 0.11239389044557617,
        "gndvi_mean": 0.1354515289250941,
        "ndre_mean": 0.38387870915512656,
        "ndmi_mean": 0.46069412020821837,
        "msi_mean": 0.188368894925355
    },
    "rsquared": 0.8825232061827246,
    "aic": 53.969186046129295,
    "fvalue": 5.634239607071313,
    "f_pvalue": 0.09356728678290413,
    "mse_model": 214.42556025220887,
    "rmse_model": 14.64327696426619
}