{
    "coefs": {
        "const": -59.413563981522316,
        "ndre1_mean": -2691.1193924037707,
        "ndre_mean": 3044.4123319756172,
        "ndmi_mean": -751.9296548089596,
        "msi_mean": -140.72416296035635
    },
    "p_values": {
        "const": 0.8055202485120122,
        "ndre1_mean": 0.6243585204352222,
        "ndre_mean": 0.4976035731503289,
        "ndmi_mean": 0.30328861757313574,
        "msi_mean": 0.5943765072302749
    },
    "rsquared": 0.7462968882416583,
    "aic": 60.128577385191164,
    "fvalue": 2.2062112770394124,
    "f_pvalue": 0.2708388182506414,
    "mse_model": 181.32682206496543,
    "rmse_model": 13.465764815448301
}