{
    "coefs": {
        "const": -549.0224593603998,
        "gndvi_mean": -220.82681433318658,
        "cire_mean": -150.09113004877486,
        "ndre1_mean": 3495.230053393733,
        "ndmi_mean": -1619.6555036712618
    },
    "p_values": {
        "const": 0.11920157430139941,
        "gndvi_mean": 0.7258313956143121,
        "cire_mean": 0.29870001528358375,
        "ndre1_mean": 0.22303846686093368,
        "ndmi_mean": 0.10281016059739666
    },
    "rsquared": 0.8359504212328112,
    "aic": 56.640609062470986,
    "fvalue": 3.8217886363144116,
    "f_pvalue": 0.14976221744355644,
    "mse_model": 203.10982890890958,
    "rmse_model": 14.251660566716764
}