{
    "coefs": {
        "const": -382.7080788097817,
        "ndvi_mean": 1151.2030153329015,
        "cire_mean": 57.85873603867606,
        "ndre1_mean": -10849.32689482627,
        "ndre_mean": 8153.956076200995
    },
    "p_values": {
        "const": 0.18355159426720957,
        "ndvi_mean": 0.32662160603885354,
        "cire_mean": 0.6742106620142525,
        "ndre1_mean": 0.09074260895782839,
        "ndre_mean": 0.08703090418719601
    },
    "rsquared": 0.7657534472672104,
    "aic": 59.49025316749189,
    "fvalue": 2.4517546950009645,
    "f_pvalue": 0.24359674581269902,
    "mse_model": 186.05415789070503,
    "rmse_model": 13.640167077081754
}