{
    "coefs": {
        "const": -244.1252639195542,
        "ndvi_mean": -57.590016418180994,
        "gndvi_mean": 398.82227111058637,
        "ndre1_mean": 672.6342892307655,
        "ndmi_mean": -756.153455220835
    },
    "p_values": {
        "const": 0.47661170853657503,
        "ndvi_mean": 0.9654430388742645,
        "gndvi_mean": 0.7288782222610224,
        "ndre1_mean": 0.44428929668226946,
        "ndmi_mean": 0.44628930592314026
    },
    "rsquared": 0.750161372143787,
    "aic": 60.00578129587702,
    "fvalue": 2.2519377164993055,
    "f_pvalue": 0.26539808263869785,
    "mse_model": 182.26577088806073,
    "rmse_model": 13.500584094329428
}