{
    "coefs": {
        "const": -158.83259143883743,
        "ndvi_mean": -233.75806846187606,
        "gndvi_mean": 713.7176800120769,
        "cire_mean": 23.80478868841226,
        "ndmi_mean": -453.57002373400155
    },
    "p_values": {
        "const": 0.6302277255791959,
        "ndvi_mean": 0.8820539131349694,
        "gndvi_mean": 0.5605431029817661,
        "cire_mean": 0.6508343121284472,
        "ndmi_mean": 0.6205703715413999
    },
    "rsquared": 0.7101216578496305,
    "aic": 61.19495013000252,
    "fvalue": 1.8372922910913787,
    "f_pvalue": 0.32231616478763825,
    "mse_model": 172.5373715556524,
    "rmse_model": 13.135348170324699
}