{
    "coefs": {
        "const": -1101.1393718831737,
        "ndvi_mean": 813.068955007484,
        "gndvi_mean": 759.6097290601747,
        "ndre_mean": -446.71310175584813,
        "msi_mean": 559.2136402834732
    },
    "p_values": {
        "const": 0.10469034091571573,
        "ndvi_mean": 0.40394664580898937,
        "gndvi_mean": 0.14973931687473113,
        "ndre_mean": 0.2971001993306999,
        "msi_mean": 0.10266852068610989
    },
    "rsquared": 0.8892958966625376,
    "aic": 53.49414677862672,
    "fvalue": 6.024816627291168,
    "f_pvalue": 0.08596783321023908,
    "mse_model": 216.07111239222593,
    "rmse_model": 14.699357550322597
}