{
    "coefs": {
        "const": -1195.2768073481266,
        "ndvi_mean": 1565.0080522283833,
        "ndre1_mean": -100.95088769374581,
        "ndmi_mean": -501.5987356093988,
        "msi_mean": 524.9577654432767
    },
    "p_values": {
        "const": 0.16505546053780154,
        "ndvi_mean": 0.20073485024210913,
        "ndre1_mean": 0.9092750960334265,
        "ndmi_mean": 0.4044022024880325,
        "msi_mean": 0.26302508708638106
    },
    "rsquared": 0.8392809413075777,
    "aic": 56.47652243830251,
    "fvalue": 3.916528077639629,
    "f_pvalue": 0.1455466427599405,
    "mse_model": 203.91904120832552,
    "rmse_model": 14.280022451254252
}