{
    "coefs": {
        "const": -1203.9086705305124,
        "ndvi_mean": 708.9767698100486,
        "gndvi_mean": 803.0498486786446,
        "cire_mean": -43.375667946620524,
        "msi_mean": 592.092978389421
    },
    "p_values": {
        "const": 0.05741046510437978,
        "ndvi_mean": 0.32333900708378727,
        "gndvi_mean": 0.09562115383817721,
        "cire_mean": 0.16132975848596603,
        "msi_mean": 0.05677829388199493
    },
    "rsquared": 0.9209966385819276,
    "aic": 50.795182738181104,
    "fvalue": 8.743266951403836,
    "f_pvalue": 0.052883235865973065,
    "mse_model": 223.7734020304527,
    "rmse_model": 14.959057524805923
}