{
    "coefs": {
        "const": -562.6262486716498,
        "cire_mean": -146.2731884852505,
        "ndre1_mean": -1429.9537205919587,
        "ndre_mean": 3629.546196990974,
        "ndmi_mean": -1099.2629648993898
    },
    "p_values": {
        "const": 0.03506982304959517,
        "cire_mean": 0.07501519434428354,
        "ndre1_mean": 0.6017321040021124,
        "ndre_mean": 0.17233758152341774,
        "ndmi_mean": 0.05579195944874382
    },
    "rsquared": 0.9164870933640609,
    "aic": 51.23926905213827,
    "fvalue": 8.230647785012465,
    "f_pvalue": 0.05731189320327571,
    "mse_model": 222.67772346579915,
    "rmse_model": 14.922390005149952
}