{
    "coefs": {
        "const": -71.02926559844039,
        "ndvi_mean": -1568.1694522685175,
        "gndvi_mean": 1260.837499492397,
        "cire_mean": -99.87581976548961,
        "ndre_mean": 1333.063379991454
    },
    "p_values": {
        "const": 0.6149855798905492,
        "ndvi_mean": 0.1302395130645644,
        "gndvi_mean": 0.10566384687825398,
        "cire_mean": 0.4885449865223429,
        "ndre_mean": 0.4569601763884952
    },
    "rsquared": 0.7430227987571267,
    "aic": 60.23115848766322,
    "fvalue": 2.1685468452945096,
    "f_pvalue": 0.2754587711036488,
    "mse_model": 180.53132063552064,
    "rmse_model": 13.436194425339366
}