{
    "coefs": {
        "const": -1498.1641724902745,
        "ndvi_mean": 1527.6242776825102,
        "cire_mean": -58.41523754550519,
        "ndre_mean": 266.0505936817208,
        "msi_mean": 776.8655606894182
    },
    "p_values": {
        "const": 0.10439804182755595,
        "ndvi_mean": 0.25512907239736643,
        "cire_mean": 0.6525274431496441,
        "ndre_mean": 0.8708529076148658,
        "msi_mean": 0.08724659980825168
    },
    "rsquared": 0.7713234173155639,
    "aic": 59.297729149933836,
    "fvalue": 2.529741157558612,
    "f_pvalue": 0.23587379289928062,
    "mse_model": 187.40748655089092,
    "rmse_model": 13.689685407301766
}