{
    "coefs": {
        "const": -1029.810414637199,
        "ndvi_mean": 1320.3015259390975,
        "ndre_mean": 105.76636449516297,
        "ndmi_mean": -609.1905408186271,
        "msi_mean": 423.25505054251664
    },
    "p_values": {
        "const": 0.19670335688829818,
        "ndvi_mean": 0.23224388203754887,
        "ndre_mean": 0.8716762711917534,
        "ndmi_mean": 0.2896865996099494,
        "msi_mean": 0.3379299596049602
    },
    "rsquared": 0.84010583039476,
    "aic": 56.435356780269004,
    "fvalue": 3.9406025519983756,
    "f_pvalue": 0.14450666735697446,
    "mse_model": 204.11946347872683,
    "rmse_model": 14.287038303256796
}