{
    "coefs": {
        "const": -621.4028741246597,
        "gndvi_mean": -228.68634891525926,
        "cire_mean": -183.3145983923721,
        "ndre_mean": 3124.628080198474,
        "ndmi_mean": -1379.0696873005109
    },
    "p_values": {
        "const": 0.03505286411939235,
        "gndvi_mean": 0.5474994546971389,
        "cire_mean": 0.09952948529911654,
        "ndre_mean": 0.06747742282955406,
        "ndmi_mean": 0.020538543138193827
    },
    "rsquared": 0.9193580887318755,
    "aic": 50.95940757119026,
    "fvalue": 8.550374807664742,
    "f_pvalue": 0.054480669917036345,
    "mse_model": 223.37528562157289,
    "rmse_model": 14.945744732918895
}