{
    "coefs": {
        "const": -874.7847316325078,
        "ndvi_mean": 730.8248742603002,
        "gndvi_mean": 437.9830762969765,
        "ndmi_mean": -352.21628089134765,
        "msi_mean": 386.34522934846063
    },
    "p_values": {
        "const": 0.13567584722553733,
        "ndvi_mean": 0.5212522036314059,
        "gndvi_mean": 0.4939039706554245,
        "ndmi_mean": 0.4437429702690958,
        "msi_mean": 0.13908522767484313
    },
    "rsquared": 0.8655102315788024,
    "aic": 55.05116452836354,
    "fvalue": 4.826632399656867,
    "f_pvalue": 0.11335326594849146,
    "mse_model": 210.29193907891212,
    "rmse_model": 14.501446103024074
}