{
    "coefs": {
        "const": -8.953736520436507,
        "ndvi_mean": -1954.0885050767183,
        "gndvi_mean": 1465.2247005327858,
        "cire_mean": -112.93577189736766,
        "ndre1_mean": 1845.0313936049624
    },
    "p_values": {
        "const": 0.9372208445692819,
        "ndvi_mean": 0.24419518446861108,
        "gndvi_mean": 0.11039115542410947,
        "cire_mean": 0.5404519030338384,
        "ndre1_mean": 0.5168809877145971
    },
    "rsquared": 0.7293039783403272,
    "aic": 60.64723152908354,
    "fvalue": 2.0206354729620766,
    "f_pvalue": 0.2949105809109588,
    "mse_model": 177.1980759873764,
    "rmse_model": 13.311576765634355
}