{
    "coefs": {
        "const": -747.498640196542,
        "cire_mean": -176.0501548612986,
        "ndre_mean": 2754.193951819083,
        "ndmi_mean": -1068.0711647144299,
        "msi_mean": 125.25702815380669
    },
    "p_values": {
        "const": 0.04733294962726243,
        "cire_mean": 0.05844468512535208,
        "ndre_mean": 0.02387657830207376,
        "ndmi_mean": 0.03601062617993677,
        "msi_mean": 0.3978443454668995
    },
    "rsquared": 0.9297343849267663,
    "aic": 49.8575200260091,
    "fvalue": 9.923784029618458,
    "f_pvalue": 0.044601302593936624,
    "mse_model": 225.89640133767526,
    "rmse_model": 15.02985034315629
}