{
    "coefs": {
        "const": 23.71792186217541,
        "ndvi_max": -192.86902121112786,
        "gndvi_max": -4.841670609993059,
        "ndre_max": 369.1491738408222
    },
    "p_values": {
        "const": 0.7787249809629115,
        "ndvi_max": 0.3768859892148525,
        "gndvi_max": 0.9821721154379839,
        "ndre_max": 0.12548670699350736
    },
    "rsquared": 0.6157851399874754,
    "aic": 163.78642218816765,
    "fvalue": 9.61626221277442,
    "f_pvalue": 0.0005198830113009268,
    "mse_model": 818.4810819000195,
    "rmse_model": 28.609108373034267
}