{
    "coefs": {
        "const": 21.67627628749149,
        "cire_max": 34.423031593872416,
        "ndre1_max": -280.75141843250367,
        "ndre_max": 190.40112010761032
    },
    "p_values": {
        "const": 0.7894192348411072,
        "cire_max": 0.4961268082181076,
        "ndre1_max": 0.49717366048816014,
        "ndre_max": 0.7388319297049428
    },
    "rsquared": 0.6256161211468927,
    "aic": 163.21617685682997,
    "fvalue": 10.026331097323103,
    "f_pvalue": 0.0004144962784917352,
    "mse_model": 831.5480943577448,
    "rmse_model": 28.83657563508096
}