{
    "coefs": {
        "const": 36.19826246786383,
        "gndvi_max": 5.680535409729885,
        "cire_max": 44.0466045043931,
        "ndre_max": -124.89330587780955
    },
    "p_values": {
        "const": 0.700883865937088,
        "gndvi_max": 0.9792271697050894,
        "cire_max": 0.3788701191788405,
        "ndre_max": 0.7554567548486287
    },
    "rsquared": 0.6156431564683882,
    "aic": 163.7945506098648,
    "fvalue": 9.610493480146724,
    "f_pvalue": 0.0005215634935688894,
    "mse_model": 818.2923621392328,
    "rmse_model": 28.605809936780897
}