{
    "coefs": {
        "const": 3.9414506548176647,
        "ndvi_max": -129.77437657401958,
        "ndre1_max": -237.73135775844884,
        "ndre_max": 514.9120221454708
    },
    "p_values": {
        "const": 0.9559348171775572,
        "ndvi_max": 0.5990746417373465,
        "ndre1_max": 0.6050144273926695,
        "ndre_max": 0.14958012339763818
    },
    "rsquared": 0.6216001001192681,
    "aic": 163.4509143825853,
    "fvalue": 9.856240981805609,
    "f_pvalue": 0.0004550238211197887,
    "mse_model": 826.2101330751939,
    "rmse_model": 28.74387122631873
}