{
    "coefs": {
        "const": 32.189872107368345,
        "gndvi_max": -227.3513930063018,
        "ndre1_max": -616.9552001159963,
        "ndre_max": 875.0278616508367
    },
    "p_values": {
        "const": 0.6817100152566247,
        "gndvi_max": 0.40070380559074037,
        "ndre1_max": 0.22411901615985597,
        "ndre_max": 0.1284528233539343
    },
    "rsquared": 0.6307759136286025,
    "aic": 162.91086206248053,
    "fvalue": 10.250294120748888,
    "f_pvalue": 0.0003671112007337866,
    "mse_model": 838.4063185313508,
    "rmse_model": 28.95524682214522
}