{
    "coefs": {
        "const": 35.62157839523731,
        "ndvi_max": 35.94963908952052,
        "cire_max": 49.37326578081445,
        "ndre1_max": -221.70636280934602
    },
    "p_values": {
        "const": 0.6336011003061937,
        "ndvi_max": 0.8905984945806106,
        "cire_max": 0.14062141322450966,
        "ndre1_max": 0.6169286866023809
    },
    "rsquared": 0.6236384995594539,
    "aic": 163.332082400196,
    "fvalue": 9.942119459553547,
    "f_pvalue": 0.00043403750709974194,
    "mse_model": 828.9195056644409,
    "rmse_model": 28.790962221927227
}