{
    "coefs": {
        "const": -18.99187660168071,
        "ndvi_max": -202.68808468501737,
        "gndvi_max": 161.94573882541954,
        "ndre1_max": 307.0128908787534
    },
    "p_values": {
        "const": 0.8080912394785428,
        "ndvi_max": 0.47270203107534237,
        "gndvi_max": 0.39910847947449135,
        "ndre1_max": 0.2637585794765833
    },
    "rsquared": 0.5909162737307264,
    "aic": 165.16621637110785,
    "fvalue": 8.666924188645394,
    "f_pvalue": 0.0008983748155569751,
    "mse_model": 785.4262138337572,
    "rmse_model": 28.02545653212017
}