{
    "coefs": {
        "const": 53.85124230316231,
        "gndvi_max": -24.359676067005324,
        "cire_max": 49.91898205215132,
        "ndre1_max": -170.7645450493731
    },
    "p_values": {
        "const": 0.570060877994436,
        "gndvi_max": 0.8972315057473512,
        "cire_max": 0.16007976878815344,
        "ndre1_max": 0.4963109884027229
    },
    "rsquared": 0.6235904064656747,
    "aic": 163.3348934753636,
    "fvalue": 9.940082567137999,
    "f_pvalue": 0.00043452265646421536,
    "mse_model": 828.8555819272925,
    "rmse_model": 28.789852065047025
}