{
    "coefs": {
        "const": 41.865331980299324,
        "ndvi_max": -76.75296954602625,
        "gndvi_max": 13.526637184847317,
        "cire_max": 35.46659597996341
    },
    "p_values": {
        "const": 0.6525558819177513,
        "ndvi_max": 0.6397872696816831,
        "gndvi_max": 0.9483898526767292,
        "cire_max": 0.11654950121272882
    },
    "rsquared": 0.6183125473093956,
    "aic": 163.64122570034183,
    "fvalue": 9.719667905519534,
    "f_pvalue": 0.0004907561703525687,
    "mse_model": 821.8404274654049,
    "rmse_model": 28.667759372950737
}