{
    "coefs": {
        "const": 40.53709647703607,
        "ndvi_max": -114.64448000289232,
        "cire_max": 25.504011415219782,
        "ndre_max": 114.13508067903507
    },
    "p_values": {
        "const": 0.608243513904496,
        "ndvi_max": 0.7037132912816624,
        "cire_max": 0.7102870007958222,
        "ndre_max": 0.8715730227280265
    },
    "rsquared": 0.6187906729080548,
    "aic": 163.61364984781116,
    "fvalue": 9.739384043331235,
    "f_pvalue": 0.00048541066402802937,
    "mse_model": 822.4759360736228,
    "rmse_model": 28.678841260999768
}