{"A": 1.6495286665583453, "omega": 0.016620627824186288, "phi": -0.5577357517300098, "offset": 4.3873452933114985, "mse": 0.6326878000361471, "r2": 0.6554152670938072}