{"A": 1.7847774418453852, "omega": 0.01655186289013261, "phi": -0.47613940183063047, "offset": 4.811403684163774, "mse": 0.9299458689228554, "r2": 0.603459434176886}