{"A": 1.7991161205913755, "omega": 0.016656184880930132, "phi": -0.5406343549112483, "offset": 4.564888900084775, "mse": 0.7763323551423522, "r2": 0.6484541071281371}