{"A": 1.7681997431602468, "omega": 0.016643674159663707, "phi": -0.5475165751126647, "offset": 4.56529017592541, "mse": 0.7600802001705286, "r2": 0.645295352924988}