{
    "A": 1.6183905868485184,
    "omega": 0.017119790632920247,
    "phi": -1.2391214991219017,
    "offset": 4.826368298471643,
    "mse": 1.0411447862468242,
    "r2": 0.5560716149144075
}