{
    "A": 1.6681777972132203,
    "omega": 0.01732170088605777,
    "phi": -1.381152294198693,
    "offset": 4.597524296153354,
    "mse": 1.001277477611517,
    "r2": 0.5839399715178135
}