{
    "A": 1.6183905862764347,
    "omega": 0.01711979062895154,
    "phi": -1.239121495496018,
    "offset": 4.826368298031157,
    "mse": 1.0411447862488363,
    "r2": 0.5560716149135495
}