{
    "A": 1.6309297681723505,
    "omega": 0.017136039385635713,
    "phi": -1.2921009144257303,
    "offset": 4.576643729233309,
    "mse": 0.853710596129545,
    "r2": 0.6082183316334548
}