{
    "A": 1.6375189156633234,
    "omega": 0.01732406641852642,
    "phi": -1.3949940687232356,
    "offset": 4.597559353686646,
    "mse": 0.9801762725160241,
    "r2": 0.5802393486687627
}