{
    "A": 1.6330292665483652,
    "omega": 0.017329061117388644,
    "phi": -1.353736891843597,
    "offset": 4.852317586366925,
    "mse": 1.1872554555384862,
    "r2": 0.5311025434754206
}