{
    "A": 1.6597466853706044,
    "omega": 0.01713267832848069,
    "phi": -1.2778403976259856,
    "offset": 4.5755328854618185,
    "mse": 0.8698965381981325,
    "r2": 0.6120512961339877
}