{"A": 1.535048967012427, "omega": 0.017154142097935126, "phi": -1.3202118351996301, "offset": 4.373114779102643, "mse": 0.7257575399072062, "r2": 0.6182081875995113}