{
    "A": 1.5350489660559181,
    "omega": 0.01715414210822861,
    "phi": -1.3202118458972918,
    "offset": 4.373114780021596,
    "mse": 0.7257575399036549,
    "r2": 0.6182081876013795
}