{
    "A": 1.630929768628425,
    "omega": 0.01713603937942753,
    "phi": -1.292100908160013,
    "offset": 4.576643728658658,
    "mse": 0.8537105961318587,
    "r2": 0.608218331632393
}