{
    "A": 1.6597466846164508,
    "omega": 0.0171326783143494,
    "phi": -1.277840383602073,
    "offset": 4.5755328841413725,
    "mse": 0.8698965382037078,
    "r2": 0.6120512961315012
}