{
    "A": 1.5254655337746594,
    "omega": 0.01730647390840094,
    "phi": -1.4040503052487463,
    "offset": 4.375895845726111,
    "mse": 0.8323143668792616,
    "r2": 0.5856768497551215
}