{
    "coefs": {
        "const": -110.26419192231432,
        "ndvi_max": -432.3662062294529,
        "gndvi_max": 771.2631806538384,
        "cire_max": 2.0004590921319116
    },
    "p_values": {
        "const": 0.19877642153676173,
        "ndvi_max": 0.3052308051229711,
        "gndvi_max": 0.14161184359151494,
        "cire_max": 0.8940452281581381
    },
    "rsquared": 0.8511743340100331,
    "aic": 66.4555226717988,
    "fvalue": 11.438542248047655,
    "f_pvalue": 0.006795552019632422,
    "mse_model": 385.8656980845483,
    "rmse_model": 19.643464513281465
}