{
    "coefs": {
        "const": -139.87433707087092,
        "gndvi_max": 306.19388939574924,
        "cire_max": 8.944229750381869,
        "ndre_max": -30.713468026389535
    },
    "p_values": {
        "const": 0.13741599176369518,
        "gndvi_max": 0.22849991728875566,
        "cire_max": 0.707994310683504,
        "ndre_max": 0.9225915905672065
    },
    "rsquared": 0.8203245941481471,
    "aic": 68.3392859532614,
    "fvalue": 9.131183984351495,
    "f_pvalue": 0.011800399714680736,
    "mse_model": 371.88048268049334,
    "rmse_model": 19.284202930909366
}