{
    "coefs": {
        "const": -118.08365762394715,
        "gndvi_max": 907.2786327383071,
        "cire_max": 47.839586939,
        "ndre1_max": -1105.1011692021655
    },
    "p_values": {
        "const": 0.06836408864258461,
        "gndvi_max": 0.012328845117769204,
        "cire_max": 0.039148519968989215,
        "ndre1_max": 0.03635242110981866
    },
    "rsquared": 0.9182062955809296,
    "aic": 60.46976950718101,
    "fvalue": 22.451759633638698,
    "f_pvalue": 0.0011596989909200411,
    "mse_model": 416.2535206633548,
    "rmse_model": 20.402292044359985
}