{
    "coefs": {
        "const": -143.26507387341172,
        "ndvi_max": -452.02428239858546,
        "gndvi_max": 1007.1451011255922,
        "ndre1_max": -208.53663100070975
    },
    "p_values": {
        "const": 0.09059110693231844,
        "ndvi_max": 0.245937777369785,
        "gndvi_max": 0.06707555778514117,
        "ndre1_max": 0.5086931803402626
    },
    "rsquared": 0.8620425332080082,
    "aic": 65.6972209916126,
    "fvalue": 12.497221835883234,
    "f_pvalue": 0.005437746283183945,
    "mse_model": 390.7926150542971,
    "rmse_model": 19.768475284004506
}