{
    "coefs": {
        "const": -164.73824595851002,
        "ndvi_max": 192.88061432082623,
        "ndre1_max": -113.24369053185978,
        "ndre_max": 246.78514057892767
    },
    "p_values": {
        "const": 0.11492435942363449,
        "ndvi_max": 0.5162112908988663,
        "ndre1_max": 0.798330494668709,
        "ndre_max": 0.34359324551990417
    },
    "rsquared": 0.7853046618365673,
    "aic": 70.11996664553911,
    "fvalue": 7.315525977921045,
    "f_pvalue": 0.019822596191375434,
    "mse_model": 356.00478003257723,
    "rmse_model": 18.868088934297962
}