{
    "coefs": {
        "const": -129.65279720635397,
        "ndvi_max": 139.45416938970246,
        "cire_max": 7.930408959007639,
        "ndre_max": 122.27785957861715
    },
    "p_values": {
        "const": 0.2292192364579488,
        "ndvi_max": 0.4828739938000419,
        "cire_max": 0.7599970038884627,
        "ndre_max": 0.6904762933932098
    },
    "rsquared": 0.7863916576572056,
    "aic": 70.06920835398597,
    "fvalue": 7.362930202372151,
    "f_pvalue": 0.01953258764125405,
    "mse_model": 356.4975514712665,
    "rmse_model": 18.881142748024192
}