{
    "coefs": {
        "const": -119.75196910649228,
        "ndvi_max": 539.1876704797519,
        "cire_max": 49.258093472667895,
        "ndre1_max": -739.7907969980411
    },
    "p_values": {
        "const": 0.20837127112994694,
        "ndvi_max": 0.1889616936307257,
        "cire_max": 0.18729103565594507,
        "ndre1_max": 0.32452302828818813
    },
    "rsquared": 0.8155613860184582,
    "aic": 68.60093365734545,
    "fvalue": 8.84371627407781,
    "f_pvalue": 0.01273745304657407,
    "mse_model": 369.72116166170105,
    "rmse_model": 19.228134638120803
}