{
    "coefs": {
        "const": -99.63456041319796,
        "cire_max": 3.3880014030016383,
        "ndre1_max": 84.0591303591091,
        "ndre_max": 209.39931402493087
    },
    "p_values": {
        "const": 0.3464383653253041,
        "cire_max": 0.9145869252658461,
        "ndre1_max": 0.8157444951074319,
        "ndre_max": 0.49140819514940426
    },
    "rsquared": 0.7687701591578491,
    "aic": 70.86188871019212,
    "fvalue": 6.6494026580474985,
    "f_pvalue": 0.02457907170171048,
    "mse_model": 348.5091388182249,
    "rmse_model": 18.668399471251544
}