{
    "coefs": {
        "const": -191.55550107854083,
        "gndvi_max": 506.0787675641331,
        "ndre1_max": -317.4148798310633,
        "ndre_max": 144.56552521470627
    },
    "p_values": {
        "const": 0.0219408157895113,
        "gndvi_max": 0.16479184375367323,
        "ndre1_max": 0.4162055999615999,
        "ndre_max": 0.524443521349053
    },
    "rsquared": 0.8364758493750715,
    "aic": 67.39737362836695,
    "fvalue": 10.230609315851774,
    "f_pvalue": 0.008958023578183085,
    "mse_model": 379.20238505003243,
    "rmse_model": 19.473119551064038
}