{
    "coefs": {
        "const": -118.47459358754827,
        "ndvi_max": -500.54857350567863,
        "gndvi_max": 919.2380255944804,
        "ndre_max": -55.12202201155759
    },
    "p_values": {
        "const": 0.10668209617231046,
        "ndvi_max": 0.26700052251659456,
        "gndvi_max": 0.14307617214911494,
        "ndre_max": 0.7953625630605607
    },
    "rsquared": 0.8525029128357686,
    "aic": 66.3658510070903,
    "fvalue": 11.559589809208168,
    "f_pvalue": 0.006618904432954307,
    "mse_model": 386.46798715221513,
    "rmse_model": 19.65878905609944
}