{
    "coefs": {
        "const": -697.4181751708334,
        "gndvi_mean": 848.5502943944969,
        "cire_mean": 28.962748641066128,
        "ndre1_mean": -6.954087499243542,
        "ndre_mean": -1559.3245859527442,
        "ndmi_mean": 2104.3200081541627,
        "msi_mean": 765.6088068272577
    },
    "p_values": {
        "const": 0.06848710857580625,
        "gndvi_mean": 0.26039119378211595,
        "cire_mean": 0.7524574374875126,
        "ndre1_mean": 0.9951845849977479,
        "ndre_mean": 0.4072073834214174,
        "ndmi_mean": 0.022983269174704606,
        "msi_mean": 0.035656425875264984
    },
    "rsquared": 0.9098603973786314,
    "aic": 83.08637284346747,
    "fvalue": 8.411585759928592,
    "f_pvalue": 0.016823501437760468,
    "mse_model": 374.05371892232625,
    "rmse_model": 19.340468425617985
}