{
    "coefs": {
        "const": -693.8235892972302,
        "ndvi_mean": -57.05249966698193,
        "gndvi_mean": 872.6875799830023,
        "cire_mean": 20.90907476126256,
        "ndre_mean": -1494.0763641487065,
        "ndmi_mean": 2115.144368801677,
        "msi_mean": 764.5743617718904
    },
    "p_values": {
        "const": 0.04505321068970742,
        "ndvi_mean": 0.9048803465277611,
        "gndvi_mean": 0.15048224564211324,
        "cire_mean": 0.8445563266324342,
        "ndre_mean": 0.20389053649100186,
        "ndmi_mean": 0.021514046296869413,
        "msi_mean": 0.028748821075061885
    },
    "rsquared": 0.9101435490420835,
    "aic": 83.04861842944942,
    "fvalue": 8.440717938996775,
    "f_pvalue": 0.016698865332440912,
    "mse_model": 374.17012571730106,
    "rmse_model": 19.343477601437158
}