{
    "coefs": {
        "const": 140.2336238177718,
        "ndvi_mean": 485.5615364755279,
        "gndvi_mean": -353.33372106724505,
        "cire_mean": 128.62180737824562,
        "ndre1_mean": -1898.3434450211607,
        "ndre_mean": 573.8783290223237,
        "ndmi_mean": 290.86920265848084
    },
    "p_values": {
        "const": 0.40630547948936063,
        "ndvi_mean": 0.6656410978404655,
        "gndvi_mean": 0.8191203095027783,
        "cire_mean": 0.43088970128341253,
        "ndre1_mean": 0.4641977789604351,
        "ndre_mean": 0.8434870816345726,
        "ndmi_mean": 0.4130409073652744
    },
    "rsquared": 0.7725911302379715,
    "aic": 94.19105256595014,
    "fvalue": 2.8311382161069916,
    "f_pvalue": 0.13669597718461263,
    "mse_model": 317.6207979867217,
    "rmse_model": 17.821919032099817
}