{
    "coefs": {
        "const": -530.5793437468528,
        "ndvi_mean": 384.7382808112754,
        "cire_mean": 27.18215417705676,
        "ndre1_mean": -1174.7458182931878,
        "ndre_mean": -123.37145185393729,
        "ndmi_mean": 1803.5296261522435,
        "msi_mean": 655.8551252951943
    },
    "p_values": {
        "const": 0.11689180526364881,
        "ndvi_mean": 0.4660910426353783,
        "cire_mean": 0.815942773769799,
        "ndre1_mean": 0.25143758657279613,
        "ndre_mean": 0.9101300517532489,
        "ndmi_mean": 0.039464448744072775,
        "msi_mean": 0.06016000529985954
    },
    "rsquared": 0.8940212469240402,
    "aic": 85.02892111405382,
    "fvalue": 7.029878009944548,
    "f_pvalue": 0.024614055433382357,
    "mse_model": 367.54206817988324,
    "rmse_model": 19.171386704667018
}