{
    "coefs": {
        "const": 158.35101721661636,
        "ndvi_mean": 700.4104307778616,
        "gndvi_mean": -669.8371872029361,
        "cire_mean": 146.06730931256797,
        "ndre1_mean": -1897.2699956008364,
        "ndre_mean": 755.1703548120913,
        "msi_mean": -45.36170883320938
    },
    "p_values": {
        "const": 0.5705976502006995,
        "ndvi_mean": 0.551087048237136,
        "gndvi_mean": 0.6753493259885216,
        "cire_mean": 0.3994057328626944,
        "ndre1_mean": 0.5004655932698319,
        "ndre_mean": 0.8085797293996058,
        "msi_mean": 0.7580726455309017
    },
    "rsquared": 0.7418333122160881,
    "aic": 95.7133229737894,
    "fvalue": 2.394555363254979,
    "f_pvalue": 0.17820480065998381,
    "mse_model": 304.9759172443918,
    "rmse_model": 17.463559695674643
}