{
    "coefs": {
        "const": -556.2552735152813,
        "ndvi_mean": 148.28124221840267,
        "gndvi_mean": 189.3436141793859,
        "cire_mean": -8.645178531007787,
        "ndre1_mean": -1047.1225019075946,
        "ndmi_mean": 1890.7859673394441,
        "msi_mean": 673.5720594580748
    },
    "p_values": {
        "const": 0.11224126948822502,
        "ndvi_mean": 0.8349183168030783,
        "gndvi_mean": 0.7482320269707762,
        "cire_mean": 0.9375927591969071,
        "ndre1_mean": 0.32866974414538624,
        "ndmi_mean": 0.040093346463705076,
        "msi_mean": 0.05739919102730369
    },
    "rsquared": 0.8961133351945316,
    "aic": 84.78966405916469,
    "fvalue": 7.188228768922815,
    "f_pvalue": 0.023492427518954785,
    "mse_model": 368.4021489133074,
    "rmse_model": 19.193804961844002
}