{
    "coefs": {
        "const": -741.9566635212996,
        "ndvi_mean": -199.43271394120666,
        "gndvi_mean": 1014.4731448940274,
        "ndre1_mean": 279.96970902854264,
        "ndre_mean": -1613.2380133376614,
        "ndmi_mean": 2207.581649035312,
        "msi_mean": 802.4322845120877
    },
    "p_values": {
        "const": 0.05915050850555962,
        "ndvi_mean": 0.7512410985327571,
        "gndvi_mean": 0.3743237134819202,
        "ndre1_mean": 0.873841696780638,
        "ndre_mean": 0.41991241791527706,
        "ndmi_mean": 0.018672075502081418,
        "msi_mean": 0.027563760796440392
    },
    "rsquared": 0.909880566958805,
    "aic": 83.08368743064248,
    "fvalue": 8.413654860127718,
    "f_pvalue": 0.016814606413163822,
    "mse_model": 374.0620108608421,
    "rmse_model": 19.340682792001996
}