{
    "coefs": {
        "const": 5.890987188360619,
        "cire_mean": 45.25455276239299,
        "ndmi_mean": -33.604776827080016
    },
    "p_values": {
        "const": 0.7750611213393077,
        "cire_mean": 0.03931382340605607,
        "ndmi_mean": 0.7309696771735457
    },
    "rsquared": 0.5255602813734184,
    "aic": 166.4269402836894,
    "fvalue": 10.523618653810871,
    "f_pvalue": 0.0008389187032319654,
    "mse_model": 1047.835810988253,
    "rmse_model": 32.37029210538967
}