{
    "coefs": {
        "const": -25.076087266713596,
        "cire_mean": 47.34863406858048,
        "msi_mean": 28.31695091822966
    },
    "p_values": {
        "const": 0.6909759454145539,
        "cire_mean": 0.010149452774586948,
        "msi_mean": 0.555070613896635
    },
    "rsquared": 0.5314219853717848,
    "aic": 166.15343715789186,
    "fvalue": 10.774105279005893,
    "f_pvalue": 0.0007454664889205787,
    "mse_model": 1059.5225833349957,
    "rmse_model": 32.550308498307594
}