{
    "coefs": {
        "const": -68.97293338800839,
        "ndre1_mean": 337.6892983159039,
        "msi_mean": 32.81306064575353
    },
    "p_values": {
        "const": 0.5547409848184737,
        "ndre1_mean": 0.07578414935315402,
        "msi_mean": 0.6411280747966857
    },
    "rsquared": 0.4353576068036138,
    "aic": 170.2562169495806,
    "fvalue": 7.324808258234766,
    "f_pvalue": 0.00438377319291039,
    "mse_model": 867.994228564705,
    "rmse_model": 29.461741777510458
}