{
    "coefs": {
        "const": -5.851850367551862,
        "ndre1_mean": 219.09546227436533,
        "ndmi_mean": 26.583669859882164
    },
    "p_values": {
        "const": 0.9224068943687791,
        "ndre1_mean": 0.3601049991523835,
        "ndmi_mean": 0.8604958493450794
    },
    "rsquared": 0.42964244895760983,
    "aic": 170.47777561295624,
    "fvalue": 7.15621851176989,
    "f_pvalue": 0.004823900688724868,
    "mse_model": 856.5996326092345,
    "rmse_model": 29.267723393001283
}