{
    "coefs": {
        "const": -49.079462486503914,
        "gndvi_mean": 95.37663020716099,
        "ndre_mean": 172.0274702708848
    },
    "p_values": {
        "const": 0.4860595550663881,
        "gndvi_mean": 0.7312065360799167,
        "ndre_mean": 0.4137857746707194
    },
    "rsquared": 0.4853984144056004,
    "aic": 168.2146253688872,
    "fvalue": 8.960883654345638,
    "f_pvalue": 0.0018154138326979463,
    "mse_model": 967.7630887211658,
    "rmse_model": 31.108890830776428
}