{
    "coefs": {
        "const": 48.20261963501418,
        "ndvi_mean": -290.16078688587663,
        "ndre1_mean": 579.1539843208286
    },
    "p_values": {
        "const": 0.5008337924297857,
        "ndvi_mean": 0.3513123212814221,
        "ndre1_mean": 0.10651575564223648
    },
    "rsquared": 0.45488486742926726,
    "aic": 169.48191433063485,
    "fvalue": 7.927511056606567,
    "f_pvalue": 0.0031378939678694947,
    "mse_model": 906.9267044371015,
    "rmse_model": 30.1152237985558
}