{
    "coefs": {
        "const": -81.1449984949032,
        "ndvi_mean": 240.84001420449079,
        "msi_mean": 12.023494964260102
    },
    "p_values": {
        "const": 0.6867399200288524,
        "ndvi_mean": 0.27020709696882567,
        "msi_mean": 0.8973599731924239
    },
    "rsquared": 0.3730780607294434,
    "aic": 172.5580645360116,
    "fvalue": 5.653401731407819,
    "f_pvalue": 0.011844805922426824,
    "mse_model": 743.8243835793278,
    "rmse_model": 27.27314399880087
}