{
    "coefs": {
        "const": -380.17827778952835,
        "ndmi_mean": 840.0011087300111,
        "msi_mean": 414.06908732857613
    },
    "p_values": {
        "const": 0.04071053129193993,
        "ndmi_mean": 0.00676164748282823,
        "msi_mean": 0.022535696992842684
    },
    "rsquared": 0.5494362312671566,
    "aic": 165.29097138260428,
    "fvalue": 11.584695795042757,
    "f_pvalue": 0.0005136703817389553,
    "mse_model": 1095.4384860888936,
    "rmse_model": 33.0974090540165
}