{
    "coefs": {
        "const": -82.16973387151356,
        "gndvi_mean": 251.41150364156852,
        "ndre1_mean": 58.695228457044124
    },
    "p_values": {
        "const": 0.179814610528219,
        "gndvi_mean": 0.2414019271744025,
        "ndre1_mean": 0.7455354015075308
    },
    "rsquared": 0.46951665726112424,
    "aic": 168.88332807010775,
    "fvalue": 8.408196609815635,
    "f_pvalue": 0.0024231574795385096,
    "mse_model": 936.0988354143665,
    "rmse_model": 30.595732307208575
}