{
    "coefs": {
        "const": -104.58587531249736,
        "ndre_mean": 338.5762892018239,
        "msi_mean": 47.22484234483056
    },
    "p_values": {
        "const": 0.3082269300818115,
        "ndre_mean": 0.020446169579811817,
        "msi_mean": 0.4315452159954014
    },
    "rsquared": 0.49913186737032644,
    "aic": 167.61952266410418,
    "fvalue": 9.467068138519421,
    "f_pvalue": 0.0014040168132044956,
    "mse_model": 995.1441605695884,
    "rmse_model": 31.545905607060774
}