{
    "coefs": {
        "const": 65.7952358789875,
        "ndvi_mean": -460.6912382627688,
        "ndre_mean": 684.5110418460773
    },
    "p_values": {
        "const": 0.21513943264398083,
        "ndvi_mean": 0.06522401582605505,
        "ndre_mean": 0.0083531103945927
    },
    "rsquared": 0.5689750556468262,
    "aic": 164.3156309926493,
    "fvalue": 12.540487736171196,
    "f_pvalue": 0.00033711093671238474,
    "mse_model": 1134.3940171958598,
    "rmse_model": 33.68076627982
}