{
    "coefs": {
        "const": -44.24368761889781,
        "ndre1_mean": -993.7807397848821,
        "ndre_mean": 1107.24820913385
    },
    "p_values": {
        "const": 0.06279594783322855,
        "ndre1_mean": 0.06432339279289406,
        "ndre_mean": 0.02206271297100594
    },
    "rsquared": 0.569508684906042,
    "aic": 164.28837707822711,
    "fvalue": 12.567808726702314,
    "f_pvalue": 0.0003331668213205032,
    "mse_model": 1135.4579405314214,
    "rmse_model": 33.6965568052794
}