{
    "coefs": {
        "const": 79.42370101870213,
        "ndvi_mean": -184.40599666617973,
        "cire_mean": 65.08894298266009
    },
    "p_values": {
        "const": 0.18033055704580309,
        "ndvi_mean": 0.2386348645715467,
        "cire_mean": 0.01109861734564804
    },
    "rsquared": 0.5570304797141894,
    "aic": 164.9170010092176,
    "fvalue": 11.946170819767595,
    "f_pvalue": 0.0004370705275698333,
    "mse_model": 1110.5795189301652,
    "rmse_model": 33.325358496648846
}