{
    "coefs": {
        "const": 3.2352735451976002,
        "gndvi_mean": 22.773906945439364,
        "cire_mean": 36.2816261230382
    },
    "p_values": {
        "const": 0.9667784813112035,
        "gndvi_mean": 0.9141109468580741,
        "cire_mean": 0.15065555649344545
    },
    "rsquared": 0.5228198816252754,
    "aic": 166.55364836347078,
    "fvalue": 10.408624928375048,
    "f_pvalue": 0.0008860989775576606,
    "mse_model": 1042.3721389903926,
    "rmse_model": 32.28578849881775
}