{
    "coefs": {
        "const": -42.092897401573154,
        "ndre_mean": 293.2327253465019,
        "ndmi_mean": -40.40575029252935
    },
    "p_values": {
        "const": 0.4367403761501407,
        "ndre_mean": 0.09852574190188335,
        "ndmi_mean": 0.7457816766506309
    },
    "rsquared": 0.48503968835211475,
    "aic": 168.22995611008338,
    "fvalue": 8.94802363428703,
    "f_pvalue": 0.0018274719094771928,
    "mse_model": 967.0478786520289,
    "rmse_model": 31.097393438229336
}