{
    "coefs": {
        "const": -101.11635282135434,
        "ndvi_mean": -74.59445439761322,
        "gndvi_mean": 406.4257856822627
    },
    "p_values": {
        "const": 0.024427275632747134,
        "ndvi_mean": 0.6530666228392712,
        "gndvi_mean": 0.07337473512985952
    },
    "rsquared": 0.47228215719677746,
    "aic": 168.768338334833,
    "fvalue": 8.502044330235762,
    "f_pvalue": 0.0023057748371965643,
    "mse_model": 941.612550911075,
    "rmse_model": 30.68570597055044
}