{
    "coefs": {
        "const": 81.09940697153384,
        "cire_mean": 110.37752253768201,
        "ndre1_mean": -538.8064238374297
    },
    "p_values": {
        "const": 0.05263492335302426,
        "cire_mean": 0.011378494417285685,
        "ndre1_mean": 0.07920593871422964
    },
    "rsquared": 0.5957237347912674,
    "aic": 162.90614610430336,
    "fvalue": 13.99878243555811,
    "f_pvalue": 0.00018341858002701163,
    "mse_model": 1187.7241962400892,
    "rmse_model": 34.463374707652896
}