{
    "coefs": {
        "const": -90.20177334691466,
        "gndvi_mean": 307.77562604307394,
        "msi_mean": -2.862810777769724
    },
    "p_values": {
        "const": 0.41330044067513694,
        "gndvi_mean": 0.04024960341327233,
        "msi_mean": 0.9512143715882531
    },
    "rsquared": 0.46659703448573253,
    "aic": 169.00407755585246,
    "fvalue": 8.310174697549359,
    "f_pvalue": 0.002552857338444267,
    "mse_model": 930.2778375059293,
    "rmse_model": 30.50045634914221
}