{
    "coefs": {
        "const": 55.237328862363675,
        "ndvi_mean": -11.519584540668433,
        "ndmi_mean": 168.36921542015244
    },
    "p_values": {
        "const": 0.64392561057725,
        "ndvi_mean": 0.961654115248981,
        "ndmi_mean": 0.334450885237623
    },
    "rsquared": 0.40331509696679524,
    "aic": 171.4705416012973,
    "fvalue": 6.4213010949454805,
    "f_pvalue": 0.007405902195998924,
    "mse_model": 804.1094745775481,
    "rmse_model": 28.35682412713998
}