{
    "coefs": {
        "const": 60.73773559745212,
        "cire_mean": 83.32788749632275,
        "ndre_mean": -291.933375615262
    },
    "p_values": {
        "const": 0.32800365935654463,
        "cire_mean": 0.14119049072055342,
        "ndre_mean": 0.4162748584415009
    },
    "rsquared": 0.5392668037066379,
    "aic": 165.78200054767126,
    "fvalue": 11.119308694116928,
    "f_pvalue": 0.0006349949844529268,
    "mse_model": 1075.1631898901096,
    "rmse_model": 32.789681149564565
}