{
    "coefs": {
        "const": -63.25526924380559,
        "gndvi_mean": 241.11903193573082,
        "ndmi_mean": 47.200140804814765
    },
    "p_values": {
        "const": 0.37586939283175125,
        "gndvi_mean": 0.12146392714995648,
        "ndmi_mean": 0.5690586792034504
    },
    "rsquared": 0.4757550999132085,
    "aic": 168.62307650334105,
    "fvalue": 8.621301701604015,
    "f_pvalue": 0.002165584008503693,
    "mse_model": 948.5367304519596,
    "rmse_model": 30.79832350067061
}