{
    "coefs": {
        "const": 48.19711802062923,
        "ndvi_mean": 424.5032587985745,
        "gndvi_mean": -322.88528924921604,
        "cire_mean": 103.51252572561857,
        "ndre1_mean": -1477.2286387125805,
        "ndre_mean": 723.6016513658159,
        "msi_mean": -10.750501419820477
    },
    "p_values": {
        "const": 0.7584033700889702,
        "ndvi_mean": 0.46575954044928913,
        "gndvi_mean": 0.4755049894774428,
        "cire_mean": 0.30431308692379105,
        "ndre1_mean": 0.22564967916517842,
        "ndre_mean": 0.5570612054202614,
        "msi_mean": 0.8859751596863285
    },
    "rsquared": 0.6664854413446115,
    "aic": 166.67308319348695,
    "fvalue": 4.995924645925824,
    "f_pvalue": 0.005343181617283947,
    "mse_model": 442.9351162269398,
    "rmse_model": 21.04602376286171
}