{
    "coefs": {
        "const": -223.9119747456053,
        "ndvi_mean": 257.2330762857215,
        "cire_mean": 59.093845165253,
        "ndre1_mean": -968.43451150282,
        "ndre_mean": 223.4448553886279,
        "ndmi_mean": 636.4599589588777,
        "msi_mean": 250.79478130938367
    },
    "p_values": {
        "const": 0.30717500526483105,
        "ndvi_mean": 0.6016530246080098,
        "cire_mean": 0.5442057604429278,
        "ndre1_mean": 0.18548361085816195,
        "ndre_mean": 0.7802811077171888,
        "ndmi_mean": 0.1334546939744378,
        "msi_mean": 0.18622462652087696
    },
    "rsquared": 0.7042137119556937,
    "aic": 164.03199804710306,
    "fvalue": 5.952048323570435,
    "f_pvalue": 0.0023796356325660587,
    "mse_model": 468.00869607055483,
    "rmse_model": 21.633508639852085
}