{
    "coefs": {
        "const": 58.08125967276503,
        "ndvi_mean": 335.63455264152503,
        "gndvi_mean": -241.22061050851454,
        "cire_mean": 98.57619893080351,
        "ndre1_mean": -1444.666985977925,
        "ndre_mean": 660.2838586353341,
        "ndmi_mean": 91.99733544213105
    },
    "p_values": {
        "const": 0.5044531722325404,
        "ndvi_mean": 0.5724725909357407,
        "gndvi_mean": 0.6116005367623966,
        "cire_mean": 0.3241285686449099,
        "ndre1_mean": 0.2216309245732819,
        "ndre_mean": 0.586280751678425,
        "ndmi_mean": 0.6009738560460011
    },
    "rsquared": 0.6722497405518009,
    "aic": 166.28952189900798,
    "fvalue": 5.127759026671721,
    "f_pvalue": 0.004755525074453744,
    "mse_model": 446.7659734083843,
    "rmse_model": 21.136839248297846
}