{
    "coefs": {
        "const": -395.1259444792728,
        "ndvi_mean": -119.8006310216843,
        "gndvi_mean": 436.08405460448614,
        "ndre1_mean": -17.608524154621932,
        "ndre_mean": -341.4961496557454,
        "ndmi_mean": 986.959546736501,
        "msi_mean": 392.98512098580545
    },
    "p_values": {
        "const": 0.17014961463598013,
        "ndvi_mean": 0.7291288752210618,
        "gndvi_mean": 0.45979936756574413,
        "ndre1_mean": 0.9878749313404835,
        "ndre_mean": 0.802841618967904,
        "ndmi_mean": 0.08445452146921253,
        "msi_mean": 0.10415445369219402
    },
    "rsquared": 0.7078315084246736,
    "aic": 163.7612543450698,
    "fvalue": 6.05670639404131,
    "f_pvalue": 0.0021884897531836644,
    "mse_model": 470.413023307231,
    "rmse_model": 21.689006969136024
}