{
    "coefs": {
        "const": -291.24077049757534,
        "ndvi_mean": 82.09987927294225,
        "gndvi_mean": 199.47125922768015,
        "cire_mean": 34.452276653433614,
        "ndre1_mean": -591.0952359923458,
        "ndmi_mean": 786.2852027229351,
        "msi_mean": 307.6929706850282
    },
    "p_values": {
        "const": 0.2393674286924852,
        "ndvi_mean": 0.8889811424076374,
        "gndvi_mean": 0.5773765508468414,
        "cire_mean": 0.732917430601632,
        "ndre1_mean": 0.5472155460678028,
        "ndmi_mean": 0.12769816790628682,
        "msi_mean": 0.1553992594520607
    },
    "rsquared": 0.7089191668668442,
    "aic": 163.67920191071,
    "fvalue": 6.088679553683863,
    "f_pvalue": 0.0021335916666702826,
    "mse_model": 471.13586298025683,
    "rmse_model": 21.70566430635692
}