{
    "coefs": {
        "const": -390.33150862384804,
        "ndvi_mean": -24.29638702735207,
        "gndvi_mean": 471.17914739374794,
        "cire_mean": 27.565240880833592,
        "ndre_mean": -635.3101951253742,
        "ndmi_mean": 965.1015164329167,
        "msi_mean": 385.50829288878236
    },
    "p_values": {
        "const": 0.10943758083655905,
        "ndvi_mean": 0.9542303163688493,
        "gndvi_mean": 0.15388298973221798,
        "cire_mean": 0.7498303286813288,
        "ndre_mean": 0.5221396262394198,
        "ndmi_mean": 0.061673869015845685,
        "msi_mean": 0.07080644043763215
    },
    "rsquared": 0.7098671566644466,
    "aic": 163.60743555390843,
    "fvalue": 6.116742493743196,
    "f_pvalue": 0.0020866839550494082,
    "mse_model": 471.7658811999135,
    "rmse_model": 21.7201722184681
}