{
    "coefs": {
        "const": -356.6831731582899,
        "gndvi_mean": 394.3147576962605,
        "cire_mean": 30.216841475042013,
        "ndre1_mean": -192.41288690083735,
        "ndre_mean": -439.1216304339142,
        "ndmi_mean": 916.3662736727542,
        "msi_mean": 361.2435271632845
    },
    "p_values": {
        "const": 0.23435211092248315,
        "gndvi_mean": 0.44320417774069043,
        "cire_mean": 0.6123398430169835,
        "ndre1_mean": 0.8440196160954536,
        "ndre_mean": 0.7491641051665096,
        "ndmi_mean": 0.10751034574019343,
        "msi_mean": 0.14504175464314475
    },
    "rsquared": 0.7105745542288864,
    "aic": 163.55372998386053,
    "fvalue": 6.137803056117866,
    "f_pvalue": 0.0020522439451692493,
    "mse_model": 472.2360058312808,
    "rmse_model": 21.73099182806162
}