{
    "coefs": {
        "const": 140.45350595592254,
        "ndvi_mean": 270.157316837674,
        "gndvi_mean": 38.00069457479776,
        "cire_mean": 162.8485845609689,
        "ndre1_mean": -174.40017888263083,
        "ndre_mean": -906.6325367649415,
        "msi_mean": -83.18309436882657
    },
    "p_values": {
        "const": 0.6485207082731727,
        "ndvi_mean": 0.8442585993127096,
        "gndvi_mean": 0.968244556214342,
        "cire_mean": 0.4619907866817398,
        "ndre1_mean": 0.9606804600390246,
        "ndre_mean": 0.7625346456895046,
        "msi_mean": 0.6552742676325525
    },
    "rsquared": 0.8802344698987828,
    "aic": 70.28312588738399,
    "fvalue": 3.674823921185304,
    "f_pvalue": 0.15638641324236455,
    "mse_model": 199.51981317705744,
    "rmse_model": 14.125148253277112
}