{
    "coefs": {
        "const": -103.85829272523529,
        "ndvi_mean": -592.4280294194955,
        "gndvi_mean": 414.0126047383246,
        "ndre1_mean": 1606.8853647967571,
        "ndre_mean": -920.2772653602387,
        "ndmi_mean": 347.14745470638013,
        "msi_mean": 122.08171615844992
    },
    "p_values": {
        "const": 0.8214587693613894,
        "ndvi_mean": 0.4599558258993841,
        "gndvi_mean": 0.7135361068210353,
        "ndre1_mean": 0.6143743822304544,
        "ndre_mean": 0.7797612732683815,
        "ndmi_mean": 0.627015262880805,
        "msi_mean": 0.7244528654484235
    },
    "rsquared": 0.8650742030743295,
    "aic": 71.47501648084992,
    "fvalue": 3.205740572912426,
    "f_pvalue": 0.18341507963398948,
    "mse_model": 196.08348603018135,
    "rmse_model": 14.002981326495489
}