{
    "coefs": {
        "const": 84.09698092284361,
        "ndvi_mean": 259.10686658102395,
        "gndvi_mean": -183.8098355875045,
        "cire_mean": 136.3905331058387,
        "ndre1_mean": -795.8639881350907,
        "ndmi_mean": 66.61269973679595,
        "msi_mean": -19.15014590256783
    },
    "p_values": {
        "const": 0.8722795509439987,
        "ndvi_mean": 0.860890456612551,
        "gndvi_mean": 0.7598167154586756,
        "cire_mean": 0.5843839506864305,
        "ndre1_mean": 0.7830627038215845,
        "ndmi_mean": 0.9276818425748973,
        "msi_mean": 0.9624604717211753
    },
    "rsquared": 0.8762660707810651,
    "aic": 70.60910201281388,
    "fvalue": 3.540928815210415,
    "f_pvalue": 0.16339524846457487,
    "mse_model": 198.62030937704142,
    "rmse_model": 14.093271776881386
}