{
    "coefs": {
        "const": 41.546663587940856,
        "ndvi_mean": 150.53429031686483,
        "gndvi_mean": 166.33158605484277,
        "cire_mean": 135.5867736595855,
        "ndre1_mean": 162.55037169087336,
        "ndre_mean": -1054.4485750241656,
        "ndmi_mean": 166.49408270112917
    },
    "p_values": {
        "const": 0.7878901838268886,
        "ndvi_mean": 0.9134844427876903,
        "gndvi_mean": 0.8777276570297647,
        "cire_mean": 0.49798365705353526,
        "ndre1_mean": 0.9646021431835772,
        "ndre_mean": 0.7338788554794089,
        "ndmi_mean": 0.6317699544014599
    },
    "rsquared": 0.8816498997782711,
    "aic": 70.16423855947811,
    "fvalue": 3.7247534988415745,
    "f_pvalue": 0.15389910157584066,
    "mse_model": 199.84064394974146,
    "rmse_model": 14.136500413813224
}