{
    "coefs": {
        "const": 89.37660399767492,
        "ndvi_mean": 285.34632842442363,
        "cire_mean": 154.5976842847814,
        "ndre1_mean": -343.61749612795984,
        "ndre_mean": -706.4015589929722,
        "ndmi_mean": 80.95946515834953,
        "msi_mean": -35.10289338043822
    },
    "p_values": {
        "const": 0.8530156492018358,
        "ndvi_mean": 0.8126126382433435,
        "cire_mean": 0.5001883164912696,
        "ndre1_mean": 0.84858825109862,
        "ndre_mean": 0.6614535388101429,
        "ndmi_mean": 0.8971626376788482,
        "msi_mean": 0.9264966358193157
    },
    "rsquared": 0.8809433961907492,
    "aic": 70.22375715445968,
    "fvalue": 3.699683041531122,
    "f_pvalue": 0.1551397796472331,
    "mse_model": 199.68050313656985,
    "rmse_model": 14.130835188925312
}