{
    "coefs": {
        "const": 50.767077902803294,
        "gndvi_mean": 227.38635190711716,
        "cire_mean": 117.7621455124654,
        "ndre1_mean": 470.15374692424757,
        "ndre_mean": -1116.3749504254647,
        "ndmi_mean": 166.8988325151082,
        "msi_mean": -3.819864437187107
    },
    "p_values": {
        "const": 0.9192115942743351,
        "gndvi_mean": 0.8070428766117745,
        "cire_mean": 0.35072590160083944,
        "ndre1_mean": 0.8399055192486427,
        "ndre_mean": 0.7159633815053325,
        "ndmi_mean": 0.8110142876399689,
        "msi_mean": 0.9919193596353852
    },
    "rsquared": 0.8811048697469593,
    "aic": 70.21018519360531,
    "fvalue": 3.705386704534208,
    "f_pvalue": 0.15485606891865486,
    "mse_model": 199.71710380931077,
    "rmse_model": 14.132130193615922
}