{
    "coefs": {
        "const": 70.02122614522136,
        "ndvi_mean": 205.75492654303662,
        "gndvi_mean": 122.03554006629861,
        "cire_mean": 146.6428391705307,
        "ndre_mean": -996.328548624917,
        "ndmi_mean": 126.35315617800381,
        "msi_mean": -22.46529604372165
    },
    "p_values": {
        "const": 0.884580280437351,
        "ndvi_mean": 0.8161442620065125,
        "gndvi_mean": 0.8176570146131978,
        "cire_mean": 0.442074287875072,
        "ndre_mean": 0.6622368164248142,
        "ndmi_mean": 0.8531679460680012,
        "msi_mean": 0.9527472158103629
    },
    "rsquared": 0.881721537365883,
    "aic": 70.15818370380592,
    "fvalue": 3.727312300690799,
    "f_pvalue": 0.15377339544379484,
    "mse_model": 199.85688180293346,
    "rmse_model": 14.13707472580284
}