{
    "coefs": {
        "const": -187.57101705554942,
        "ndre1_mean": 1057.453221735543,
        "ndmi_mean": -816.1580904995985
    },
    "p_values": {
        "const": 0.06442080465467667,
        "ndre1_mean": 0.024225451431600865,
        "ndmi_mean": 0.020299483954165014
    },
    "rsquared": 0.69236057523819,
    "aic": 57.67068671568069,
    "fvalue": 5.626396679930169,
    "f_pvalue": 0.052493433069824603,
    "mse_model": 336.44396702980794,
    "rmse_model": 18.34240897564461
}