{
    "coefs": {
        "const": -298.6801334466977,
        "ndre_mean": 428.5096701293885,
        "msi_mean": 222.739481542359
    },
    "p_values": {
        "const": 0.1284359128714964,
        "ndre_mean": 0.106188723096492,
        "msi_mean": 0.07707743611940787
    },
    "rsquared": 0.496523018599476,
    "aic": 61.6115634803986,
    "fvalue": 2.4654703042147816,
    "f_pvalue": 0.17986598869623685,
    "mse_model": 241.27915435068286,
    "rmse_model": 15.533163050411943
}