{
    "coefs": {
        "const": 167.03010230712562,
        "cire_mean": 81.77590192295,
        "ndre_mean": -584.6913042674573
    },
    "p_values": {
        "const": 0.21067480061176871,
        "cire_mean": 0.32440286978483185,
        "ndre_mean": 0.33785909648342144
    },
    "rsquared": 0.19274939649698286,
    "aic": 65.38833278685352,
    "fvalue": 0.5969317200277027,
    "f_pvalue": 0.585491973782902,
    "mse_model": 93.6641598602526,
    "rmse_model": 9.678024584606748
}