{
    "coefs": {
        "const": -111.2113930681162,
        "ndre1_mean": -5352.290047639248,
        "ndre_mean": 4838.950355710098
    },
    "p_values": {
        "const": 0.16631976096937928,
        "ndre1_mean": 0.03649168649993522,
        "ndre_mean": 0.03661990924523627
    },
    "rsquared": 0.6163672256872141,
    "aic": 59.43674575396936,
    "fvalue": 4.016648647859489,
    "f_pvalue": 0.09115683885184223,
    "mse_model": 299.51594873238065,
    "rmse_model": 17.306529078136396
}