{
    "coefs": {
        "const": -258.9618430482326,
        "gndvi_mean": 735.0635784310052,
        "ndmi_mean": -554.0540989227927
    },
    "p_values": {
        "const": 0.07824581247753093,
        "gndvi_mean": 0.03965825070637724,
        "ndmi_mean": 0.0331793097339171
    },
    "rsquared": 0.6303588204875368,
    "aic": 59.13952152884781,
    "fvalue": 4.263315719578009,
    "f_pvalue": 0.08307127352713377,
    "mse_model": 306.31498933066234,
    "rmse_model": 17.50185673951945
}