{
    "coefs": {
        "const": 150.68519884783203,
        "cire_mean": 82.94940281984195,
        "ndre1_mean": -662.9123150016682
    },
    "p_values": {
        "const": 0.12430369927260476,
        "cire_mean": 0.23115083813776224,
        "ndre1_mean": 0.23891116499848264
    },
    "rsquared": 0.2717661416607251,
    "aic": 64.56423737367672,
    "fvalue": 0.9329631496415287,
    "f_pvalue": 0.4525610440473662,
    "mse_model": 132.0613594632586,
    "rmse_model": 11.4917953107101
}