{
    "coefs": {
        "const": -40.49377615186529,
        "gndvi_mean": 462.1563527085236,
        "ndre1_mean": -447.98738117031326
    },
    "p_values": {
        "const": 0.7885364020268517,
        "gndvi_mean": 0.4912359668482823,
        "ndre1_mean": 0.4923923123920274
    },
    "rsquared": 0.10047155778882999,
    "aic": 66.25422491223354,
    "fvalue": 0.2792339660262894,
    "f_pvalue": 0.7674273091819215,
    "mse_model": 48.82289761300956,
    "rmse_model": 6.987338378310411
}