{
    "coefs": {
        "const": -986.515925572489,
        "ndvi_mean": 1000.7973050183068,
        "msi_mean": 553.9076029938017
    },
    "p_values": {
        "const": 0.028361100371886914,
        "ndvi_mean": 0.026455117267749545,
        "msi_mean": 0.02082835680751995
    },
    "rsquared": 0.695924788814767,
    "aic": 57.57746013708922,
    "fvalue": 5.721650131411333,
    "f_pvalue": 0.050986187952284406,
    "mse_model": 338.1759520646758,
    "rmse_model": 18.389560953559382
}