{
    "coefs": {
        "const": -305.9181575931142,
        "ndre1_mean": 502.8606299463,
        "msi_mean": 237.90717762493145
    },
    "p_values": {
        "const": 0.144449246527531,
        "ndre1_mean": 0.12165070398593966,
        "msi_mean": 0.08830482558338124
    },
    "rsquared": 0.4723811185599355,
    "aic": 61.986253189860854,
    "fvalue": 2.2382686403803205,
    "f_pvalue": 0.20220915865108266,
    "mse_model": 229.54769980021865,
    "rmse_model": 15.150831653748208
}