{
    "coefs": {
        "const": -19.41007539691094,
        "ndvi_mean": -1010.024549195365,
        "gndvi_mean": 1270.5375007196849
    },
    "p_values": {
        "const": 0.7310428405360001,
        "ndvi_mean": 0.022807529122750587,
        "gndvi_mean": 0.02410491975304762
    },
    "rsquared": 0.6787242070158848,
    "aic": 58.017658908368745,
    "fvalue": 5.281476396896193,
    "f_pvalue": 0.058505273039591854,
    "mse_model": 329.8175443467815,
    "rmse_model": 18.16087950366891
}