{
    "coefs": {
        "const": 17.840197654110867,
        "cire_mean": 56.975396395919105,
        "ndmi_mean": -362.03618364432157
    },
    "p_values": {
        "const": 0.5139717436658637,
        "cire_mean": 0.09412260377126187,
        "ndmi_mean": 0.08022318415482785
    },
    "rsquared": 0.49519246561232244,
    "aic": 61.632677421769884,
    "fvalue": 2.45238250164482,
    "f_pvalue": 0.18105668753672466,
    "mse_model": 240.63258875848794,
    "rmse_model": 15.512336663394331
}