{
    "coefs": {
        "const": -332.2654935327703,
        "ndvi_mean": 841.9769416235745,
        "ndmi_mean": -822.0057583627254
    },
    "p_values": {
        "const": 0.2540406326327811,
        "ndvi_mean": 0.18469707735513013,
        "ndmi_mean": 0.1608997152049816
    },
    "rsquared": 0.3656966080729035,
    "aic": 63.45947853802316,
    "fvalue": 1.441331595917647,
    "f_pvalue": 0.3204369463894807,
    "mse_model": 177.70569548542653,
    "rmse_model": 13.330629973314334
}