{
    "coefs": {
        "const": 88.83371613685483,
        "gndvi_mean": -113.8526691768759,
        "cire_mean": 17.02901869934314
    },
    "p_values": {
        "const": 0.5654526020715693,
        "gndvi_mean": 0.7799930971234382,
        "cire_mean": 0.726851190871715
    },
    "rsquared": 0.02841232592939802,
    "aic": 66.87071161555623,
    "fvalue": 0.07310798265472176,
    "f_pvalue": 0.9304756049531455,
    "mse_model": 13.806614631316847,
    "rmse_model": 3.7157253169895172
}