{
    "coefs": {
        "const": -118.86481364099676,
        "cire_mean": 37.22787393879102,
        "msi_mean": 144.8736621325433
    },
    "p_values": {
        "const": 0.2583306985237936,
        "cire_mean": 0.16922711463651396,
        "msi_mean": 0.12520776035394754
    },
    "rsquared": 0.41051469287778397,
    "aic": 62.87325789181443,
    "fvalue": 1.7409878071510327,
    "f_pvalue": 0.2667979338794276,
    "mse_model": 199.48448357029815,
    "rmse_model": 14.123897605487592
}