{
    "coefs": {
        "const": 162.38859409987708,
        "ndvi_mean": -544.3526985646744,
        "ndre1_mean": 642.3790388090273
    },
    "p_values": {
        "const": 0.16484928333066867,
        "ndvi_mean": 0.29074266924544234,
        "ndre1_mean": 0.3127441673340647
    },
    "rsquared": 0.21911862842696528,
    "aic": 65.1226454914038,
    "fvalue": 0.7015106148119691,
    "f_pvalue": 0.5388435100004749,
    "mse_model": 106.47795850122844,
    "rmse_model": 10.318815750910007
}