{
    "coefs": {
        "const": 137.33232117680782,
        "ndvi_mean": -528.0125775262176,
        "ndre_mean": 569.5600497551209
    },
    "p_values": {
        "const": 0.13625331477709698,
        "ndvi_mean": 0.21772836661004294,
        "ndre_mean": 0.23404825592681636
    },
    "rsquared": 0.2843862761160896,
    "aic": 64.42438376572252,
    "fvalue": 0.9935048288782671,
    "f_pvalue": 0.4332081833989293,
    "mse_model": 138.19395605016229,
    "rmse_model": 11.75559254355825
}