{
    "coefs": {
        "const": 14.268247423498849,
        "gndvi_mean": 212.24433493261768,
        "ndre_mean": -178.880590428937
    },
    "p_values": {
        "const": 0.916929833087504,
        "gndvi_mean": 0.7480415854698337,
        "ndre_mean": 0.7581820672535557
    },
    "rsquared": 0.022551237803417723,
    "aic": 66.91882651528373,
    "fvalue": 0.05767882337059594,
    "f_pvalue": 0.9445718582381114,
    "mse_model": 10.958492120098299,
    "rmse_model": 3.3103613277251625
}