{
    "coefs": {
        "const": -185.48618635029868,
        "ndre_mean": 834.4183490278518,
        "ndmi_mean": -711.3495279625222
    },
    "p_values": {
        "const": 0.05731755327843543,
        "ndre_mean": 0.020785130478233556,
        "ndmi_mean": 0.017370560729748692
    },
    "rsquared": 0.7096040917201192,
    "aic": 57.209221072168276,
    "fvalue": 6.108936726444932,
    "f_pvalue": 0.045443966602502925,
    "mse_model": 344.8232383202454,
    "rmse_model": 18.569416746905258
}