{
    "coefs": {
        "const": -137.06045419534894,
        "ndmi_mean": 262.58744301594515,
        "msi_mean": 192.81315495144293
    },
    "p_values": {
        "const": 0.6181201893378545,
        "ndmi_mean": 0.5731928087454844,
        "msi_mean": 0.4708372969026981
    },
    "rsquared": 0.1669639853895456,
    "aic": 65.63987453738955,
    "fvalue": 0.5010707294198484,
    "f_pvalue": 0.6333728515180692,
    "mse_model": 81.1340616502323,
    "rmse_model": 9.007444790296097
}