{
    "coefs": {
        "const": -626.7552802776197,
        "gndvi_mean": 774.2175026835241,
        "msi_mean": 335.69979547446917
    },
    "p_values": {
        "const": 0.00666042744073882,
        "gndvi_mean": 0.005712127478213261,
        "msi_mean": 0.0042948736201268815
    },
    "rsquared": 0.8306880418594514,
    "aic": 52.893202884832235,
    "fvalue": 12.265643416188656,
    "f_pvalue": 0.011795574045831257,
    "mse_model": 403.6624703410772,
    "rmse_model": 20.091353123696702
}