{
    "coefs": {
        "const": 159.56386329281366,
        "ndvi_mean": -285.9371893287391,
        "cire_mean": 42.593812626279195
    },
    "p_values": {
        "const": 0.14303199294183752,
        "ndvi_mean": 0.2580074630182963,
        "cire_mean": 0.2676116227012918
    },
    "rsquared": 0.2543445337354019,
    "aic": 64.75336874534997,
    "fvalue": 0.8527548755511533,
    "f_pvalue": 0.4801152655619857,
    "mse_model": 123.59554686204683,
    "rmse_model": 11.117353410863883
}