{
    "coefs": {
        "const": 145.5998762330927,
        "ndvi_max": -96.52631299717973,
        "cire_max": 128.31283213298,
        "ndre_max": -534.716567207689
    },
    "p_values": {
        "const": 0.06132234621110099,
        "ndvi_max": 0.6371044472595182,
        "cire_max": 0.07236420117557571,
        "ndre_max": 0.3803728373302489
    },
    "rsquared": 0.9595458853220719,
    "aic": 53.42945034063669,
    "fvalue": 47.43872869108186,
    "f_pvalue": 0.0001426074595448834,
    "mse_model": 434.9941346793393,
    "rmse_model": 20.856513003839815
}