{
    "coefs": {
        "const": 160.83816749203953,
        "gndvi_max": -89.02628306104191,
        "cire_max": 141.72004214889603,
        "ndre_max": -650.4760284909744
    },
    "p_values": {
        "const": 0.03780454012767401,
        "gndvi_max": 0.44853300541524044,
        "cire_max": 0.0087910205330129,
        "ndre_max": 0.07676431625360881
    },
    "rsquared": 0.9620401014480453,
    "aic": 52.79306974402857,
    "fvalue": 50.687179794820935,
    "f_pvalue": 0.00011793649535110592,
    "mse_model": 436.12484598978057,
    "rmse_model": 20.883602323109407
}