{
    "coefs": {
        "const": 164.51393291916975,
        "gndvi_max": -270.86579655514686,
        "cire_max": 107.23963862739544,
        "ndre1_max": -344.08895387101484
    },
    "p_values": {
        "const": 0.02683540891643628,
        "gndvi_max": 0.024748142576472815,
        "cire_max": 0.0015664137739791598,
        "ndre1_max": 0.05264232953080424
    },
    "rsquared": 0.9660560618014142,
    "aic": 51.674869603741946,
    "fvalue": 56.92068234095844,
    "f_pvalue": 8.445640163240643e-05,
    "mse_model": 437.9454146833078,
    "rmse_model": 20.927145402163855
}