{
    "coefs": {
        "const": 105.30542178135488,
        "ndvi_max": -291.26809566988703,
        "cire_max": 68.24783366804442,
        "ndre1_max": 81.17856372302833
    },
    "p_values": {
        "const": 0.08328220541617888,
        "ndvi_max": 0.06442420439544082,
        "cire_max": 0.008309346701177793,
        "ndre1_max": 0.7146108994513687
    },
    "rsquared": 0.9546160769579772,
    "aic": 54.579345974788524,
    "fvalue": 42.06846887493881,
    "f_pvalue": 0.00020096930078193964,
    "mse_model": 432.75928822094966,
    "rmse_model": 20.8028673076802
}