{
    "coefs": {
        "const": 58.51419887093448,
        "gndvi_max": -493.73396239215884,
        "ndre1_max": -646.9548205617527,
        "ndre_max": 1175.3182013265796
    },
    "p_values": {
        "const": 0.44008216691595814,
        "gndvi_max": 0.06226664816716413,
        "ndre1_max": 0.12201308321179007,
        "ndre_max": 0.027389030019834365
    },
    "rsquared": 0.915483064817862,
    "aic": 60.797286038023756,
    "fvalue": 21.663896421349232,
    "f_pvalue": 0.0012780350152465654,
    "mse_model": 415.01898938409744,
    "rmse_model": 20.37201485823377
}