{
    "coefs": {
        "const": 48.44377504311993,
        "ndvi_max": -474.04278694666004,
        "ndre1_max": 181.6547377851964,
        "ndre_max": 566.5454925923382
    },
    "p_values": {
        "const": 0.40184166805738075,
        "ndvi_max": 0.028035293963426095,
        "ndre1_max": 0.4876662302117981,
        "ndre_max": 0.027885028973835393
    },
    "rsquared": 0.9336370745266083,
    "aic": 58.3791522240517,
    "fvalue": 28.137309133574917,
    "f_pvalue": 0.0006232016922083723,
    "mse_model": 423.2488071187291,
    "rmse_model": 20.57301162005041
}