{
    "coefs": {
        "const": 125.53272427753437,
        "ndvi_max": -208.86864782465796,
        "gndvi_max": -104.50069467704304,
        "cire_max": 77.64053128887888
    },
    "p_values": {
        "const": 0.05247810522401606,
        "ndvi_max": 0.09593510801716007,
        "gndvi_max": 0.38224944133170635,
        "cire_max": 0.0005360232583240758
    },
    "rsquared": 0.959501694466147,
    "aic": 53.44036807730197,
    "fvalue": 47.3847822430046,
    "f_pvalue": 0.00014307286270491643,
    "mse_model": 434.97410149131997,
    "rmse_model": 20.85603273614903
}