{
    "coefs": {
        "const": 152.84530290085644,
        "cire_max": 151.6719201773441,
        "ndre1_max": 12.434367429261101,
        "ndre_max": -794.1839282191954
    },
    "p_values": {
        "const": 0.0512795491487935,
        "cire_max": 0.006593013620720421,
        "ndre1_max": 0.9482038100558734,
        "ndre_max": 0.05003150438850501
    },
    "rsquared": 0.9579149762926696,
    "aic": 53.82468619146835,
    "fvalue": 45.52284361079353,
    "f_pvalue": 0.0001604584061583552,
    "mse_model": 434.25478925267686,
    "rmse_model": 20.838780896508244
}