{
    "coefs": {
        "const": 60.12181058571684,
        "ndvi_max": -390.27884467110357,
        "gndvi_max": -119.51205193261717,
        "ndre_max": 724.3207049158655
    },
    "p_values": {
        "const": 0.33203662089925107,
        "ndvi_max": 0.04912493474668544,
        "gndvi_max": 0.4332413908276926,
        "ndre_max": 0.002262806598594705
    },
    "rsquared": 0.935207493765801,
    "aic": 58.13966625300178,
    "fvalue": 28.867767219418866,
    "f_pvalue": 0.0005803578537172588,
    "mse_model": 423.96073050716313,
    "rmse_model": 20.590306712314003
}