{
    "coefs": {
        "const": 3.8836024896567203,
        "ndvi_max": -678.3508315843474,
        "gndvi_max": 335.75440535529515,
        "ndre1_max": 809.8255458688004
    },
    "p_values": {
        "const": 0.9491393375453125,
        "ndvi_max": 0.033504786989281825,
        "gndvi_max": 0.07639030654764936,
        "ndre1_max": 0.006255912212602381
    },
    "rsquared": 0.9100814752709238,
    "aic": 61.416806526913604,
    "fvalue": 20.24235780142059,
    "f_pvalue": 0.001535732053299579,
    "mse_model": 412.57026878948545,
    "rmse_model": 20.311825835938173
}