{
    "coefs": {
        "const": -898.3214073275292,
        "gndvi_mean": 533.0077918937932,
        "cire_mean": -134.89595649362957,
        "ndre1_mean": -286.45177340082864,
        "ndre_mean": 1920.9611958840942,
        "ndmi_mean": -458.85470192082494,
        "msi_mean": 317.82112578065687
    },
    "p_values": {
        "const": 0.3903407995209427,
        "gndvi_mean": 0.7818920090484053,
        "cire_mean": 0.5336567571177104,
        "ndre1_mean": 0.9593251737677655,
        "ndre_mean": 0.7387835376726051,
        "ndmi_mean": 0.8372367402825386,
        "msi_mean": 0.6967783882497883
    },
    "rsquared": 0.9378266293446348,
    "aic": 52.87867379741462,
    "fvalue": 2.514009399466548,
    "f_pvalue": 0.4485066378195819,
    "mse_model": 151.90837589905283,
    "rmse_model": 12.32511159783362
}