{
    "coefs": {
        "const": -1031.6077717781654,
        "ndvi_mean": 334.3614094438476,
        "gndvi_mean": 406.9880213582228,
        "cire_mean": -126.11546126364306,
        "ndre_mean": 1547.4813282675714,
        "ndmi_mean": -524.0487374092818,
        "msi_mean": 382.8429043777196
    },
    "p_values": {
        "const": 0.3871115135405926,
        "ndvi_mean": 0.8273083407355444,
        "gndvi_mean": 0.8322774040219045,
        "cire_mean": 0.5468824219910089,
        "ndre_mean": 0.70153263730407,
        "ndmi_mean": 0.807019274726975,
        "msi_mean": 0.6461622922981514
    },
    "rsquared": 0.9420542431604259,
    "aic": 52.315318297279674,
    "fvalue": 2.709586501069014,
    "f_pvalue": 0.43421586764273545,
    "mse_model": 152.59316126192314,
    "rmse_model": 12.352860448573162
}