{
    "coefs": {
        "const": -1666.746571489803,
        "ndvi_mean": 3818.885154133619,
        "gndvi_mean": -702.4290983014489,
        "cire_mean": 97.90267633014196,
        "ndre1_mean": -13283.979681629098,
        "ndre_mean": 8973.110870762612,
        "msi_mean": 614.9066021703579
    },
    "p_values": {
        "const": 0.012363164061428759,
        "ndvi_mean": 0.02481080625033225,
        "gndvi_mean": 0.05910808336658659,
        "cire_mean": 0.05708477107122926,
        "ndre1_mean": 0.02535254985039239,
        "ndre_mean": 0.023741163408984287,
        "msi_mean": 0.013288562983083015
    },
    "rsquared": 0.9998991655500065,
    "aic": 1.485057801525123,
    "fvalue": 1652.7075908644065,
    "f_pvalue": 0.01882680152711582,
    "mse_model": 161.9628335864854,
    "rmse_model": 12.726461942994424
}