{
    "coefs": {
        "const": -922.752980654107,
        "ndvi_mean": 2440.09715114708,
        "gndvi_mean": -1384.7203296295083,
        "cire_mean": -49.98749750096863,
        "ndre1_mean": -9321.699470092368,
        "ndre_mean": 9047.440944134549,
        "ndmi_mean": -1461.2730981031984
    },
    "p_values": {
        "const": 0.2962262497052198,
        "ndvi_mean": 0.5689386924292195,
        "gndvi_mean": 0.5465549623821011,
        "cire_mean": 0.8375000138877715,
        "ndre1_mean": 0.5611733341156613,
        "ndre_mean": 0.43302329412367185,
        "ndmi_mean": 0.30038600277365746
    },
    "rsquared": 0.9521807689717988,
    "aic": 50.77868257974394,
    "fvalue": 3.3186814471157504,
    "f_pvalue": 0.39713402597410674,
    "mse_model": 154.23344747407782,
    "rmse_model": 12.419075950894165
}