{
    "coefs": {
        "const": -1421.782401844869,
        "ndvi_mean": 2723.4010538965085,
        "gndvi_mean": -592.6013824389161,
        "ndre1_mean": -9337.173464112762,
        "ndre_mean": 7393.925794860384,
        "ndmi_mean": -431.40251252014764,
        "msi_mean": 456.23656793029795
    },
    "p_values": {
        "const": 0.10760362640633839,
        "ndvi_mean": 0.16108874995419248,
        "gndvi_mean": 0.5265956105605427,
        "ndre1_mean": 0.17015447767199757,
        "ndre_mean": 0.19230887988135698,
        "ndmi_mean": 0.538670638374587,
        "msi_mean": 0.2423164710579943
    },
    "rsquared": 0.9929507699722538,
    "aic": 35.462606688417026,
    "fvalue": 23.476577490589776,
    "f_pvalue": 0.15668617469205406,
    "mse_model": 160.8373382611307,
    "rmse_model": 12.682166150194165
}