{
    "coefs": {
        "const": -1177.918200001072,
        "ndvi_mean": 320.49615596639524,
        "gndvi_mean": 970.6143338053289,
        "cire_mean": -76.25662635873732,
        "ndre1_mean": 445.83750455059635,
        "ndmi_mean": 99.20927088000644,
        "msi_mean": 595.4242060730721
    },
    "p_values": {
        "const": 0.43076436695362896,
        "ndvi_mean": 0.9062656826862084,
        "gndvi_mean": 0.5789296704765261,
        "cire_mean": 0.8042341395607772,
        "ndre1_mean": 0.9491344305835465,
        "ndmi_mean": 0.9673274644001746,
        "msi_mean": 0.5630987337335411
    },
    "rsquared": 0.9276527351670836,
    "aic": 54.09108071055026,
    "fvalue": 2.137037102253659,
    "f_pvalue": 0.4805306124010592,
    "mse_model": 150.2604169984182,
    "rmse_model": 12.258075582995
}