{
    "coefs": {
        "const": -1591.8471208529045,
        "ndvi_mean": 2850.834942070367,
        "cire_mean": 67.36864835128881,
        "ndre1_mean": -10001.080552861073,
        "ndre_mean": 6438.345601343892,
        "ndmi_mean": 312.9647581232821,
        "msi_mean": 685.5267261408344
    },
    "p_values": {
        "const": 0.14445596380678777,
        "ndvi_mean": 0.2328356706190404,
        "cire_mean": 0.6232983356993309,
        "ndre1_mean": 0.2479741506883146,
        "ndre_mean": 0.17918949853945818,
        "ndmi_mean": 0.6771640843135096,
        "msi_mean": 0.2125461900817811
    },
    "rsquared": 0.9910360877969582,
    "aic": 37.38491362088429,
    "fvalue": 18.42640552006325,
    "f_pvalue": 0.17646313322142437,
    "mse_model": 160.5271996379448,
    "rmse_model": 12.669932897925891
}