{
    "A": -5.069812762115358,
    "omega": 0.015363022696308787,
    "phi": 1.461304683791829,
    "offset": 49.99672011914878,
    "mse": 99.11704055895068,
    "r2": 0.11524102649126011
}