{
    "A": -5.143075024555576,
    "omega": 0.015494898365679716,
    "phi": 1.3724086168746719,
    "offset": 48.664245810051156,
    "mse": 91.93216812998376,
    "r2": 0.12712837350611172
}