{
    "A": -5.7011913445841955,
    "omega": 0.015611700979035543,
    "phi": 1.3422283483577686,
    "offset": 47.91974777870944,
    "mse": 97.34530298463818,
    "r2": 0.14522190279678415
}