{
    "A": -5.728348604143008,
    "omega": 0.016765818976058968,
    "phi": 0.48418478365499323,
    "offset": 48.088404814140574,
    "mse": 105.33277114684778,
    "r2": 0.13423462729420343
}