{
    "A": -4.972834638200872,
    "omega": 0.016815010099901932,
    "phi": 0.27651769786674846,
    "offset": 50.13560790861435,
    "mse": 106.92394136434916,
    "r2": 0.10306744667712031
}