{
    "A": -5.0698127507253625,
    "omega": 0.015363022719157432,
    "phi": 1.4613046596621264,
    "offset": 49.99672012241954,
    "mse": 99.11704055803185,
    "r2": 0.115241026499462
}