{
    "A": -5.14307501122903,
    "omega": 0.01549489835090218,
    "phi": 1.37240863264103,
    "offset": 48.66424580860435,
    "mse": 91.93216813003761,
    "r2": 0.12712837350560047
}