{
    "A": -5.1076754276425484,
    "omega": 0.016799284402251088,
    "phi": 0.34761591179956214,
    "offset": 48.80227771784656,
    "mse": 99.26544691047104,
    "r2": 0.11556110873742331
}