{
    "coefs": {
        "const": -91.77914355028038,
        "ndvi_max": -508.2955107463895,
        "gndvi_max": 934.3204948565717,
        "cire_max": 9.950287108932326,
        "ndre_max": -156.67605929945398
    },
    "p_values": {
        "const": 0.35297930054693716,
        "ndvi_max": 0.2999407290083066,
        "gndvi_max": 0.17237773688331676,
        "cire_max": 0.6723647167408586,
        "ndre_max": 0.6394397025791048
    },
    "rsquared": 0.8582143970382012,
    "aic": 67.97092751512903,
    "fvalue": 7.56612782883737,
    "f_pvalue": 0.023810855257034465,
    "mse_model": 291.7928949929884,
    "rmse_model": 17.081946463825147
}