{
    "coefs": {
        "const": -128.3712560837364,
        "ndvi_max": 496.9006171559456,
        "cire_max": 42.287525870015116,
        "ndre1_max": -709.0028265673682,
        "ndre_max": 79.72460411001532
    },
    "p_values": {
        "const": 0.24682232535378046,
        "ndvi_max": 0.29652509239712943,
        "cire_max": 0.3856362518823515,
        "ndre1_max": 0.39300932235202846,
        "ndre_max": 0.8004892633736636
    },
    "rsquared": 0.8181447053283553,
    "aic": 70.45987959771223,
    "fvalue": 5.6235969566186235,
    "f_pvalue": 0.04294907011721578,
    "mse_model": 278.1691998116408,
    "rmse_model": 16.678405193891916
}