{
    "coefs": {
        "const": -81.14948315578715,
        "gndvi_max": 1275.2897320580332,
        "cire_max": 80.56302686753793,
        "ndre1_max": -1440.1129750367315,
        "ndre_max": -360.67514056566955
    },
    "p_values": {
        "const": 0.15914249831901553,
        "gndvi_max": 0.007393985421769456,
        "cire_max": 0.018281700177289827,
        "ndre1_max": 0.014268181222803966,
        "ndre_max": 0.12251210573683792
    },
    "rsquared": 0.9515829932703125,
    "aic": 57.226278038793566,
    "fvalue": 24.56737460514148,
    "f_pvalue": 0.0017429204630903267,
    "mse_model": 323.5382177119062,
    "rmse_model": 17.98716814042461
}