{
    "coefs": {
        "const": -113.87299853593218,
        "ndvi_max": -71.72184690192717,
        "gndvi_max": 958.6095798908764,
        "cire_max": 45.10588896140689,
        "ndre1_max": -1054.2399658178495
    },
    "p_values": {
        "const": 0.12462817936932533,
        "ndvi_max": 0.8493365969001019,
        "gndvi_max": 0.052989080454464335,
        "cire_max": 0.12025463267237042,
        "ndre1_max": 0.09660226668817687
    },
    "rsquared": 0.9188556597676136,
    "aic": 62.39006220173871,
    "fvalue": 14.154648018828787,
    "f_pvalue": 0.006184190506161477,
    "mse_model": 312.4109243209886,
    "rmse_model": 17.675149909434676
}