{
    "coefs": {
        "const": -144.55084514619148,
        "ndvi_max": -432.9640361530496,
        "gndvi_max": 980.7454231322408,
        "ndre1_max": -224.60706402664744,
        "ndre_max": 20.842671941481967
    },
    "p_values": {
        "const": 0.1282005273126264,
        "ndvi_max": 0.378016633020371,
        "gndvi_max": 0.15560045854163418,
        "ndre1_max": 0.5781981421248206,
        "ndre_max": 0.9368724095843806
    },
    "rsquared": 0.8622335569542444,
    "aic": 67.68336482825617,
    "fvalue": 7.823327091596935,
    "f_pvalue": 0.02222994276846206,
    "mse_model": 293.1594093644431,
    "rmse_model": 17.121898532710766
}