{
    "coefs": {
        "const": 9.574736418776354,
        "ndvi_max": -44.93042077383984,
        "ndre1_max": 188.99114395223228
    },
    "p_values": {
        "const": 0.9219040277526886,
        "ndvi_max": 0.8706537983960749,
        "ndre1_max": 0.4524664400992452
    },
    "rsquared": 0.27248814850409675,
    "aic": 243.03229075064866,
    "fvalue": 5.243672761087434,
    "f_pvalue": 0.011634856090874588,
    "mse_model": 711.3259166998073,
    "rmse_model": 26.670693967345642
}