{
    "coefs": {
        "const": 81.42976577876067,
        "gndvi_max": -266.89223478680253,
        "ndre1_max": 337.7126772104696
    },
    "p_values": {
        "const": 0.25356297962772145,
        "gndvi_max": 0.19914763521378953,
        "ndre1_max": 0.032761670438454696
    },
    "rsquared": 0.31414930119308826,
    "aic": 241.20421065043575,
    "fvalue": 6.4126058694028325,
    "f_pvalue": 0.005095821380082679,
    "mse_model": 820.0816838403441,
    "rmse_model": 28.63706835275469
}