{
    "coefs": {
        "const": -66.76350497701583,
        "cire_max": -23.666635126862438,
        "ndre1_max": 404.8880909478138
    },
    "p_values": {
        "const": 0.26799831331135804,
        "cire_max": 0.2768909230868419,
        "ndre1_max": 0.09615684005685154
    },
    "rsquared": 0.30242371017941605,
    "aic": 241.72972016998926,
    "fvalue": 6.069489465590623,
    "f_pvalue": 0.006460765094416419,
    "mse_model": 789.4722176215885,
    "rmse_model": 28.097548249297276
}