{
    "coefs": {
        "const": 38.915602017932954,
        "gndvi_max": -137.25797662229894,
        "ndre_max": 210.6509465451114
    },
    "p_values": {
        "const": 0.6036714389344996,
        "gndvi_max": 0.5490829706843218,
        "ndre_max": 0.17055485185020808
    },
    "rsquared": 0.24397934799002108,
    "aic": 244.22388126382845,
    "fvalue": 4.518012653198275,
    "f_pvalue": 0.01992834478112527,
    "mse_model": 636.9041527771758,
    "rmse_model": 25.23696005419781
}