{
    "coefs": {
        "const": 64.3873523135806,
        "gndvi_max": -62.47270582114675,
        "cire_max": 16.375494096809707
    },
    "p_values": {
        "const": 0.5276856296190954,
        "gndvi_max": 0.7571658888249783,
        "cire_max": 0.23360498517435835
    },
    "rsquared": 0.23125129797330146,
    "aic": 244.74143982381167,
    "fvalue": 4.211412862344947,
    "f_pvalue": 0.02517569897872652,
    "mse_model": 603.6777834996587,
    "rmse_model": 24.569855178646428
}