{
    "coefs": {
        "const": -64.16729121760356,
        "ndvi_max": 171.46666996633638,
        "cire_max": -1.0131538345598718
    },
    "p_values": {
        "const": 0.499498987498572,
        "ndvi_max": 0.3047757921660448,
        "cire_max": 0.9407235295822656
    },
    "rsquared": 0.2575531719412214,
    "aic": 243.66224071033724,
    "fvalue": 4.856569212646212,
    "f_pvalue": 0.015463755923002202,
    "mse_model": 672.3384012691399,
    "rmse_model": 25.929489028307902
}