{
    "coefs": {
        "const": 4.003959033390004,
        "cire_max": 2.7492672990560223,
        "ndre_max": 96.95883225009254
    },
    "p_values": {
        "const": 0.950268117785919,
        "cire_max": 0.89745933147153,
        "ndre_max": 0.6448443512597994
    },
    "rsquared": 0.23451039038170252,
    "aic": 244.60973666419238,
    "fvalue": 4.288948437825221,
    "f_pvalue": 0.02372193996272889,
    "mse_model": 612.185591665783,
    "rmse_model": 24.742384518590423
}