{
    "coefs": {
        "const": -67.21724289160875,
        "ndvi_max": 190.99474913002848,
        "ndre_max": -26.16586451496869
    },
    "p_values": {
        "const": 0.35015807537755195,
        "ndvi_max": 0.34895707786103347,
        "ndre_max": 0.8732115610717124
    },
    "rsquared": 0.25809113253848237,
    "aic": 243.63977065239146,
    "fvalue": 4.870242173950254,
    "f_pvalue": 0.015307626834571259,
    "mse_model": 673.7427387315058,
    "rmse_model": 25.956554831708807
}