{
    "coefs": {
        "const": 3.5255688411474075,
        "ndre1_max": 487.36518350703614,
        "ndre_max": -306.24967751126576
    },
    "p_values": {
        "const": 0.8796853987046666,
        "ndre1_max": 0.09290099135129712,
        "ndre_max": 0.2312145345525885
    },
    "rsquared": 0.308761958521918,
    "aic": 241.44676361006725,
    "fvalue": 6.253514939750199,
    "f_pvalue": 0.005685737879780237,
    "mse_model": 806.0181126898779,
    "rmse_model": 28.390458127509635
}