{
    "coefs": {
        "const": -41.14803219453824,
        "ndvi_max": 381.7261433268901,
        "gndvi_max": -282.06686721130825
    },
    "p_values": {
        "const": 0.3244676729054957,
        "ndvi_max": 0.050433141083918435,
        "gndvi_max": 0.22762148899235346
    },
    "rsquared": 0.29568050184252925,
    "aic": 242.02794643248416,
    "fvalue": 5.877342650068022,
    "f_pvalue": 0.0073922383243895115,
    "mse_model": 771.8691810195701,
    "rmse_model": 27.782533740095953
}