{
    "coefs": {
        "const": 66.12024824393876,
        "ndvi_mean": -404.0391707731585,
        "gndvi_mean": -58.801358376230894,
        "cire_mean": -23.378846752438832,
        "ndre1_mean": -979.2282286090345,
        "ndre_mean": 1568.5819782300791
    },
    "p_values": {
        "const": 0.3916736872210427,
        "ndvi_mean": 0.5059084729090468,
        "gndvi_mean": 0.9007070448528733,
        "cire_mean": 0.7585395576826361,
        "ndre1_mean": 0.46774546981939125,
        "ndre_mean": 0.13073592561378558
    },
    "rsquared": 0.29337920163345965,
    "aic": 248.12907100865368,
    "fvalue": 2.0759309824424186,
    "f_pvalue": 0.10225032563397363,
    "mse_model": 306.34466957661573,
    "rmse_model": 17.50270463604456
}