{
    "coefs": {
        "const": -537.9242486011228,
        "gndvi_mean": 525.4241924146103,
        "cire_mean": -6.225494630715076,
        "ndre_mean": -350.33683144556016,
        "ndmi_mean": 807.7682851015487,
        "msi_mean": 451.94016354098414
    },
    "p_values": {
        "const": 0.15130779012788476,
        "gndvi_mean": 0.2894319536386022,
        "cire_mean": 0.9188706216006328,
        "ndre_mean": 0.6663354825893537,
        "ndmi_mean": 0.22545233244940102,
        "msi_mean": 0.13833780222525116
    },
    "rsquared": 0.21756423133555225,
    "aic": 251.28851863456083,
    "fvalue": 1.390300904232153,
    "f_pvalue": 0.2617587625052185,
    "mse_model": 227.17916672038146,
    "rmse_model": 15.072463856993702
}