{
    "coefs": {
        "const": 103.33808896697548,
        "ndvi_mean": -493.6219945321078,
        "cire_mean": -24.39661684719465,
        "ndre1_mean": -882.7722795042672,
        "ndre_mean": 1495.7375085870372,
        "msi_mean": -20.491183951244537
    },
    "p_values": {
        "const": 0.6347964770210569,
        "ndvi_mean": 0.3075808559376792,
        "cire_mean": 0.733484811338543,
        "ndre1_mean": 0.2883434802820598,
        "ndre_mean": 0.051644212218800806,
        "msi_mean": 0.8382050974399399
    },
    "rsquared": 0.2941321695808625,
    "aic": 248.09602011096172,
    "fvalue": 2.0834790658061983,
    "f_pvalue": 0.10119766768065157,
    "mse_model": 307.13091384943607,
    "rmse_model": 17.525150893770817
}