{
    "coefs": {
        "const": -174.65327961914204,
        "cire_mean": 4.163209011255802,
        "ndre1_mean": -1376.2809888784095,
        "ndre_mean": 1220.7963858125659,
        "ndmi_mean": 357.4255419829867,
        "msi_mean": 189.066746371835
    },
    "p_values": {
        "const": 0.5174551474889051,
        "cire_mean": 0.9434703334106916,
        "ndre1_mean": 0.06618594300204432,
        "ndre_mean": 0.07309775493575349,
        "ndmi_mean": 0.3803488524142391,
        "msi_mean": 0.3782930166835524
    },
    "rsquared": 0.28627027189765863,
    "aic": 248.43938688901977,
    "fvalue": 2.005452909035971,
    "f_pvalue": 0.11263357622439638,
    "mse_model": 298.9215710105551,
    "rmse_model": 17.289348484270747
}