{
    "coefs": {
        "const": -141.59727448007243,
        "gndvi_mean": -83.06076786426472,
        "ndre1_mean": -1450.546443645788,
        "ndre_mean": 1405.564450887246,
        "ndmi_mean": 287.8073497125172,
        "msi_mean": 160.7348590251093
    },
    "p_values": {
        "const": 0.7172298820939538,
        "gndvi_mean": 0.8919636023266071,
        "ndre1_mean": 0.13136032331195932,
        "ndre_mean": 0.28885710299931255,
        "ndmi_mean": 0.6820121373944671,
        "msi_mean": 0.6202725229695552
    },
    "rsquared": 0.2866610030877501,
    "aic": 248.4224112984498,
    "fvalue": 2.009290143456248,
    "f_pvalue": 0.11204159658657127,
    "mse_model": 299.32956999840223,
    "rmse_model": 17.301143603773777
}