{
    "coefs": {
        "const": 99.55920532993474,
        "ndvi_mean": -896.9952245158797,
        "gndvi_mean": 360.6689535399186,
        "cire_mean": -48.827232409549254,
        "ndre_mean": 900.1402398173136,
        "ndmi_mean": 126.43342947437083
    },
    "p_values": {
        "const": 0.3545004412668643,
        "ndvi_mean": 0.03406443906926221,
        "gndvi_mean": 0.3448431789087515,
        "cire_mean": 0.4496130617727766,
        "ndre_mean": 0.2730194119852999,
        "ndmi_mean": 0.5693119551971086
    },
    "rsquared": 0.2874881669076733,
    "aic": 248.3864438876176,
    "fvalue": 2.0174273152767475,
    "f_pvalue": 0.11079668032974163,
    "mse_model": 300.1932891226253,
    "rmse_model": 17.32608695356875
}