{
    "coefs": {
        "const": 95.4063558645131,
        "ndvi_mean": -370.3092196128837,
        "gndvi_mean": 4.75560687184543,
        "ndre1_mean": -1070.0580428452326,
        "ndre_mean": 1327.3632437488125,
        "ndmi_mean": 68.39793996690383
    },
    "p_values": {
        "const": 0.3737481738227477,
        "ndvi_mean": 0.4949521675101737,
        "gndvi_mean": 0.9936545789566509,
        "ndre1_mean": 0.38224774611597057,
        "ndre_mean": 0.2631249086494954,
        "ndmi_mean": 0.7734587123845074
    },
    "rsquared": 0.293043637955294,
    "aic": 248.14378895191118,
    "fvalue": 2.072572323330776,
    "f_pvalue": 0.1027223064739574,
    "mse_model": 305.99427614880204,
    "rmse_model": 17.492692078373814
}