{
    "coefs": {
        "const": 130.04508964553412,
        "ndvi_mean": -870.4779608020426,
        "gndvi_mean": 267.39752017382773,
        "cire_mean": -50.61246399535764,
        "ndre_mean": 1034.4157322151425,
        "msi_mean": -38.46589599193243
    },
    "p_values": {
        "const": 0.5630555491593812,
        "ndvi_mean": 0.05916170470435104,
        "gndvi_mean": 0.4046941546274112,
        "cire_mean": 0.43607297400555567,
        "ndre_mean": 0.1838262442431243,
        "msi_mean": 0.7285427553016774
    },
    "rsquared": 0.28155021655129886,
    "aic": 248.64372195222904,
    "fvalue": 1.959428640926037,
    "f_pvalue": 0.11998587522939512,
    "mse_model": 293.9929196698562,
    "rmse_model": 17.146221731619367
}