{
    "coefs": {
        "const": -200.3046014491198,
        "ndvi_mean": -495.8775349464054,
        "gndvi_mean": 614.212461287964,
        "ndre1_mean": -168.2455712818164,
        "ndmi_mean": 636.6643090367845,
        "msi_mean": 251.6313917263841
    },
    "p_values": {
        "const": 0.5891043029627813,
        "ndvi_mean": 0.336836407926151,
        "gndvi_mean": 0.03964507922360774,
        "ndre1_mean": 0.7704626307013311,
        "ndmi_mean": 0.21563084826146772,
        "msi_mean": 0.3624299334500122
    },
    "rsquared": 0.28074252387732135,
    "aic": 248.6785530701228,
    "fvalue": 1.9516135264295609,
    "f_pvalue": 0.12128173954643219,
    "mse_model": 293.14953219060936,
    "rmse_model": 17.121610093405625
}