{
    "coefs": {
        "const": 25.792265300549445,
        "gndvi_mean": -278.506978421824,
        "cire_mean": 8.31569438958536,
        "ndre1_mean": -1634.5876710559169,
        "ndre_mean": 1740.8188085657653,
        "msi_mean": 23.519692619173867
    },
    "p_values": {
        "const": 0.8947014840707666,
        "gndvi_mean": 0.4252353061900652,
        "cire_mean": 0.8856294680288254,
        "ndre1_mean": 0.058180437194427725,
        "ndre_mean": 0.09257929143906374,
        "msi_mean": 0.8011289614714907
    },
    "rsquared": 0.2823637655896811,
    "aic": 248.60859867608247,
    "fvalue": 1.9673182041992288,
    "f_pvalue": 0.11869186536043863,
    "mse_model": 294.84242232703144,
    "rmse_model": 17.170976161157274
}