{
    "coefs": {
        "const": -261.6202449220325,
        "ndvi_mean": -592.8940444000684,
        "gndvi_mean": 703.9926881627802,
        "cire_mean": -21.656686901199677,
        "ndmi_mean": 728.227064559864,
        "msi_mean": 295.42887019516274
    },
    "p_values": {
        "const": 0.488348700185389,
        "ndvi_mean": 0.12106761160488605,
        "gndvi_mean": 0.0582656857165285,
        "cire_mean": 0.6248369130463032,
        "ndmi_mean": 0.1688741691298808,
        "msi_mean": 0.2889328958337441
    },
    "rsquared": 0.2852482973805407,
    "aic": 248.48374338502242,
    "fvalue": 1.9954362916181096,
    "f_pvalue": 0.11419385927608092,
    "mse_model": 297.8544318131646,
    "rmse_model": 17.25845971728545
}