{
    "coefs": {
        "const": -1.229208009620379,
        "ndvi_mean": -265.73902943427083,
        "ndre1_mean": -1155.5860959127303,
        "ndre_mean": 1299.8173050925125,
        "ndmi_mean": 189.7519303541576,
        "msi_mean": 74.65906507202669
    },
    "p_values": {
        "const": 0.9973795952793773,
        "ndvi_mean": 0.5774919762596851,
        "ndre1_mean": 0.15866418227933435,
        "ndre_mean": 0.02968147750332777,
        "ndmi_mean": 0.6987441175426259,
        "msi_mean": 0.7889215354706134
    },
    "rsquared": 0.2951064026340099,
    "aic": 248.05320460884542,
    "fvalue": 2.093269138326325,
    "f_pvalue": 0.09984878035221781,
    "mse_model": 308.148201718158,
    "rmse_model": 17.554150555300534
}