{
    "coefs": {
        "const": 61.90096172799096,
        "gndvi_mean": -295.2131378677328,
        "cire_mean": 12.848724208571781,
        "ndre1_mean": -1693.7406328572629,
        "ndre_mean": 1761.5232039684638,
        "ndmi_mean": -26.650448897523972
    },
    "p_values": {
        "const": 0.5417651214932786,
        "gndvi_mean": 0.43936768150600836,
        "cire_mean": 0.8166280525427178,
        "ndre1_mean": 0.038763753987002283,
        "ndre_mean": 0.10666811594109286,
        "ndmi_mean": 0.8906115125631238
    },
    "rsquared": 0.281058457560467,
    "aic": 248.6649333357069,
    "fvalue": 1.9546683629295603,
    "f_pvalue": 0.12077352554467294,
    "mse_model": 293.4794281042682,
    "rmse_model": 17.131241289068
}