{
    "coefs": {
        "const": -98.53115949931635,
        "ndvi_mean": 177.33920322395784,
        "cire_mean": 67.93989053335883,
        "ndre1_mean": -688.5924191793038,
        "ndmi_mean": 333.0926409831118,
        "msi_mean": 173.8681042496305
    },
    "p_values": {
        "const": 0.8048999520982659,
        "ndvi_mean": 0.7466419397778865,
        "cire_mean": 0.2516748199729789,
        "ndre1_mean": 0.4737125933933547,
        "ndmi_mean": 0.5230451185574638,
        "msi_mean": 0.55513515569478
    },
    "rsquared": 0.18979052923747863,
    "aic": 252.369829195666,
    "fvalue": 1.1712435862966333,
    "f_pvalue": 0.3508959866999331,
    "mse_model": 198.17804617474775,
    "rmse_model": 14.07757245318765
}