{
    "coefs": {
        "const": 107.32469028047962,
        "ndvi_mean": -324.027540062707,
        "gndvi_mean": -72.82043508305765,
        "ndre1_mean": -1151.1661640945122,
        "ndre_mean": 1458.4864736832046,
        "msi_mean": -18.212965030996855
    },
    "p_values": {
        "const": 0.6355623139433011,
        "ndvi_mean": 0.5651782163260382,
        "gndvi_mean": 0.8851361154723925,
        "ndre1_mean": 0.33111914390200015,
        "ndre_mean": 0.16822178658184883,
        "msi_mean": 0.8729941939639883
    },
    "rsquared": 0.2913884831975223,
    "aic": 248.2162825732209,
    "fvalue": 2.056052408747017,
    "f_pvalue": 0.10507630042592388,
    "mse_model": 304.26597422915466,
    "rmse_model": 17.443221440695943
}