{
    "coefs": {
        "const": 170.15269189907542,
        "ndvi_mean": -824.689469915593,
        "gndvi_mean": 531.454816986746,
        "cire_mean": -2.934840605006279,
        "ndre1_mean": 473.7573662842334,
        "msi_mean": -64.29079471925053
    },
    "p_values": {
        "const": 0.46272129993669,
        "ndvi_mean": 0.2651678894416951,
        "gndvi_mean": 0.18039350681915245,
        "cire_mean": 0.9698629488920527,
        "ndre1_mean": 0.6490923631147143,
        "msi_mean": 0.5731692658368275
    },
    "rsquared": 0.23435270557537324,
    "aic": 250.61612176143694,
    "fvalue": 1.530422083914539,
    "f_pvalue": 0.21631356165675772,
    "mse_model": 244.70958320886547,
    "rmse_model": 15.643196067583679
}