{
    "coefs": {
        "const": -90.14024880918828,
        "ndvi_mean": -611.9846104907081,
        "gndvi_mean": 563.053600341925,
        "ndre_mean": 47.70790548540134,
        "ndmi_mean": 470.3567785841942,
        "msi_mean": 168.53138379299799
    },
    "p_values": {
        "const": 0.832916811842461,
        "ndvi_mean": 0.15794650066194402,
        "gndvi_mean": 0.2346535033825135,
        "ndre_mean": 0.9429999216073234,
        "ndmi_mean": 0.4799241314778263,
        "msi_mean": 0.6096507729344256
    },
    "rsquared": 0.27839008224134687,
    "aic": 248.77977786821475,
    "fvalue": 1.9289513308383892,
    "f_pvalue": 0.1251199855779232,
    "mse_model": 290.6931278113677,
    "rmse_model": 17.049725153543317
}