{
    "coefs": {
        "const": 87.73836385725411,
        "ndvi_mean": -472.4876951687776,
        "cire_mean": -22.588628929713195,
        "ndre1_mean": -945.1441084126049,
        "ndre_mean": 1488.2212954735203,
        "ndmi_mean": 56.69725819089582
    },
    "p_values": {
        "const": 0.4083139921289253,
        "ndvi_mean": 0.2923057943028914,
        "cire_mean": 0.752932708097756,
        "ndre1_mean": 0.27670152948055576,
        "ndre_mean": 0.05159562074493732,
        "ndmi_mean": 0.7483146695980271
    },
    "rsquared": 0.29589451456764415,
    "aic": 248.01852542020885,
    "fvalue": 2.1012087016049183,
    "f_pvalue": 0.09876833517274285,
    "mse_model": 308.97114311466584,
    "rmse_model": 17.57757500665737
}