{
    "coefs": {
        "const": -391.5658712452497,
        "gndvi_mean": 460.43143182189755,
        "cire_mean": 20.39190728064854,
        "ndre1_mean": -669.9872214002075,
        "ndmi_mean": 769.0586636943115,
        "msi_mean": 372.5543261553595
    },
    "p_values": {
        "const": 0.28487392977845166,
        "gndvi_mean": 0.13576382702689582,
        "cire_mean": 0.7235862324277413,
        "ndre1_mean": 0.22822149683452628,
        "ndmi_mean": 0.15980545391168305,
        "msi_mean": 0.18036711812199377
    },
    "rsquared": 0.2569559940922066,
    "aic": 249.68716515132797,
    "fvalue": 1.729076555689846,
    "f_pvalue": 0.16471702784704426,
    "mse_model": 268.31179125047504,
    "rmse_model": 16.380225616592558
}