{
    "coefs": {
        "const": 123.2483857004479,
        "ndvi_mean": -939.5649283557271,
        "gndvi_mean": 656.3768702306505,
        "cire_mean": -14.862498112836427,
        "ndre1_mean": 430.0665397049265,
        "ndmi_mean": 218.35259493433725
    },
    "p_values": {
        "const": 0.25267256053677506,
        "ndvi_mean": 0.1798267210547874,
        "gndvi_mean": 0.11576643647117417,
        "cire_mean": 0.8483405239988575,
        "ndre1_mean": 0.6733832387112046,
        "ndmi_mean": 0.3040686606253292
    },
    "rsquared": 0.25709115214671563,
    "aic": 249.6815258072657,
    "fvalue": 1.7303007824554002,
    "f_pvalue": 0.16443997495474497,
    "mse_model": 268.45292241900586,
    "rmse_model": 16.384533024136083
}