{
    "coefs": {
        "const": 125.50153936168965,
        "ndvi_mean": -774.2834687008931,
        "cire_mean": -60.1032064310201,
        "ndre_mean": 1291.2104339791133,
        "ndmi_mean": -58.396285559296416,
        "msi_mean": -28.444728265873437
    },
    "p_values": {
        "const": 0.7306825491873798,
        "ndvi_mean": 0.11131156682264148,
        "cire_mean": 0.35879850567444205,
        "ndre_mean": 0.0953610033431729,
        "ndmi_mean": 0.8977788732572962,
        "msi_mean": 0.9160318345509535
    },
    "rsquared": 0.261400944356047,
    "aic": 249.50116371124932,
    "fvalue": 1.7695726954872868,
    "f_pvalue": 0.15579346150757767,
    "mse_model": 272.9531796388786,
    "rmse_model": 16.521294732522588
}