{
    "coefs": {
        "const": -73.61973403801079,
        "gndvi_mean": 251.65361375153145,
        "ndmi_mean": 120.65132541654225
    },
    "p_values": {
        "const": 0.3987845296622899,
        "gndvi_mean": 0.18299739572212484,
        "ndmi_mean": 0.3129342500751357
    },
    "rsquared": 0.5334370551963825,
    "aic": 75.88169614259729,
    "fvalue": 4.001667329095747,
    "f_pvalue": 0.06937226142845537,
    "mse_model": 362.7371975335401,
    "rmse_model": 19.045660858409196
}