{
    "coefs": {
        "const": -102.0765457507957,
        "ndre1_mean": 575.9891746040946,
        "ndmi_mean": -109.19297710781753
    },
    "p_values": {
        "const": 0.14294918005483373,
        "ndre1_mean": 0.045622966025087905,
        "ndmi_mean": 0.5019563934162611
    },
    "rsquared": 0.6675918079914881,
    "aic": 72.49140380872493,
    "fvalue": 7.029223058107956,
    "f_pvalue": 0.021176345480833827,
    "mse_model": 453.9624294342119,
    "rmse_model": 21.306394097411506
}