{
    "coefs": {
        "const": -224.32291555451837,
        "ndre1_mean": 640.9667125405518,
        "msi_mean": 104.35650435114361
    },
    "p_values": {
        "const": 0.0976302049220461,
        "ndre1_mean": 0.0104793433599439,
        "msi_mean": 0.2046634308437679
    },
    "rsquared": 0.7215928719490421,
    "aic": 70.71861204927072,
    "fvalue": 9.071517203968217,
    "f_pvalue": 0.011386263397537786,
    "mse_model": 490.6831529253486,
    "rmse_model": 22.151369098214868
}