{
    "coefs": {
        "const": 71.87982020293131,
        "gndvi_mean": -251.9608233361513,
        "cire_mean": 88.48441270059394
    },
    "p_values": {
        "const": 0.2718596324565366,
        "gndvi_mean": 0.16781194365631039,
        "cire_mean": 0.0037377596465795046
    },
    "rsquared": 0.8482952046318187,
    "aic": 64.64713169882874,
    "fvalue": 19.571123041995115,
    "f_pvalue": 0.0013598705903461975,
    "mse_model": 576.8407391496368,
    "rmse_model": 24.017509012169366
}