{
    "coefs": {
        "const": 36.6734582244709,
        "cire_mean": 106.55804357286081,
        "ndre1_mean": -379.4800591372265
    },
    "p_values": {
        "const": 0.4429910758831922,
        "cire_mean": 0.024204784797068953,
        "ndre1_mean": 0.23809117524684212
    },
    "rsquared": 0.8359778737244682,
    "aic": 65.4277800820129,
    "fvalue": 17.838584491463916,
    "f_pvalue": 0.0017871398185633997,
    "mse_model": 568.4649541326384,
    "rmse_model": 23.842503101239988
}