{
    "coefs": {
        "const": -129.73492322743311,
        "ndvi_mean": 129.812140131849,
        "gndvi_mean": 243.19489869486188
    },
    "p_values": {
        "const": 0.15011448280170256,
        "ndvi_mean": 0.6006861828766377,
        "gndvi_mean": 0.3785162115457643
    },
    "rsquared": 0.47708302774422773,
    "aic": 77.02199371768583,
    "fvalue": 3.193223180157288,
    "f_pvalue": 0.10339858193962198,
    "mse_model": 324.4164588660749,
    "rmse_model": 18.01156458684461
}