{
    "coefs": {
        "const": 47.715593876466855,
        "ndvi_mean": -533.4470259061782,
        "ndre_mean": 842.4966831080385
    },
    "p_values": {
        "const": 0.501808437502294,
        "ndvi_mean": 0.0797970718460375,
        "ndre_mean": 0.010740729025427947
    },
    "rsquared": 0.7816379542106293,
    "aic": 68.2893111891629,
    "fvalue": 12.528426493934097,
    "f_pvalue": 0.004865416690704667,
    "mse_model": 531.513808863228,
    "rmse_model": 23.054583250695032
}