{
    "coefs": {
        "const": -54.26609541378696,
        "cire_mean": 66.89832069745952,
        "msi_mean": 31.629922965875622
    },
    "p_values": {
        "const": 0.36724180767823233,
        "cire_mean": 0.0026153750590667143,
        "msi_mean": 0.5210519205933606
    },
    "rsquared": 0.8094190192919826,
    "aic": 66.92853872982631,
    "fvalue": 14.864896575709356,
    "f_pvalue": 0.003021888605276214,
    "mse_model": 550.4049331185481,
    "rmse_model": 23.460710413765142
}