{
    "coefs": {
        "const": -88.05289736015021,
        "ndre_mean": 420.44527602631536,
        "ndmi_mean": -46.15742641441997
    },
    "p_values": {
        "const": 0.17428444328326292,
        "ndre_mean": 0.051896511933240436,
        "ndmi_mean": 0.7448627834177002
    },
    "rsquared": 0.6564583589353707,
    "aic": 72.82085003285191,
    "fvalue": 6.687993482110533,
    "f_pvalue": 0.023764454549732476,
    "mse_model": 446.39168407605206,
    "rmse_model": 21.12798343609849
}