{
    "coefs": {
        "const": -20.655006752092504,
        "cire_mean": 64.52890746698041,
        "ndmi_mean": -28.254759206075345
    },
    "p_values": {
        "const": 0.3146734211736937,
        "cire_mean": 0.00673481712646632,
        "ndmi_mean": 0.7557559238371383
    },
    "rsquared": 0.7999870912215783,
    "aic": 67.41158581520537,
    "fvalue": 13.998870554786894,
    "f_pvalue": 0.0035785170465782398,
    "mse_model": 543.9912220306733,
    "rmse_model": 23.3236194024571
}