{
    "coefs": {
        "const": -30.040646907763232,
        "gndvi_mean": -205.41676458086482,
        "ndre_mean": 531.5797774098052
    },
    "p_values": {
        "const": 0.688668643587751,
        "gndvi_mean": 0.49280231305723965,
        "ndre_mean": 0.06567623806730963
    },
    "rsquared": 0.675129889545672,
    "aic": 72.26202115467069,
    "fvalue": 7.273536522351289,
    "f_pvalue": 0.01954268114995813,
    "mse_model": 459.08832489105697,
    "rmse_model": 21.42634651290455
}