{
    "coefs": {
        "const": 109.6500480897613,
        "ndvi_mean": -751.371670327049,
        "ndre1_mean": 1217.620361323348
    },
    "p_values": {
        "const": 0.14162435866111486,
        "ndvi_mean": 0.022397895121293802,
        "ndre1_mean": 0.0034847179529969062
    },
    "rsquared": 0.8393004107894723,
    "aic": 65.22313389652854,
    "fvalue": 18.27976942688232,
    "f_pvalue": 0.0016636106160836958,
    "mse_model": 570.7242793368412,
    "rmse_model": 23.889836318753655
}