{
    "coefs": {
        "const": -290.21821159169656,
        "ndvi_mean": 496.5180305719456,
        "msi_mean": 90.03065474563556
    },
    "p_values": {
        "const": 0.34868907761021445,
        "ndvi_mean": 0.15557709561770802,
        "msi_mean": 0.534423704850856
    },
    "rsquared": 0.4449209406293386,
    "aic": 77.61887226081261,
    "fvalue": 2.805408105231419,
    "f_pvalue": 0.12742127689105048,
    "mse_model": 302.5462396279503,
    "rmse_model": 17.393856375972245
}