{
    "coefs": {
        "const": -57.98171414769848,
        "ndvi_mean": 208.59448684003917,
        "ndmi_mean": 82.79580837425613
    },
    "p_values": {
        "const": 0.7340162992726078,
        "ndvi_mean": 0.5436430087066724,
        "ndmi_mean": 0.7323958526016388
    },
    "rsquared": 0.42154417142937595,
    "aic": 78.03138861774832,
    "fvalue": 2.5505916392070422,
    "f_pvalue": 0.14721284470104762,
    "mse_model": 286.65003657197565,
    "rmse_model": 16.93074235147342
}