{
    "coefs": {
        "const": 68.09284542308986,
        "ndvi_mean": -214.81069738045903,
        "cire_mean": 85.82700964683109
    },
    "p_values": {
        "const": 0.2704583447638558,
        "ndvi_mean": 0.16125818175307957,
        "cire_mean": 0.0027342499881992544
    },
    "rsquared": 0.8496800699674785,
    "aic": 64.55542562811479,
    "fvalue": 19.783672359631755,
    "f_pvalue": 0.001316915706206057,
    "mse_model": 577.7824475778854,
    "rmse_model": 24.03710564061084
}