{
    "coefs": {
        "const": -561.6586556958526,
        "ndmi_mean": 1145.9564985801064,
        "msi_mean": 589.1335615529475
    },
    "p_values": {
        "const": 0.04028243430481649,
        "ndmi_mean": 0.013400045476505494,
        "msi_mean": 0.02970541475569223
    },
    "rsquared": 0.702568618147531,
    "aic": 71.3796022230992,
    "fvalue": 8.267420028785194,
    "f_pvalue": 0.014350061451887624,
    "mse_model": 477.7466603403211,
    "rmse_model": 21.857416598041066
}