{
    "coefs": {
        "const": -177.55922031535084,
        "ndre_mean": 484.52669997529927,
        "msi_mean": 69.56557060250056
    },
    "p_values": {
        "const": 0.16027502101020177,
        "ndre_mean": 0.015164378535223243,
        "msi_mean": 0.3621860843957313
    },
    "rsquared": 0.6925577078544458,
    "aic": 71.71064074978688,
    "fvalue": 7.884250278562764,
    "f_pvalue": 0.016112859967475773,
    "mse_model": 470.93924134102315,
    "rmse_model": 21.701134563451358
}