{
    "coefs": {
        "const": -59.46365940206044,
        "gndvi_mean": 310.06030024849645,
        "msi_mean": -35.922835940010295
    },
    "p_values": {
        "const": 0.6763047277532768,
        "gndvi_mean": 0.12428871331510354,
        "msi_mean": 0.6321825701444672
    },
    "rsquared": 0.4734748068368396,
    "aic": 77.09075853854915,
    "fvalue": 3.147355236647556,
    "f_pvalue": 0.10591733538043116,
    "mse_model": 321.96286864905096,
    "rmse_model": 17.943323790453398
}