{
    "coefs": {
        "const": -72.74187380947956,
        "ndre1_mean": 115.15124685868841,
        "ndre_mean": 272.7233933894531
    },
    "p_values": {
        "const": 0.1190855386166697,
        "ndre1_mean": 0.8880873859775877,
        "ndre_mean": 0.6987530427887811
    },
    "rsquared": 0.6518917337921051,
    "aic": 72.9529021434592,
    "fvalue": 6.5543432597195315,
    "f_pvalue": 0.02488858330909729,
    "mse_model": 443.2863789786315,
    "rmse_model": 21.054367218670606
}