{
    "coefs": {
        "const": 77.6944123874986,
        "cire_mean": 136.73448882302574,
        "ndre_mean": -531.1911443300071
    },
    "p_values": {
        "const": 0.1709567620752494,
        "cire_mean": 0.011362909237528572,
        "ndre_mean": 0.09187442880447887
    },
    "rsquared": 0.8685568198459985,
    "aic": 63.2135134131962,
    "fvalue": 23.127475049670366,
    "f_pvalue": 0.0008233475599318279,
    "mse_model": 590.618637495279,
    "rmse_model": 24.302646717904597
}