{
    "coefs": {
        "const": -64.69351732362867,
        "gndvi_mean": -11.428811454719721,
        "ndre1_mean": 439.4386797969941
    },
    "p_values": {
        "const": 0.37537324388633764,
        "gndvi_mean": 0.9612946497297555,
        "ndre1_mean": 0.09505633687258196
    },
    "rsquared": 0.6439312873849684,
    "aic": 73.17900398354257,
    "fvalue": 6.329563440986941,
    "f_pvalue": 0.026938186183614245,
    "mse_model": 437.87327542177854,
    "rmse_model": 20.925421750153056
}