{
    "coefs": {
        "const": -52.02475421400703,
        "gndvi_max": -245.09887779840483,
        "cire_max": -21.019444247698708,
        "ndre1_max": -1733.960858539563,
        "ndre_max": 2091.7099250002548
    },
    "p_values": {
        "const": 0.5888684419004377,
        "gndvi_max": 0.31244068906633565,
        "cire_max": 0.6049280538048621,
        "ndre1_max": 0.04730598056984523,
        "ndre_max": 0.06994956579809453
    },
    "rsquared": 0.8583768739526846,
    "aic": 84.50809138757178,
    "fvalue": 10.60673896518381,
    "f_pvalue": 0.004280537355156763,
    "mse_model": 529.3324056041556,
    "rmse_model": 23.00722507396656
}