{
    "coefs": {
        "const": -148.961815811654,
        "ndvi_max": 898.7085426461554,
        "gndvi_max": -717.8216316439248,
        "ndre1_max": -2699.036469851152,
        "ndre_max": 2316.876128781837
    },
    "p_values": {
        "const": 0.018059812204061432,
        "ndvi_max": 0.005440283298830768,
        "gndvi_max": 0.004436539241172214,
        "ndre1_max": 0.0005886237785756815,
        "ndre_max": 0.00048399647021872604
    },
    "rsquared": 0.9545097851012022,
    "aic": 70.88002448587451,
    "fvalue": 36.71981167033897,
    "f_pvalue": 8.71527629974831e-05,
    "mse_model": 588.6143674790748,
    "rmse_model": 24.261376042571754
}