{
    "coefs": {
        "const": 3.496097627461758,
        "ndvi_max": 140.890123002177,
        "gndvi_max": -13.590996166097739,
        "cire_max": 33.748992595395634,
        "ndre_max": -228.1545269629255
    },
    "p_values": {
        "const": 0.9783031429399653,
        "ndvi_max": 0.7569757296691204,
        "gndvi_max": 0.9657353330006284,
        "cire_max": 0.49899872386996746,
        "ndre_max": 0.7307823766704915
    },
    "rsquared": 0.7453852099837448,
    "aic": 91.54707884543939,
    "fvalue": 5.123127833179979,
    "f_pvalue": 0.030058085414735407,
    "mse_model": 459.6542128233093,
    "rmse_model": 21.439547868910605
}