{
    "coefs": {
        "const": -33.32669129704799,
        "ndvi_max": 615.8768277896243,
        "gndvi_max": -217.31939265608253,
        "cire_max": 58.5487810110388,
        "ndre1_max": -807.0157931378174
    },
    "p_values": {
        "const": 0.7617400552225798,
        "ndvi_max": 0.2030180316244206,
        "gndvi_max": 0.4685812567285407,
        "cire_max": 0.08375052810645192,
        "ndre1_max": 0.1300850563611213
    },
    "rsquared": 0.8174221624078306,
    "aic": 87.55617661134221,
    "fvalue": 7.834953042926478,
    "f_pvalue": 0.010040734541551117,
    "mse_model": 504.0770001514956,
    "rmse_model": 22.451659184824084
}