{
    "coefs": {
        "const": -106.92336112945333,
        "ndvi_max": 209.97203615721378,
        "cire_max": 11.700348569646877,
        "ndre1_max": -1381.0125346126747,
        "ndre_max": 1146.9321232739353
    },
    "p_values": {
        "const": 0.3566363197355407,
        "ndvi_max": 0.49061019583402943,
        "cire_max": 0.7682396894099062,
        "ndre1_max": 0.06962660755387974,
        "ndre_max": 0.20044072687380568
    },
    "rsquared": 0.8460431490448148,
    "aic": 85.51012603256962,
    "fvalue": 9.616821217390331,
    "f_pvalue": 0.005671761606933242,
    "mse_model": 521.7266085776358,
    "rmse_model": 22.841335525262874
}