{
    "coefs": {
        "const": -6.0772995250913056,
        "ndvi_mean": 122.3306698581479,
        "ndmi_mean": 92.23859237979312
    },
    "p_values": {
        "const": 0.9437534844448862,
        "ndvi_mean": 0.4992083765123678,
        "ndmi_mean": 0.5238022094096386
    },
    "rsquared": 0.5213690323686133,
    "aic": 166.620437101598,
    "fvalue": 10.348276944997714,
    "f_pvalue": 0.0009120266842102026,
    "mse_model": 1039.4795082849228,
    "rmse_model": 32.240960101785475
}