{
    "coefs": {
        "const": -64.23479250528642,
        "gndvi_mean": 284.9619957140669,
        "msi_mean": -11.168632828611017
    },
    "p_values": {
        "const": 0.481036040324645,
        "gndvi_mean": 0.021681126189208068,
        "msi_mean": 0.7828876108024039
    },
    "rsquared": 0.5537525133775429,
    "aic": 165.07920120447073,
    "fvalue": 11.78863530840987,
    "f_pvalue": 0.0004687809331363975,
    "mse_model": 1104.0440735464763,
    "rmse_model": 33.22715867398951
}