{
    "coefs": {
        "const": -16.65251551700014,
        "cire_mean": 50.72505772231041,
        "msi_mean": 18.962369607575912
    },
    "p_values": {
        "const": 0.7618132219098908,
        "cire_mean": 0.0033793597921101966,
        "msi_mean": 0.6363336936156835
    },
    "rsquared": 0.6269093135631869,
    "aic": 161.14005316549583,
    "fvalue": 15.96297815882072,
    "f_pvalue": 8.555332123158471e-05,
    "mse_model": 1249.900443916604,
    "rmse_model": 35.35393109565899
}