{
    "coefs": {
        "const": -98.26043480711165,
        "ndre_mean": 351.2203995146699,
        "msi_mean": 41.65243238324381
    },
    "p_values": {
        "const": 0.24723810409074498,
        "ndre_mean": 0.0053482066887285025,
        "msi_mean": 0.39578396375473335
    },
    "rsquared": 0.6097744844423323,
    "aic": 162.1279257600945,
    "fvalue": 14.844897043504796,
    "f_pvalue": 0.0001310686418245284,
    "mse_model": 1215.7378783569,
    "rmse_model": 34.86743291894171
}