{
    "coefs": {
        "const": 11.566355095147294,
        "ndvi_mean": -238.91538238163167,
        "ndre_mean": 508.9872955146468
    },
    "p_values": {
        "const": 0.7683868452963211,
        "ndvi_mean": 0.25949930270454546,
        "ndre_mean": 0.029495331078024607
    },
    "rsquared": 0.6212049140389717,
    "aic": 161.47387833432424,
    "fvalue": 15.579522813496558,
    "f_pvalue": 9.881916850499391e-05,
    "mse_model": 1238.5272973651997,
    "rmse_model": 35.19271653858508
}