{
    "coefs": {
        "const": 6.407067323080849,
        "cire_mean": 47.2260305834915,
        "ndmi_mean": -13.667619555961574
    },
    "p_values": {
        "const": 0.746978711934593,
        "cire_mean": 0.027359808496456906,
        "ndmi_mean": 0.8824233132605798
    },
    "rsquared": 0.6228210760035044,
    "aic": 161.37981262063704,
    "fvalue": 15.686985262432811,
    "f_pvalue": 9.488563399354868e-05,
    "mse_model": 1241.7495202819869,
    "rmse_model": 35.23846648595802
}