{
    "coefs": {
        "const": -32.68756874475518,
        "gndvi_mean": 19.776389234007524,
        "ndre_mean": 248.52044395463042
    },
    "p_values": {
        "const": 0.5164352915538759,
        "gndvi_mean": 0.927799186212376,
        "ndre_mean": 0.1742282724973325
    },
    "rsquared": 0.5944509620440701,
    "aic": 162.97529934855066,
    "fvalue": 13.925033993132894,
    "f_pvalue": 0.00018897835631514806,
    "mse_model": 1185.1866055753649,
    "rmse_model": 34.4265392622518
}