{
    "coefs": {
        "const": -55.93832323099159,
        "gndvi_mean": 151.91513610161627,
        "ndre1_mean": 160.82140256615412
    },
    "p_values": {
        "const": 0.21566381443066968,
        "gndvi_mean": 0.3717251653770738,
        "ndre1_mean": 0.313172744904039
    },
    "rsquared": 0.5758797267220723,
    "aic": 163.96035551032958,
    "fvalue": 12.89930651410906,
    "f_pvalue": 0.00028916505580065324,
    "mse_model": 1148.1602051521318,
    "rmse_model": 33.88451276250157
}