{
    "coefs": {
        "const": -138.10726801934044,
        "ndvi_mean": 314.1525930602119,
        "msi_mean": 39.228877810994206
    },
    "p_values": {
        "const": 0.3355542316841129,
        "ndvi_mean": 0.04841671025903824,
        "msi_mean": 0.5664261032754629
    },
    "rsquared": 0.5193554380549683,
    "aic": 166.7127966762916,
    "fvalue": 10.265125317461626,
    "f_pvalue": 0.0009491357106826612,
    "mse_model": 1035.464904622093,
    "rmse_model": 32.17864050301213
}