{
    "coefs": {
        "const": -37.751312492100766,
        "ndre1_mean": -501.04903103179385,
        "ndre_mean": 698.9452865795799
    },
    "p_values": {
        "const": 0.07017383107822829,
        "ndre1_mean": 0.2880669577453375,
        "ndre_mean": 0.09739803634315904
    },
    "rsquared": 0.6182717996703817,
    "aic": 161.64357421927934,
    "fvalue": 15.386817352757408,
    "f_pvalue": 0.00010633232886351429,
    "mse_model": 1232.6794005928236,
    "rmse_model": 35.10953432606055
}