{
    "coefs": {
        "const": 4.133372411420424,
        "ndvi_mean": -123.10531290643922,
        "ndre1_mean": 437.2962812850021
    },
    "p_values": {
        "const": 0.9338912061656597,
        "ndvi_mean": 0.6147943254687438,
        "ndre1_mean": 0.14729427529583977
    },
    "rsquared": 0.563214409661084,
    "aic": 164.60771334974942,
    "fvalue": 12.249801756574998,
    "f_pvalue": 0.00038242728767849525,
    "mse_model": 1122.9087292617864,
    "rmse_model": 33.50983033770518
}