{
    "coefs": {
        "const": -84.75849283445602,
        "ndvi_mean": 44.38212289236034,
        "gndvi_mean": 257.5208520733577
    },
    "p_values": {
        "const": 0.019930851540736084,
        "ndvi_mean": 0.766482388647549,
        "gndvi_mean": 0.19027155825751915
    },
    "rsquared": 0.5540481387273475,
    "aic": 165.06462204579043,
    "fvalue": 11.802747729068793,
    "f_pvalue": 0.00046583897164800597,
    "mse_model": 1104.633476587649,
    "rmse_model": 33.23602678702208
}