{
    "coefs": {
        "const": -40.24149570640527,
        "ndre_mean": 303.5073132841788,
        "ndmi_mean": -31.825008277941933
    },
    "p_values": {
        "const": 0.39351317114841744,
        "ndre_mean": 0.0580756573311998,
        "ndmi_mean": 0.7838960707356691
    },
    "rsquared": 0.5959164936701626,
    "aic": 162.89565400520246,
    "fvalue": 14.009991997162897,
    "f_pvalue": 0.0001825894489711381,
    "mse_model": 1188.1085092548867,
    "rmse_model": 34.46894992968145
}