{
    "coefs": {
        "const": -41.92805228125456,
        "gndvi_mean": 207.43612056129706,
        "ndmi_mean": 75.14331469418994
    },
    "p_values": {
        "const": 0.4617738377510633,
        "gndvi_mean": 0.10658120241443399,
        "ndmi_mean": 0.33582538539124374
    },
    "rsquared": 0.5737909096309461,
    "aic": 164.06844084855967,
    "fvalue": 12.789529281916451,
    "f_pvalue": 0.0003029812331083029,
    "mse_model": 1143.995626076699,
    "rmse_model": 33.82300439163705
}