{
    "coefs": {
        "const": -293.3996044433883,
        "ndmi_mean": 757.3890055107615,
        "msi_mean": 327.42352265973426
    },
    "p_values": {
        "const": 0.026691230017744053,
        "ndmi_mean": 0.0015275204562311211,
        "msi_mean": 0.010646617377678894
    },
    "rsquared": 0.6550518963037646,
    "aic": 159.41464738181196,
    "fvalue": 18.040374619266753,
    "f_pvalue": 4.061259472029302e-05,
    "mse_model": 1306.0097182556306,
    "rmse_model": 36.13875645696225
}