{
    "coefs": {
        "const": 21.131435143702962,
        "ndvi_mean": -37.294187974039005,
        "cire_mean": 50.50286721360114
    },
    "p_values": {
        "const": 0.615473808752114,
        "ndvi_mean": 0.7624877772287422,
        "cire_mean": 0.027056062373977858
    },
    "rsquared": 0.6242340495468843,
    "aic": 161.29724228780242,
    "fvalue": 15.78169459884396,
    "f_pvalue": 9.15620553259808e-05,
    "mse_model": 1244.5666362841007,
    "rmse_model": 35.278416011551606
}