{
    "coefs": {
        "const": -104.59777114111631,
        "ndre1_mean": 419.90406288317763,
        "msi_mean": 51.81282783085652
    },
    "p_values": {
        "const": 0.28954772233108195,
        "ndre1_mean": 0.012817829776496342,
        "msi_mean": 0.37766103225107006
    },
    "rsquared": 0.5754306842513462,
    "aic": 163.9836359544533,
    "fvalue": 12.875616059885086,
    "f_pvalue": 0.000292086669467436,
    "mse_model": 1147.2649267261215,
    "rmse_model": 33.8712994543481
}