{
    "coefs": {
        "const": 31.096924110114063,
        "cire_mean": 72.49480030940127,
        "ndre1_mean": -198.92309895965323
    },
    "p_values": {
        "const": 0.3121917352389955,
        "cire_mean": 0.059559873125361394,
        "ndre1_mean": 0.43805106954605977
    },
    "rsquared": 0.6344479507819338,
    "aic": 160.69097062615916,
    "fvalue": 16.48809121798378,
    "f_pvalue": 7.047216548715097e-05,
    "mse_model": 1264.9306018714806,
    "rmse_model": 35.56586287258445
}