{
    "coefs": {
        "const": 16.890565945604834,
        "cire_mean": 53.176713412173186,
        "ndre_mean": -53.453679845539114
    },
    "p_values": {
        "const": 0.688638281749612,
        "cire_mean": 0.24222557970451344,
        "ndre_mean": 0.8436824484505154
    },
    "rsquared": 0.6231675535685229,
    "aic": 161.35959407416448,
    "fvalue": 15.710143367332021,
    "f_pvalue": 9.406081843792681e-05,
    "mse_model": 1242.4403099272427,
    "rmse_model": 35.24826676486722
}