{
    "coefs": {
        "const": -24.933234799279656,
        "ndre1_mean": 315.61058993459505,
        "ndmi_mean": -16.069352219480095
    },
    "p_values": {
        "const": 0.6494125178198352,
        "ndre1_mean": 0.1671063896509099,
        "ndmi_mean": 0.9135493007089782
    },
    "rsquared": 0.5574783041760234,
    "aic": 164.8947486394119,
    "fvalue": 11.967873981434913,
    "f_pvalue": 0.0004328908399653643,
    "mse_model": 1111.472368950947,
    "rmse_model": 33.33875176054057
}