{
    "coefs": {
        "const": -4.817076532052496,
        "gndvi_mean": 40.93720833947998,
        "cire_mean": 39.42331290275207
    },
    "p_values": {
        "const": 0.9278004359100992,
        "gndvi_mean": 0.7927904148612397,
        "cire_mean": 0.07202237610904316
    },
    "rsquared": 0.6237804150479467,
    "aic": 161.32378524565823,
    "fvalue": 15.751210675836322,
    "f_pvalue": 9.261755240438281e-05,
    "mse_model": 1243.6622025018437,
    "rmse_model": 35.265595167270945
}