{
    "coefs": {
        "const": -260.15192192660516,
        "ndre_mean": 843.6580662769479,
        "ndmi_mean": -663.1971535788516,
        "msi_mean": 77.97501584605902
    },
    "p_values": {
        "const": 0.10431053634427158,
        "ndre_mean": 0.03419827914965651,
        "ndmi_mean": 0.11730329678223586,
        "msi_mean": 0.523487984188622
    },
    "rsquared": 0.8011281245904621,
    "aic": 56.180545730567715,
    "fvalue": 5.371150800421596,
    "f_pvalue": 0.06904082097803906,
    "mse_model": 259.53213202878516,
    "rmse_model": 16.110000994065306
}