{
    "coefs": {
        "const": -192.30165239923258,
        "gndvi_mean": 352.2827824499823,
        "ndre1_mean": 463.25431282010936,
        "ndmi_mean": -702.5364762466193
    },
    "p_values": {
        "const": 0.25635510170236586,
        "gndvi_mean": 0.6993318393555754,
        "ndre1_mean": 0.7400460759500516,
        "ndmi_mean": 0.2725765956636118
    },
    "rsquared": 0.6178414976567819,
    "aic": 61.40594313010354,
    "fvalue": 2.1556203996281313,
    "f_pvalue": 0.2359707741799417,
    "mse_model": 200.15490184506166,
    "rmse_model": 14.147611170973764
}