{
    "coefs": {
        "const": -165.2757571387138,
        "ndre1_mean": -1843.0336206500638,
        "ndre_mean": 1867.7952610919583,
        "msi_mean": 98.25144385569655
    },
    "p_values": {
        "const": 0.5106747149060481,
        "ndre1_mean": 0.41899202168336025,
        "ndre_mean": 0.31362738127927603,
        "msi_mean": 0.6312314811380935
    },
    "rsquared": 0.6707083542137973,
    "aic": 60.21481008449406,
    "fvalue": 2.7157622036941036,
    "f_pvalue": 0.17939720186912592,
    "mse_model": 217.2815605838447,
    "rmse_model": 14.740473553581808
}