{
    "coefs": {
        "const": -176.56182173699642,
        "gndvi_mean": -106.9849815327484,
        "ndre_mean": 1001.2660198001515,
        "ndmi_mean": -861.0902675995629
    },
    "p_values": {
        "const": 0.16482820484133867,
        "gndvi_mean": 0.8332977586080009,
        "ndre_mean": 0.15023167483034455,
        "ndmi_mean": 0.02590483600637968
    },
    "rsquared": 0.7796671282762164,
    "aic": 57.000375177963576,
    "fvalue": 4.718116561101134,
    "f_pvalue": 0.08403582239452327,
    "mse_model": 252.57966343114927,
    "rmse_model": 15.89275506106947
}