{
    "coefs": {
        "const": -523.0949955396621,
        "gndvi_mean": 745.3546680077964,
        "ndmi_mean": -151.0735904266876,
        "msi_mean": 248.1942748696739
    },
    "p_values": {
        "const": 0.022469599091255534,
        "gndvi_mean": 0.017610067006223543,
        "ndmi_mean": 0.4737054857478303,
        "msi_mean": 0.058692068450785215
    },
    "rsquared": 0.8549707346724005,
    "aic": 53.65474394412925,
    "fvalue": 7.860213433393586,
    "f_pvalue": 0.0374761437923498,
    "mse_model": 276.9748942532464,
    "rmse_model": 16.6425627309392
}