{
    "coefs": {
        "const": -141.6054747431649,
        "ndvi_mean": -142.8874884344723,
        "ndre_mean": 942.8274503179658,
        "ndmi_mean": -743.0456672700616
    },
    "p_values": {
        "const": 0.32445310506999986,
        "ndvi_mean": 0.6411705409310728,
        "ndre_mean": 0.029761262281204515,
        "ndmi_mean": 0.0649183854191323
    },
    "rsquared": 0.7901788018938245,
    "aic": 56.609305372511486,
    "fvalue": 5.021283575577026,
    "f_pvalue": 0.07652481761232113,
    "mse_model": 255.98500769685356,
    "rmse_model": 15.999531483667063
}