{
    "coefs": {
        "const": -719.1656579999562,
        "gndvi_mean": 1038.3126134495606,
        "cire_mean": -34.54904335220769,
        "msi_mean": 338.3566029133211
    },
    "p_values": {
        "const": 0.010629922197233608,
        "gndvi_mean": 0.01891341374424935,
        "cire_mean": 0.19355904267649404,
        "msi_mean": 0.004488428790321698
    },
    "rsquared": 0.8958077165356038,
    "aic": 51.00916410118276,
    "fvalue": 11.463519648480334,
    "f_pvalue": 0.019633693273456043,
    "mse_model": 290.2043748360133,
    "rmse_model": 17.035385960876063
}