{
    "coefs": {
        "const": -783.5029930456149,
        "ndvi_mean": 702.9730571978807,
        "ndre_mean": 81.6395789255489,
        "msi_mean": 478.65043511262934
    },
    "p_values": {
        "const": 0.2743639110768917,
        "ndvi_mean": 0.47886804409631306,
        "ndre_mean": 0.8739442889660269,
        "msi_mean": 0.20094083849344416
    },
    "rsquared": 0.6563211808440733,
    "aic": 60.556919976856676,
    "fvalue": 2.5462578984102833,
    "f_pvalue": 0.19418417030573876,
    "mse_model": 212.62071587761125,
    "rmse_model": 14.581519669691883
}