{
    "coefs": {
        "const": -74.54213674683422,
        "cire_mean": 40.49346817457959,
        "ndre1_mean": 486.0213041552406,
        "ndmi_mean": -710.4222532123003
    },
    "p_values": {
        "const": 0.6162459648993042,
        "cire_mean": 0.4609923607143785,
        "ndre1_mean": 0.5458947546238366,
        "ndmi_mean": 0.15324071599814115
    },
    "rsquared": 0.6581010737888029,
    "aic": 60.51538077682907,
    "fvalue": 2.566454677435994,
    "f_pvalue": 0.1923293406480817,
    "mse_model": 213.19732702949761,
    "rmse_model": 14.601278266970246
}