{
    "coefs": {
        "const": -51.427494219943014,
        "ndvi_mean": -834.8515870987076,
        "gndvi_mean": 1171.096846392415,
        "ndre_mean": -59.45749996697623
    },
    "p_values": {
        "const": 0.609045553156434,
        "ndvi_mean": 0.023173988021558747,
        "gndvi_mean": 0.06433495016618791,
        "ndre_mean": 0.8805760232868634
    },
    "rsquared": 0.7910433008856247,
    "aic": 56.576275922750774,
    "fvalue": 5.047573998111038,
    "f_pvalue": 0.07592124313309531,
    "mse_model": 256.26506934940545,
    "rmse_model": 16.008281274059545
}