{
    "coefs": {
        "const": -43.30263544685636,
        "ndvi_mean": -386.65143364858704,
        "ndre1_mean": 1271.3129750143667,
        "ndmi_mean": -733.3002383289049
    },
    "p_values": {
        "const": 0.7887392740544699,
        "ndvi_mean": 0.40197192759838324,
        "ndre1_mean": 0.07743013025684801,
        "ndmi_mean": 0.12163921839665558
    },
    "rsquared": 0.6730768835216738,
    "aic": 60.157059732515336,
    "fvalue": 2.745097545756027,
    "f_pvalue": 0.17700842574555412,
    "mse_model": 218.04886539087556,
    "rmse_model": 14.766477758452607
}