{
    "coefs": {
        "const": -419.8243488524424,
        "ndvi_mean": -245.58178212284565,
        "gndvi_mean": 823.8852889652778,
        "msi_mean": 222.74160868568333
    },
    "p_values": {
        "const": 0.28913462070353146,
        "ndvi_mean": 0.689727098357318,
        "gndvi_mean": 0.0975670463168414,
        "msi_mean": 0.32641745227692986
    },
    "rsquared": 0.839729498398721,
    "aic": 54.454163710737106,
    "fvalue": 6.985935153455339,
    "f_pvalue": 0.04550669626690669,
    "mse_model": 272.0373687520857,
    "rmse_model": 16.493555370267675
}