{
    "coefs": {
        "const": -256.27460746332736,
        "cire_mean": -28.786558126979116,
        "ndre_mean": 1192.2150551383165,
        "ndmi_mean": -931.6613344137513
    },
    "p_values": {
        "const": 0.1679555457292378,
        "cire_mean": 0.6467018502283791,
        "ndre_mean": 0.14761720529417988,
        "ndmi_mean": 0.03308899724973183
    },
    "rsquared": 0.7897556169319866,
    "aic": 56.62542419296116,
    "fvalue": 5.008492849495075,
    "f_pvalue": 0.07682106403054552,
    "mse_model": 255.84791340192479,
    "rmse_model": 15.99524658771864
}