{
    "coefs": {
        "const": -241.95286771785334,
        "gndvi_mean": 856.738232485407,
        "ndre1_mean": -3084.0414046533333,
        "ndre_mean": 2157.5648667854634
    },
    "p_values": {
        "const": 0.057500400562555495,
        "gndvi_mean": 0.08020233339182488,
        "ndre1_mean": 0.011475640928148567,
        "ndre_mean": 0.032139979055542466
    },
    "rsquared": 0.8509444921408926,
    "aic": 53.8738097092264,
    "fvalue": 7.611880114221037,
    "f_pvalue": 0.03952652696180056,
    "mse_model": 275.67055943314335,
    "rmse_model": 16.603329769451168
}