{
    "coefs": {
        "const": -974.3972541954234,
        "ndvi_mean": 1103.507355207124,
        "ndmi_mean": -283.45197478738646,
        "msi_mean": 511.01902241898597
    },
    "p_values": {
        "const": 0.0656308589404097,
        "ndvi_mean": 0.07479012398958725,
        "ndmi_mean": 0.40957448200073154,
        "msi_mean": 0.05761690732196843
    },
    "rsquared": 0.7143298024299454,
    "aic": 59.07796344952119,
    "fvalue": 3.3340535508247924,
    "f_pvalue": 0.1375577789179853,
    "mse_model": 231.4130922455344,
    "rmse_model": 15.212267820595796
}