{
    "coefs": {
        "const": -1032.1969523465882,
        "ndvi_mean": 1154.6455704840341,
        "ndre1_mean": -229.4592798514118,
        "msi_mean": 591.6588380476495
    },
    "p_values": {
        "const": 0.1935131507978435,
        "ndvi_mean": 0.33521552842704394,
        "ndre1_mean": 0.763953711883164,
        "msi_mean": 0.1308179015515074
    },
    "rsquared": 0.6625823416778216,
    "aic": 60.40983157055229,
    "fvalue": 2.6182480390328373,
    "f_pvalue": 0.18769106097213006,
    "mse_model": 214.6490711060443,
    "rmse_model": 14.650906835620937
}