{
    "coefs": {
        "const": -77.6643746821901,
        "ndvi_mean": -735.6209177004644,
        "gndvi_mean": 1089.5832635545603,
        "ndmi_mean": -95.69154630564117
    },
    "p_values": {
        "const": 0.5535873663408868,
        "ndvi_mean": 0.12532342780462535,
        "gndvi_mean": 0.027984995448376876,
        "ndmi_mean": 0.7389988353584316
    },
    "rsquared": 0.7962048425789392,
    "aic": 56.37618240154973,
    "fvalue": 5.209183918823625,
    "f_pvalue": 0.07236268529883148,
    "mse_model": 257.9371937938022,
    "rmse_model": 16.06042321340886
}