{
    "coefs": {
        "const": 72.78555674824696,
        "ndvi_mean": -1214.610070807409,
        "cire_mean": -137.82332418259318,
        "ndre_mean": 2251.57815692203
    },
    "p_values": {
        "const": 0.5664048013376829,
        "ndvi_mean": 0.18714802616295567,
        "cire_mean": 0.43206617514108314,
        "ndre_mean": 0.3021089694539549
    },
    "rsquared": 0.5425078779801462,
    "aic": 62.845336848428424,
    "fvalue": 1.5811066518768835,
    "f_pvalue": 0.32620467574537154,
    "mse_model": 175.74994797065153,
    "rmse_model": 13.257071621238664
}