{
    "coefs": {
        "const": -131.9090095779311,
        "gndvi_mean": 375.90166126760664,
        "cire_mean": 42.11938124979653,
        "ndmi_mean": -578.7942550175038
    },
    "p_values": {
        "const": 0.38457641794481534,
        "gndvi_mean": 0.3334112473901628,
        "cire_mean": 0.2996638214725885,
        "ndmi_mean": 0.037839142171466264
    },
    "rsquared": 0.7089017532272834,
    "aic": 59.22854615265652,
    "fvalue": 3.247021746490875,
    "f_pvalue": 0.1425096173075879,
    "mse_model": 229.65463047258868,
    "rmse_model": 15.154360114257173
}