{
    "coefs": {
        "const": -916.3993965071256,
        "ndvi_mean": 907.8843656474196,
        "cire_mean": -4.435243943644437,
        "msi_mean": 542.3811785103761
    },
    "p_values": {
        "const": 0.21398512935593406,
        "ndvi_mean": 0.2751663495636357,
        "cire_mean": 0.9150782877041213,
        "msi_mean": 0.1500258361138048
    },
    "rsquared": 0.6549768985635558,
    "aic": 60.58815053271928,
    "fvalue": 2.531142198253479,
    "f_pvalue": 0.19558976008691675,
    "mse_model": 212.18522443048528,
    "rmse_model": 14.566579022903259
}