{
    "coefs": {
        "const": -568.6088880802139,
        "gndvi_mean": 1054.9082279691715,
        "ndre1_mean": -435.52123064361695,
        "msi_mean": 255.76263482555595
    },
    "p_values": {
        "const": 0.010133154264503334,
        "gndvi_mean": 0.027692955601817962,
        "ndre1_mean": 0.23941260674452586,
        "msi_mean": 0.01813922018306214
    },
    "rsquared": 0.8864713164403081,
    "aic": 51.69570371756848,
    "fvalue": 10.411128872398871,
    "f_pvalue": 0.023231493753942702,
    "mse_model": 287.17977022180816,
    "rmse_model": 16.946379265843433
}