{
    "coefs": {
        "const": 31.49016981038926,
        "gndvi_mean": 986.2035494582215,
        "cire_mean": 127.91894943917319,
        "ndre_mean": -1729.6289241255304
    },
    "p_values": {
        "const": 0.8424831720838195,
        "gndvi_mean": 0.2386589004574209,
        "cire_mean": 0.16047878352374711,
        "ndre_mean": 0.12718845430030867
    },
    "rsquared": 0.49517348470113365,
    "aic": 63.632978218458696,
    "fvalue": 1.307838025393686,
    "f_pvalue": 0.3876960003640263,
    "mse_model": 160.4155768146381,
    "rmse_model": 12.66552710370311
}