{
    "coefs": {
        "const": -78.91644873563689,
        "ndvi_mean": -767.4789783244495,
        "gndvi_mean": 1223.6588047232308,
        "ndre1_mean": -192.01633161243853
    },
    "p_values": {
        "const": 0.5330866849634658,
        "ndvi_mean": 0.06220422294539021,
        "gndvi_mean": 0.04239304884764189,
        "ndre1_mean": 0.7184709505695039
    },
    "rsquared": 0.7972939977406286,
    "aic": 56.33331284540452,
    "fvalue": 5.244337374351354,
    "f_pvalue": 0.0716216932428747,
    "mse_model": 258.2900346847245,
    "rmse_model": 16.071404253665094
}