{
    "coefs": {
        "const": -207.82674501798465,
        "ndvi_mean": 531.5043973665811,
        "ndre1_mean": -4617.501250117645,
        "ndre_mean": 3690.419905347355
    },
    "p_values": {
        "const": 0.38800465581927307,
        "ndvi_mean": 0.4891796961714741,
        "ndre1_mean": 0.15334363076976312,
        "ndre_mean": 0.10542895445290411
    },
    "rsquared": 0.6929679196291731,
    "aic": 59.65487743651776,
    "fvalue": 3.009318195858539,
    "f_pvalue": 0.1574696292381145,
    "mse_model": 224.4927322965342,
    "rmse_model": 14.983081535402995
}