{
    "coefs": {
        "const": -320.9666542365977,
        "ndre1_mean": 961.7143600378374,
        "ndmi_mean": -579.4928898802955,
        "msi_mean": 162.41110856019748
    },
    "p_values": {
        "const": 0.1217475962647904,
        "ndre1_mean": 0.07522503658460326,
        "ndmi_mean": 0.21879319817648216,
        "msi_mean": 0.2788535346745007
    },
    "rsquared": 0.7135781588761064,
    "aic": 59.09898507360957,
    "fvalue": 3.321805143891215,
    "f_pvalue": 0.1382390409224809,
    "mse_model": 231.16959105257197,
    "rmse_model": 15.204262265975682
}