{
    "coefs": {
        "const": 123.12599223195207,
        "ndvi_mean": 308.92933466083196,
        "cire_mean": 117.04082500190748,
        "ndre1_mean": -1295.488677049103
    },
    "p_values": {
        "const": 0.5855651891893341,
        "ndvi_mean": 0.8905684620643862,
        "cire_mean": 0.6450056014008021,
        "ndre1_mean": 0.7732962686179277
    },
    "rsquared": 0.39661494646663575,
    "aic": 65.05970397696865,
    "fvalue": 0.8764219887871978,
    "f_pvalue": 0.5241541555213175,
    "mse_model": 128.48671703242053,
    "rmse_model": 11.335198147029478
}