{
    "coefs": {
        "const": -597.0755842617775,
        "gndvi_mean": 992.3976467954753,
        "ndre_mean": -283.58864825448836,
        "msi_mean": 293.47370287256194
    },
    "p_values": {
        "const": 0.013429405667588514,
        "gndvi_mean": 0.04928592485006979,
        "ndre_mean": 0.3759078040061649,
        "msi_mean": 0.009267397481808118
    },
    "rsquared": 0.865622279711057,
    "aic": 53.044496670421836,
    "fvalue": 8.588946420083824,
    "f_pvalue": 0.03230058264654691,
    "mse_model": 280.4255510313945,
    "rmse_model": 16.745911472099525
}