{
    "coefs": {
        "const": -174.4409763758847,
        "ndre1_mean": -1308.7322138833224,
        "ndre_mean": 1848.2332433096844,
        "ndmi_mean": -595.7229129427674
    },
    "p_values": {
        "const": 0.05920299369089076,
        "ndre1_mean": 0.2298900056726191,
        "ndre_mean": 0.06046682191624568,
        "ndmi_mean": 0.07973293985015661
    },
    "rsquared": 0.8513387907347797,
    "aic": 53.852619158518365,
    "fvalue": 7.635605772728884,
    "f_pvalue": 0.03932346404601126,
    "mse_model": 275.7982957484547,
    "rmse_model": 16.607176031717575
}