{
    "coefs": {
        "const": 13.97352156170075,
        "cire_mean": 66.74988682113835,
        "ndmi_mean": -469.99328066638327,
        "msi_mean": 0.37843074515944863
    },
    "p_values": {
        "const": 0.9388817203591733,
        "cire_mean": 0.1417704194884939,
        "ndmi_mean": 0.3547222021916403,
        "msi_mean": 0.9983759407317339
    },
    "rsquared": 0.6209802678883665,
    "aic": 61.33996566768977,
    "fvalue": 2.1845134180875756,
    "f_pvalue": 0.23244515255120415,
    "mse_model": 201.17173261800204,
    "rmse_model": 14.183502128106515
}