{
    "coefs": {
        "const": -69.35350473004655,
        "ndvi_mean": 183.96697965875865,
        "cire_mean": 66.45534944474602,
        "ndmi_mean": -647.3776731865742
    },
    "p_values": {
        "const": 0.6840591425193123,
        "ndvi_mean": 0.6203227234915771,
        "cire_mean": 0.09220131315610008,
        "ndmi_mean": 0.1589750755368102
    },
    "rsquared": 0.6463858366685606,
    "aic": 60.784910605973224,
    "fvalue": 2.4372547018625648,
    "f_pvalue": 0.20466749272718032,
    "mse_model": 209.4020783374191,
    "rmse_model": 14.4707317830654
}