{
    "coefs": {
        "const": -124.37388592145805,
        "gndvi_mean": 1103.9204594146186,
        "cire_mean": 79.37638837191462,
        "ndre1_mean": -1587.0916524357624
    },
    "p_values": {
        "const": 0.3673424621131711,
        "gndvi_mean": 0.07481672803233559,
        "cire_mean": 0.09835227173184459,
        "ndre1_mean": 0.02724654901737069
    },
    "rsquared": 0.7506863859506121,
    "aic": 57.98895231405201,
    "fvalue": 4.0146832136860615,
    "f_pvalue": 0.10635466417004724,
    "mse_model": 243.19111044858371,
    "rmse_model": 15.594585933861268
}