{
    "coefs": {
        "const": -811.4702477309061,
        "cire_mean": -139.6469705978351,
        "ndre_mean": 1771.6319445858903,
        "msi_mean": 448.508149902755
    },
    "p_values": {
        "const": 0.09718478634085906,
        "cire_mean": 0.22971853668110503,
        "ndre_mean": 0.14256870409086778,
        "msi_mean": 0.053783427134910765
    },
    "rsquared": 0.736235206224338,
    "aic": 58.43972171581555,
    "fvalue": 3.721675389579717,
    "f_pvalue": 0.11834125898895177,
    "mse_model": 238.5095303497595,
    "rmse_model": 15.443753764864276
}