{
    "coefs": {
        "const": -140.06250496628348,
        "cire_mean": -48.546843194851846,
        "ndre1_mean": -3417.3350039930674,
        "ndre_mean": 3491.2428224231126
    },
    "p_values": {
        "const": 0.43813533361090623,
        "cire_mean": 0.5863111279896571,
        "ndre1_mean": 0.08399167698210798,
        "ndre_mean": 0.1344118640782264
    },
    "rsquared": 0.6767672716167011,
    "aic": 60.066240209578325,
    "fvalue": 2.791661496250345,
    "f_pvalue": 0.17331255867371387,
    "mse_model": 219.2443973674938,
    "rmse_model": 14.80690370629504
}