{
    "coefs": {
        "const": -82.29455156605013,
        "ndvi_mean": -874.5518807493643,
        "gndvi_mean": 1270.1302842533541,
        "cire_mean": -14.446895321293908
    },
    "p_values": {
        "const": 0.4658829765486913,
        "ndvi_mean": 0.01683598308701109,
        "gndvi_mean": 0.04364608328998574,
        "cire_mean": 0.6458570835008487
    },
    "rsquared": 0.8018930996314937,
    "aic": 56.14971381573217,
    "fvalue": 5.397039666562927,
    "f_pvalue": 0.06853105553247477,
    "mse_model": 259.7799520681193,
    "rmse_model": 16.117690655553584
}