{
    "coefs": {
        "const": -518.5078564147537,
        "cire_mean": -41.39232076820261,
        "ndre1_mean": 997.9161312486322,
        "msi_mean": 371.4608110867624
    },
    "p_values": {
        "const": 0.36726113477810807,
        "cire_mean": 0.716447093683545,
        "ndre1_mean": 0.49217787418001246,
        "msi_mean": 0.2570784794659838
    },
    "rsquared": 0.577587488345374,
    "aic": 62.207118347702576,
    "fvalue": 1.823138827281778,
    "f_pvalue": 0.28290386857180844,
    "mse_model": 187.11428007855343,
    "rmse_model": 13.678972186482193
}