{"A": -5.701191377543191, "omega": 0.015611700956554678, "phi": 1.3422283680229106, "offset": 47.91974777602468, "mse": 97.34530298695304, "r2": 0.14522190277645763}