{
    "coefs": {
        "const": -152.32660507338005,
        "ndvi_max": 155.86846850893255,
        "ndre1_max": 205.556044417689
    },
    "p_values": {
        "const": 0.13047268884197463,
        "ndvi_max": 0.5931422155105137,
        "ndre1_max": 0.5017319379346842
    },
    "rsquared": 0.7474897325676229,
    "aic": 69.74228584150477,
    "fvalue": 10.360822514622335,
    "f_pvalue": 0.008090523924794257,
    "mse_model": 508.2930181459835,
    "rmse_model": 22.54535469106626
}