{
    "coefs": {
        "const": -65.90332841842604,
        "cire_max": 14.546018383278653,
        "ndre1_max": 195.94826719768201
    },
    "p_values": {
        "const": 0.4537564756961854,
        "cire_max": 0.5833367465266935,
        "ndre1_max": 0.5334504309611339
    },
    "rsquared": 0.7480854908043361,
    "aic": 69.71866453893092,
    "fvalue": 10.39360228267568,
    "f_pvalue": 0.008023911611628838,
    "mse_model": 508.69813374694854,
    "rmse_model": 22.554337359961355
}