{
    "coefs": {
        "const": -198.91239608976628,
        "gndvi_max": 557.7560521737388,
        "ndre1_max": -204.88046522922178
    },
    "p_values": {
        "const": 0.011901486938876363,
        "gndvi_max": 0.10377454275624554,
        "ndre1_max": 0.5302980768957588
    },
    "rsquared": 0.824034888926918,
    "aic": 66.13062416011438,
    "fvalue": 16.39030654233712,
    "f_pvalue": 0.0022855619006885734,
    "mse_model": 560.3437244703043,
    "rmse_model": 23.6715805232837
}