{
    "coefs": {
        "const": -109.52119386756061,
        "ndre1_max": 104.31618058644995,
        "ndre_max": 225.4750139214703
    },
    "p_values": {
        "const": 0.02417248804440618,
        "ndre1_max": 0.7131257670124198,
        "ndre_max": 0.3575646656247857
    },
    "rsquared": 0.7682879896292262,
    "aic": 68.88271939126841,
    "fvalue": 11.604957202690866,
    "f_pvalue": 0.005988525571020057,
    "mse_model": 522.4358329478738,
    "rmse_model": 22.856855272496997
}