{
    "coefs": {
        "const": -163.24776689407616,
        "gndvi_max": 301.2340860729197,
        "ndre_max": 58.98514098702367
    },
    "p_values": {
        "const": 0.016945715765268182,
        "gndvi_max": 0.2016744230513962,
        "ndre_max": 0.7615547672814023
    },
    "rsquared": 0.8157025572348556,
    "aic": 66.59327662350177,
    "fvalue": 15.491039416972013,
    "f_pvalue": 0.0026873088482694324,
    "mse_model": 554.6777389197018,
    "rmse_model": 23.55159737511878
}