{
    "coefs": {
        "const": -86.31169330047541,
        "cire_max": 7.25660792866077,
        "ndre_max": 240.18502237815028
    },
    "p_values": {
        "const": 0.28833376652722126,
        "cire_max": 0.771092907837748,
        "ndre_max": 0.34741957178772304
    },
    "rsquared": 0.7664855104721106,
    "aic": 68.96020801999595,
    "fvalue": 11.488363279195925,
    "f_pvalue": 0.00615316296875319,
    "mse_model": 521.2101471210351,
    "rmse_model": 22.830027313190737
}