{
    "coefs": {
        "const": -116.39971486337693,
        "ndvi_max": -449.65827569364,
        "gndvi_max": 809.0457004334112
    },
    "p_values": {
        "const": 0.08367551543218787,
        "ndvi_max": 0.22585054142936423,
        "gndvi_max": 0.04854427617903496
    },
    "rsquared": 0.8506955181042372,
    "aic": 64.4876439665343,
    "fvalue": 19.942029037303318,
    "f_pvalue": 0.0012860414213701102,
    "mse_model": 578.4729523108813,
    "rmse_model": 24.05146466040855
}