{
    "coefs": {
        "const": -150.5102253277353,
        "ndvi_max": 137.28758909657876,
        "ndre_max": 199.88207456081727
    },
    "p_values": {
        "const": 0.0590960271898524,
        "ndvi_max": 0.45602487342197073,
        "ndre_max": 0.2311800101614133
    },
    "rsquared": 0.7827517161124677,
    "aic": 68.23817538025696,
    "fvalue": 12.610599068354084,
    "f_pvalue": 0.004779112355453807,
    "mse_model": 532.271166956478,
    "rmse_model": 23.071002729757502
}