{
    "coefs": {
        "const": -142.39196777253653,
        "gndvi_max": 290.7708217616233,
        "cire_max": 7.206586716351662
    },
    "p_values": {
        "const": 0.08863626010001889,
        "gndvi_max": 0.107814663180647,
        "cire_max": 0.619510107655206
    },
    "rsquared": 0.8200171302165383,
    "aic": 66.35638351655064,
    "fvalue": 15.946295106922502,
    "f_pvalue": 0.0024734839855748226,
    "mse_model": 557.6116485472461,
    "rmse_model": 23.61380207732855
}