{
    "coefs": {
        "const": -116.20663914666136,
        "ndvi_max": 181.47940595055752,
        "cire_max": 16.53266113901129
    },
    "p_values": {
        "const": 0.21776318505054412,
        "ndvi_max": 0.25838760228893753,
        "cire_max": 0.24416589245093478
    },
    "rsquared": 0.7801704669688785,
    "aic": 68.3562906930577,
    "fvalue": 12.4214276250339,
    "f_pvalue": 0.0049808232521133524,
    "mse_model": 530.5159175388374,
    "rmse_model": 23.03293115386831
}