{
    "coefs": {
        "const": 74.53274417451524,
        "gndvi_mean": -273.4643510195967,
        "cire_mean": 98.41442156040185,
        "ndmi_mean": -52.44272978803737
    },
    "p_values": {
        "const": 0.2819777381883829,
        "gndvi_mean": 0.16749042534628295,
        "cire_mean": 0.009999937976834369,
        "ndmi_mean": 0.5408422874078156
    },
    "rsquared": 0.8582239064459041,
    "aic": 65.97025680340576,
    "fvalue": 12.106750650714483,
    "f_pvalue": 0.005892431719236229,
    "mse_model": 389.06150425547656,
    "rmse_model": 19.72464205646015
}