{
    "coefs": {
        "const": 161.37272639903722,
        "cire_mean": 161.35401536818472,
        "ndre1_mean": -1096.527090707984,
        "ndmi_mean": 224.65454213582234
    },
    "p_values": {
        "const": 0.11328978159671106,
        "cire_mean": 0.014725959550401459,
        "ndre1_mean": 0.07778992857788627,
        "ndmi_mean": 0.15652238946443459
    },
    "rsquared": 0.8858572308530452,
    "aic": 63.80226698946118,
    "fvalue": 15.52191588610464,
    "f_pvalue": 0.0031104863013923264,
    "mse_model": 401.5886113200472,
    "rmse_model": 20.039675928518584
}