{
    "coefs": {
        "const": 262.8611416041042,
        "cire_mean": 188.73713329315711,
        "ndre_mean": -1014.4513435988799,
        "msi_mean": -85.49284525489423
    },
    "p_values": {
        "const": 0.11539532816896471,
        "cire_mean": 0.01236561073830384,
        "ndre_mean": 0.058374988183604135,
        "msi_mean": 0.2179971472435677
    },
    "rsquared": 0.9000831869421326,
    "aic": 62.47114643534652,
    "fvalue": 18.01665124008397,
    "f_pvalue": 0.002098581052772798,
    "mse_model": 408.0377114137668,
    "rmse_model": 20.19994335174648
}