{
    "coefs": {
        "const": 172.66110958986852,
        "ndvi_mean": -437.9081274719365,
        "cire_mean": 89.30690828113238,
        "ndmi_mean": 159.00889248155545
    },
    "p_values": {
        "const": 0.10577268419673569,
        "ndvi_mean": 0.0738871456943237,
        "cire_mean": 0.002484575408409311,
        "ndmi_mean": 0.2048936543961378
    },
    "rsquared": 0.8875661634854621,
    "aic": 63.651416019266314,
    "fvalue": 15.788239394831978,
    "f_pvalue": 0.002974947766845956,
    "mse_model": 402.36332744674286,
    "rmse_model": 20.058996172459448
}