{
    "coefs": {
        "const": 170.69040964313774,
        "ndvi_mean": -824.888765201074,
        "ndre_mean": 901.7810495593799,
        "ndmi_mean": 182.791932801879
    },
    "p_values": {
        "const": 0.1817329330023908,
        "ndvi_mean": 0.047369581956231276,
        "ndre_mean": 0.008864540582744032,
        "ndmi_mean": 0.23472238463730288
    },
    "rsquared": 0.8308228886495175,
    "aic": 67.73722835478432,
    "fvalue": 9.821930189224117,
    "f_pvalue": 0.009895411054222364,
    "mse_model": 376.6397095211146,
    "rmse_model": 19.407207669345805
}