{
    "coefs": {
        "const": -84.11568991813891,
        "gndvi_mean": -154.07534893477873,
        "ndre1_mean": 791.3387088082522,
        "ndmi_mean": -172.2014958615043
    },
    "p_values": {
        "const": 0.2943162288171581,
        "gndvi_mean": 0.6079803132947421,
        "ndre1_mean": 0.14337288088361988,
        "ndmi_mean": 0.422516540349243
    },
    "rsquared": 0.6830535392604344,
    "aic": 74.01509539210377,
    "fvalue": 4.310214019532455,
    "f_pvalue": 0.06076088196889785,
    "mse_model": 309.6509377980636,
    "rmse_model": 17.596901369220195
}