{
    "coefs": {
        "const": 150.56439818154956,
        "ndvi_mean": -645.200834993876,
        "gndvi_mean": -363.6839401405804,
        "ndre_mean": 1227.0232271628015
    },
    "p_values": {
        "const": 0.128359480985678,
        "ndvi_mean": 0.036597979558609176,
        "gndvi_mean": 0.14199141005158805,
        "ndre_mean": 0.007986696894867525
    },
    "rsquared": 0.8520583291160972,
    "aic": 66.39594753594085,
    "fvalue": 11.518841500509343,
    "f_pvalue": 0.0066776789940590124,
    "mse_model": 386.2664425326307,
    "rmse_model": 19.653662318576423
}