{
    "coefs": {
        "const": 155.11406132798066,
        "ndvi_mean": -815.1904454654964,
        "ndre1_mean": 1243.5678829771418,
        "msi_mean": -20.241495578968255
    },
    "p_values": {
        "const": 0.47388015511624404,
        "ndvi_mean": 0.07829792379926034,
        "ndre1_mean": 0.008333878656201337,
        "msi_mean": 0.8190105930963604
    },
    "rsquared": 0.840816706818704,
    "aic": 67.12832998738168,
    "fvalue": 10.56413257968079,
    "f_pvalue": 0.008278799208388357,
    "mse_model": 381.1702404244791,
    "rmse_model": 19.52358164949452
}