{
    "coefs": {
        "const": 116.33019186229939,
        "ndvi_mean": -165.00793351997555,
        "gndvi_mean": -191.24718550747025,
        "cire_mean": 101.21354688159178
    },
    "p_values": {
        "const": 0.14762426861041758,
        "ndvi_mean": 0.28707020414023715,
        "gndvi_mean": 0.29813508952886314,
        "cire_mean": 0.004554411244637391
    },
    "rsquared": 0.8764031562594681,
    "aic": 64.5980168178096,
    "fvalue": 14.181642989190081,
    "f_pvalue": 0.003933768967007332,
    "mse_model": 397.3027641709589,
    "rmse_model": 19.93245504625456
}