{
    "coefs": {
        "const": -651.5292018737537,
        "gndvi_mean": 232.15552984368833,
        "ndmi_mean": 1025.4286147002767,
        "msi_mean": 568.9661841704165
    },
    "p_values": {
        "const": 0.013908411038412616,
        "gndvi_mean": 0.08457754425560578,
        "ndmi_mean": 0.01302119879758673,
        "msi_mean": 0.01914232994541204
    },
    "rsquared": 0.8260707224558109,
    "aic": 68.01425438858769,
    "fvalue": 9.498926622585858,
    "f_pvalue": 0.01073084619713777,
    "mse_model": 374.4853941799676,
    "rmse_model": 19.351625104367013
}