{
    "coefs": {
        "const": 143.0452398903995,
        "ndvi_mean": -817.24875204191,
        "ndre1_mean": 1211.124676368941,
        "ndmi_mean": 56.42032492045783
    },
    "p_values": {
        "const": 0.22032156399650954,
        "ndvi_mean": 0.04027496020572333,
        "ndre1_mean": 0.006852606303077865,
        "ndmi_mean": 0.6808073374021266
    },
    "rsquared": 0.844148890659371,
    "aic": 66.91677797353384,
    "fvalue": 10.832760757761372,
    "f_pvalue": 0.0077807779722912866,
    "mse_model": 382.68083043224823,
    "rmse_model": 19.562229689691517
}