{
    "coefs": {
        "const": -767.1454227707965,
        "ndvi_mean": 316.32018252029764,
        "ndmi_mean": 1014.9271822603991,
        "msi_mean": 634.9237419571507
    },
    "p_values": {
        "const": 0.023172587268593874,
        "ndvi_mean": 0.20301664370130676,
        "ndmi_mean": 0.023973186704195994,
        "msi_mean": 0.02099184418046703
    },
    "rsquared": 0.7780687825818149,
    "aic": 70.45144175578244,
    "fvalue": 7.011801148422481,
    "f_pvalue": 0.021823681305166022,
    "mse_model": 352.72451477042273,
    "rmse_model": 18.78096149749588
}