{
    "coefs": {
        "const": 120.98583630528196,
        "gndvi_mean": -243.40385779886503,
        "cire_mean": 131.53957907269137,
        "ndre1_mean": -362.3201059949346
    },
    "p_values": {
        "const": 0.12348659571418867,
        "gndvi_mean": 0.16729786377751027,
        "cire_mean": 0.012538503318733973,
        "ndre1_mean": 0.22472459881094575
    },
    "rsquared": 0.8837716216968257,
    "aic": 63.98333707240892,
    "fvalue": 15.20750155167035,
    "f_pvalue": 0.0032813047658592364,
    "mse_model": 400.64313516922766,
    "rmse_model": 20.016071921564123
}