{
    "coefs": {
        "const": 78.92373978992305,
        "ndvi_mean": -575.1884793571771,
        "gndvi_mean": 535.1780544040314,
        "ndmi_mean": 381.87521817462107
    },
    "p_values": {
        "const": 0.6548680348855735,
        "ndvi_mean": 0.3387442647747157,
        "gndvi_mean": 0.14661625055989316,
        "ndmi_mean": 0.21358397651932662
    },
    "rsquared": 0.6046097088981973,
    "aic": 76.22650028974641,
    "fvalue": 3.0582931473273125,
    "f_pvalue": 0.11324655753361619,
    "mse_model": 274.0897347005161,
    "rmse_model": 16.555655671114813
}