{
    "coefs": {
        "const": 103.68910216898999,
        "ndvi_mean": -755.5983742304524,
        "gndvi_mean": 28.277221224542814,
        "ndre1_mean": 1198.0195222269895
    },
    "p_values": {
        "const": 0.23927163729027454,
        "ndvi_mean": 0.03497461765363436,
        "gndvi_mean": 0.8696754973486331,
        "ndre1_mean": 0.010203283883803593
    },
    "rsquared": 0.8400818236304306,
    "aic": 67.17438959898499,
    "fvalue": 10.506395741895016,
    "f_pvalue": 0.008391348201826992,
    "mse_model": 380.8370933791285,
    "rmse_model": 19.515047870275094
}