{
    "coefs": {
        "const": -24.38920577683365,
        "gndvi_mean": -593.1713101572094,
        "ndre_mean": 1105.9193294102054,
        "ndmi_mean": -248.22153436349106
    },
    "p_values": {
        "const": 0.7325013764301147,
        "gndvi_mean": 0.18127245596630104,
        "ndre_mean": 0.06176657178903254,
        "ndmi_mean": 0.2242115471391509
    },
    "rsquared": 0.7512479270994334,
    "aic": 71.59233382435849,
    "fvalue": 6.040134004428814,
    "f_pvalue": 0.030354543366874303,
    "mse_model": 340.5657269517432,
    "rmse_model": 18.454422964475025
}