{
    "coefs": {
        "const": -523.4406585451062,
        "ndre1_mean": 411.92070402063155,
        "ndmi_mean": 692.1827402375609,
        "msi_mean": 449.24451790625125
    },
    "p_values": {
        "const": 0.02975763802661489,
        "ndre1_mean": 0.08159253008437334,
        "ndmi_mean": 0.10257073749735447,
        "msi_mean": 0.05599210904157449
    },
    "rsquared": 0.8278805520228383,
    "aic": 67.9096537393099,
    "fvalue": 9.619837406551389,
    "f_pvalue": 0.010407497601172981,
    "mse_model": 375.30585025035333,
    "rmse_model": 19.372812140996807
}