{
    "coefs": {
        "const": -227.84568132974397,
        "ndre1_mean": 724.1491986203309,
        "ndre_mean": -66.51057822959137,
        "msi_mean": 107.55059173217923
    },
    "p_values": {
        "const": 0.13543755537327015,
        "ndre1_mean": 0.45573442448229884,
        "ndre_mean": 0.9282722439144601,
        "msi_mean": 0.264696581339003
    },
    "rsquared": 0.7220010986508033,
    "aic": 72.70393834864781,
    "fvalue": 5.194273035949101,
    "f_pvalue": 0.04178862684211495,
    "mse_model": 327.3071647216975,
    "rmse_model": 18.09163245043679
}