{
    "coefs": {
        "const": 276.15155968936074,
        "cire_mean": 170.91939641011243,
        "ndre1_mean": -1106.0696479326289,
        "msi_mean": -117.49033774828786
    },
    "p_values": {
        "const": 0.25175322279553564,
        "cire_mean": 0.04559173206667339,
        "ndre1_mean": 0.1695067163874783,
        "msi_mean": 0.30429673354368225
    },
    "rsquared": 0.8644716854147767,
    "aic": 65.51957255381723,
    "fvalue": 12.757063910378331,
    "f_pvalue": 0.005160788729218025,
    "mse_model": 391.8938307213654,
    "rmse_model": 19.796308512481954
}