{
    "coefs": {
        "const": -222.1775140917681,
        "gndvi_mean": -155.27662228411623,
        "ndre1_mean": 821.511865433292,
        "msi_mean": 128.35305691544846
    },
    "p_values": {
        "const": 0.11913635957826721,
        "gndvi_mean": 0.5249695085824359,
        "ndre1_mean": 0.04705764950516222,
        "msi_mean": 0.18378101118445023
    },
    "rsquared": 0.7412285599065896,
    "aic": 71.98721874574505,
    "fvalue": 5.728828186286892,
    "f_pvalue": 0.034012487941411526,
    "mse_model": 336.02361382432065,
    "rmse_model": 18.33094688837215
}