{
    "coefs": {
        "const": 294.59567235534655,
        "ndvi_mean": -496.9913279064888,
        "cire_mean": 99.04407424257647,
        "msi_mean": -98.83797460790731
    },
    "p_values": {
        "const": 0.17532455614825868,
        "ndvi_mean": 0.10915161581422282,
        "cire_mean": 0.003446432312480846,
        "msi_mean": 0.2636903009889016
    },
    "rsquared": 0.8800684106781016,
    "aic": 64.29698164398616,
    "fvalue": 14.676173569516923,
    "f_pvalue": 0.003599538119601803,
    "mse_model": 398.9643461740727,
    "rmse_model": 19.974091873576448
}