{
    "coefs": {
        "const": -332.3393956818897,
        "cire_mean": 48.11816250109602,
        "ndmi_mean": 536.4109870179004,
        "msi_mean": 318.5168850720953
    },
    "p_values": {
        "const": 0.12005652117145423,
        "cire_mean": 0.03592598777943346,
        "ndmi_mean": 0.16563124045122932,
        "msi_mean": 0.13888548511831844
    },
    "rsquared": 0.8653174506261407,
    "aic": 65.45697196396814,
    "fvalue": 12.849733757625046,
    "f_pvalue": 0.005066567767712289,
    "mse_model": 392.27724428385045,
    "rmse_model": 19.805990111172186
}