{
    "coefs": {
        "const": 69.91736295101732,
        "ndvi_mean": 193.46044326076208,
        "cire_mean": 169.48589780372663,
        "ndre_mean": -918.3726228026485
    },
    "p_values": {
        "const": 0.26190126755245935,
        "ndvi_mean": 0.6533692026293778,
        "cire_mean": 0.08240983340129197,
        "ndre_mean": 0.33128512206889926
    },
    "rsquared": 0.8732693457341677,
    "aic": 64.8484067491914,
    "fvalue": 13.781501417997626,
    "f_pvalue": 0.004235126426467325,
    "mse_model": 395.8821033994893,
    "rmse_model": 19.896786258074176
}