{
    "coefs": {
        "const": -177.48651583404762,
        "gndvi_mean": -508.60960201338617,
        "ndre_mean": 1003.003060233263,
        "msi_mean": 142.0604313678481
    },
    "p_values": {
        "const": 0.12447854794545486,
        "gndvi_mean": 0.13127246557938851,
        "ndre_mean": 0.021596644465878046,
        "msi_mean": 0.10795864502318965
    },
    "rsquared": 0.7961993997457433,
    "aic": 69.59918739257932,
    "fvalue": 7.81351378506662,
    "f_pvalue": 0.017038398632830656,
    "mse_model": 360.943727884737,
    "rmse_model": 18.998519097149046
}