{
    "coefs": {
        "const": -101.07769859447771,
        "ndre1_mean": 497.7132613201484,
        "ndre_mean": 59.97468160175231,
        "ndmi_mean": -102.40099877682059
    },
    "p_values": {
        "const": 0.18862664536169446,
        "ndre1_mean": 0.6654671070081746,
        "ndre_mean": 0.9437851717319481,
        "ndmi_mean": 0.6101767124716215
    },
    "rsquared": 0.6678909601170766,
    "aic": 74.4824002153961,
    "fvalue": 4.022118520787778,
    "f_pvalue": 0.0693745592290943,
    "mse_model": 302.7772352530747,
    "rmse_model": 17.400495258844636
}