{
    "coefs": {
        "const": 109.76877643659938,
        "gndvi_mean": -954.1057678476479,
        "ndre1_mean": -2212.480026315254,
        "ndre_mean": 2993.708298113882
    },
    "p_values": {
        "const": 0.43245114102598486,
        "gndvi_mean": 0.19402941627787768,
        "ndre1_mean": 0.2535385074949525,
        "ndre_mean": 0.17824469344221736
    },
    "rsquared": 0.7433380415523778,
    "aic": 71.9053655546407,
    "fvalue": 5.792350732834239,
    "f_pvalue": 0.03322032124573589,
    "mse_model": 336.9799121704113,
    "rmse_model": 18.357012615630335
}