{
    "coefs": {
        "const": 100.66460134631444,
        "gndvi_mean": -127.17789768027626,
        "cire_mean": 133.0362169568183,
        "ndre_mean": -406.9376805417626
    },
    "p_values": {
        "const": 0.1621303942084782,
        "gndvi_mean": 0.5276810542134116,
        "cire_mean": 0.01974721860139961,
        "ndre_mean": 0.2748786439765265
    },
    "rsquared": 0.8777109454461451,
    "aic": 64.49164215153485,
    "fvalue": 14.354693453936383,
    "f_pvalue": 0.0038122814250282195,
    "mse_model": 397.89562860225243,
    "rmse_model": 19.947321339023254
}