{
    "coefs": {
        "const": 79.87662393434016,
        "cire_mean": 137.28899948394223,
        "ndre1_mean": 177.6361742037957,
        "ndre_mean": -685.3223689053427
    },
    "p_values": {
        "const": 0.19558973726628556,
        "cire_mean": 0.018746312079394763,
        "ndre1_mean": 0.7438451168815854,
        "ndre_mean": 0.24846256067240508
    },
    "rsquared": 0.871073539276666,
    "aic": 65.0201884306002,
    "fvalue": 13.512719334565778,
    "f_pvalue": 0.004455028420205608,
    "mse_model": 394.8866711387552,
    "rmse_model": 19.871755612898305
}