{
    "coefs": {
        "const": -134.58493987673705,
        "ndvi_mean": 137.6399853740645,
        "gndvi_mean": 239.7062446871555,
        "msi_mean": 2.555193284765892
    },
    "p_values": {
        "const": 0.7459851474827284,
        "ndvi_mean": 0.8452011218096267,
        "gndvi_mean": 0.5657138430596031,
        "msi_mean": 0.9904104150863957
    },
    "rsquared": 0.477096706448465,
    "aic": 79.02173212963507,
    "fvalue": 1.8247990109530436,
    "f_pvalue": 0.24303342188358434,
    "mse_model": 216.2838402566375,
    "rmse_model": 14.706591728087018
}