{
    "coefs": {
        "const": 87.30228845754108,
        "ndvi_mean": -426.8603345329908,
        "cire_mean": 55.40120714439766,
        "ndre1_mean": 456.616246328163
    },
    "p_values": {
        "const": 0.27975741489686884,
        "ndvi_mean": 0.41200221248637586,
        "cire_mean": 0.45433443466293844,
        "ndre1_mean": 0.6623239082722754
    },
    "rsquared": 0.8547814430138398,
    "aic": 66.21016570322844,
    "fvalue": 11.772344537142093,
    "f_pvalue": 0.006322966152627199,
    "mse_model": 387.5009208329407,
    "rmse_model": 19.685043074195715
}