{
    "coefs": {
        "const": 146.39591365546985,
        "cire_mean": 164.77913394119577,
        "ndre_mean": -848.201744081773,
        "ndmi_mean": 121.53409505088123
    },
    "p_values": {
        "const": 0.08425896339130147,
        "cire_mean": 0.009181071318439139,
        "ndre_mean": 0.05251914233152835,
        "ndmi_mean": 0.23260000544390658
    },
    "rsquared": 0.8984000220057581,
    "aic": 62.638199917155106,
    "fvalue": 17.685043633703824,
    "f_pvalue": 0.0022049232491363657,
    "mse_model": 407.2746766426103,
    "rmse_model": 20.181047461482525
}