{
    "coefs": {
        "const": 228.84360452830845,
        "ndvi_mean": -808.2300315638008,
        "ndre_mean": 955.2454385847129,
        "msi_mean": -79.45404251873941
    },
    "p_values": {
        "const": 0.3858233172839962,
        "ndvi_mean": 0.11979989879818294,
        "ndre_mean": 0.016796822308193415,
        "msi_mean": 0.4695076969664749
    },
    "rsquared": 0.801360750742516,
    "aic": 69.34267034943444,
    "fvalue": 8.068503618877061,
    "f_pvalue": 0.015812637318305057,
    "mse_model": 363.28354033660725,
    "rmse_model": 19.05999843485322
}