{
    "coefs": {
        "const": -539.8204124240452,
        "ndre_mean": 314.57777756854364,
        "ndmi_mean": 762.1398205545474,
        "msi_mean": 470.5289262119867
    },
    "p_values": {
        "const": 0.022668770137127092,
        "ndre_mean": 0.06343407073355226,
        "ndmi_mean": 0.056754931451267754,
        "msi_mean": 0.039268472884798816
    },
    "rsquared": 0.840163190387856,
    "aic": 67.16930027980318,
    "fvalue": 10.51276226579566,
    "f_pvalue": 0.008378838058020349,
    "mse_model": 380.87397964249476,
    "rmse_model": 19.515992919718297
}