{
    "coefs": {
        "const": 35.25316975635192,
        "gndvi_mean": -253.33357655447492,
        "cire_mean": 95.2105547090846,
        "msi_mean": 32.32994027063726
    },
    "p_values": {
        "const": 0.6716697930190814,
        "gndvi_mean": 0.18489728473465192,
        "cire_mean": 0.006390347324725824,
        "msi_mean": 0.48208375336690523
    },
    "rsquared": 0.8612720841824979,
    "aic": 65.75291247842402,
    "fvalue": 12.41670905393706,
    "f_pvalue": 0.005527570593971455,
    "mse_model": 390.4433448293991,
    "rmse_model": 19.75963928894956
}