{
    "coefs": {
        "const": 104.59836814467964,
        "ndvi_mean": -744.1254321130837,
        "ndre1_mean": 1009.1792763981452,
        "ndre_mean": 174.12271062883656
    },
    "p_values": {
        "const": 0.19757928847379694,
        "ndvi_mean": 0.035769776726859756,
        "ndre1_mean": 0.17833070865867343,
        "ndre_mean": 0.7357807495458386
    },
    "rsquared": 0.842579588775892,
    "aic": 67.0169667814774,
    "fvalue": 10.704832775164997,
    "f_pvalue": 0.00801282081894246,
    "mse_model": 381.9694135784043,
    "rmse_model": 19.544037801293886
}