{
    "aic": 4446.839173742567,
    "bic": 4457.679133589891,
    "hqic": 4450.855879148446,
    "rmse": 0.9167035454319334,
    "mse": 0.8403453902074769,
    "mae": 0.6564940785656238,
    "r2": 0.6681120189995471
}