{
    "aic": 3778.0942116680803,
    "bic": 3788.6665950974852,
    "hqic": 3782.0381357120446,
    "rmse": 0.8823160199128334,
    "mse": 0.7784815589948234,
    "mae": 0.6441939258980828,
    "r2": 0.6680672411093866
}