{"aic": 3465.6046150649727, "bic": 3476.1769984943776, "hqic": 3469.548539108937, "rmse": 0.7930077029435014, "mse": 0.6288612169277286, "mae": 0.5736335907058072, "r2": 0.7195460801303379}