{
    "aic": 4093.3719090455297,
    "bic": 4104.211868892853,
    "hqic": 4097.388614451408,
    "rmse": 0.8248089288995016,
    "mse": 0.6803097691923431,
    "mae": 0.5838009105536041,
    "r2": 0.7086572284695729
}