{
    "aic": 3795.7408869933415,
    "bic": 3806.5808468406653,
    "hqic": 3799.7575923992204,
    "rmse": 0.7544560404512535,
    "mse": 0.5692039169733834,
    "mae": 0.5286513477670585,
    "r2": 0.7166523018263034
}