{
    "aic": 3183.1242188886526,
    "bic": 3193.6966023180576,
    "hqic": 3187.068142932617,
    "rmse": 0.7199336099994611,
    "mse": 0.5183044028068562,
    "mae": 0.5190423969382602,
    "r2": 0.7273409280073293
}