{
    "aic": 3455.584530653643,
    "bic": 3466.156914083048,
    "hqic": 3459.5284546976072,
    "rmse": 0.7903208663561555,
    "mse": 0.6246070717979442,
    "mae": 0.5725984520692603,
    "r2": 0.7133576626880617
}