{
    "aic": 4107.567591567498,
    "bic": 4118.407551414822,
    "hqic": 4111.584296973377,
    "rmse": 0.8282970623233884,
    "mse": 0.6860760234535551,
    "mae": 0.5851490002546068,
    "r2": 0.7149153793612225
}