{
    "coefs": {
        "const": -330.54521164556985,
        "ndvi_mean": -462.01672459164195,
        "gndvi_mean": 555.4159762727968,
        "ndre1_mean": -295.0986933543032,
        "ndmi_mean": 1071.5809605945374,
        "msi_mean": 408.9633978251747
    },
    "p_values": {
        "const": 0.2669276474341395,
        "ndvi_mean": 0.283420733841463,
        "gndvi_mean": 0.020759212705853406,
        "ndre1_mean": 0.5078635423148774,
        "ndmi_mean": 0.025192446968245102,
        "msi_mean": 0.09085311986628247
    },
    "rsquared": 0.6820988965086981,
    "aic": 163.61826724578,
    "fvalue": 6.866023567884707,
    "f_pvalue": 0.001341189436287728,
    "mse_model": 543.9738699656867,
    "rmse_model": 23.323247414665197
}