{
    "coefs": {
        "const": 249.32799186380473,
        "ndvi_mean": -619.2021164119725,
        "gndvi_mean": 290.50084910862364,
        "cire_mean": 45.74587886171342,
        "ndre_mean": 118.2789295593177,
        "msi_mean": -104.63904207302139
    },
    "p_values": {
        "const": 0.23840682292669918,
        "ndvi_mean": 0.25314821795295417,
        "gndvi_mean": 0.42104064334565383,
        "cire_mean": 0.6838683819557638,
        "ndre_mean": 0.9263327615128879,
        "msi_mean": 0.2877321858575239
    },
    "rsquared": 0.6025464584677703,
    "aic": 168.53169689910044,
    "fvalue": 4.851255469164088,
    "f_pvalue": 0.006856968880213785,
    "mse_model": 480.53080062804685,
    "rmse_model": 21.92101276465225
}