{
    "coefs": {
        "const": 165.63129816399046,
        "ndvi_mean": -372.52772547815437,
        "gndvi_mean": -297.8828859325731,
        "ndre1_mean": -1530.3303373620236,
        "ndre_mean": 1904.5492874260335,
        "ndmi_mean": 189.02092631146508
    },
    "p_values": {
        "const": 0.13017220515033615,
        "ndvi_mean": 0.46723278544907687,
        "gndvi_mean": 0.650403403303616,
        "ndre1_mean": 0.24375038498197985,
        "ndre_mean": 0.16248958604509078,
        "ndmi_mean": 0.35292223584820603
    },
    "rsquared": 0.6629401059205557,
    "aic": 164.9057139051518,
    "fvalue": 6.293861643609749,
    "f_pvalue": 0.0020664074221155133,
    "mse_model": 528.6947344716433,
    "rmse_model": 22.993362835210583
}