{
    "coefs": {
        "const": -301.9728269029389,
        "ndvi_mean": -573.222553187624,
        "gndvi_mean": 647.6599821362279,
        "ndre_mean": -222.35043712530165,
        "ndmi_mean": 1043.3292269869696,
        "msi_mean": 388.17060149955574
    },
    "p_values": {
        "const": 0.37387532640677,
        "ndvi_mean": 0.13068588861225472,
        "gndvi_mean": 0.07854385812382057,
        "ndre_mean": 0.6715196958012508,
        "ndmi_mean": 0.06628569216732304,
        "msi_mean": 0.1564636447786021
    },
    "rsquared": 0.6767531900878496,
    "aic": 163.98513505935492,
    "fvalue": 6.6995563200443415,
    "f_pvalue": 0.0015174471844061359,
    "mse_model": 539.7106690950601,
    "rmse_model": 23.23167383326178
}