{
    "coefs": {
        "const": 165.8715112906092,
        "ndvi_mean": -112.63818798675331,
        "cire_mean": 96.59254181579395,
        "ndre1_mean": -1404.781725863433,
        "ndre_mean": 644.9440995389491,
        "ndmi_mean": 240.71046785952439
    },
    "p_values": {
        "const": 0.1227861059828751,
        "ndvi_mean": 0.8444795445721685,
        "cire_mean": 0.3701743163875707,
        "ndre1_mean": 0.06936273597193242,
        "ndre_mean": 0.47077551467524104,
        "ndmi_mean": 0.11844011847265956
    },
    "rsquared": 0.6756812292871976,
    "aic": 164.0579714171269,
    "fvalue": 6.6668356227636645,
    "f_pvalue": 0.0015550621617462324,
    "mse_model": 538.8557803565401,
    "rmse_model": 23.213267334792405
}