{
    "coefs": {
        "const": 198.05136335048473,
        "ndvi_mean": -214.9731784518135,
        "gndvi_mean": -555.8075806737381,
        "ndre1_mean": -1867.2677879073024,
        "ndre_mean": 2374.886859508224,
        "msi_mean": -49.63894936914161
    },
    "p_values": {
        "const": 0.31747763882079283,
        "ndvi_mean": 0.6783070607458154,
        "gndvi_mean": 0.34305529233206977,
        "ndre1_mean": 0.14453734069757201,
        "ndre_mean": 0.06110014783387408,
        "msi_mean": 0.6038664308606931
    },
    "rsquared": 0.6497883473163101,
    "aic": 165.74780904622065,
    "fvalue": 5.937331597844432,
    "f_pvalue": 0.002737042465936503,
    "mse_model": 518.2062069847573,
    "rmse_model": 22.76414301011038
}