{
    "coefs": {
        "const": 241.2262584390539,
        "gndvi_mean": -429.41220420987077,
        "cire_mean": 79.81349269951951,
        "ndre1_mean": -1942.4996062303912,
        "ndre_mean": 1588.8623879067275,
        "msi_mean": -70.35636934339004
    },
    "p_values": {
        "const": 0.16336522925963015,
        "gndvi_mean": 0.3863732916592796,
        "cire_mean": 0.32279263675752323,
        "ndre1_mean": 0.04349112472314827,
        "ndre_mean": 0.2751765494760664,
        "msi_mean": 0.3808359360713379
    },
    "rsquared": 0.6675121302271767,
    "aic": 164.60525409153587,
    "fvalue": 6.424411267052964,
    "f_pvalue": 0.0018686193792836567,
    "mse_model": 532.3409238561733,
    "rmse_model": 23.072514467568837
}