{
    "coefs": {
        "const": -130.636219216475,
        "cire_mean": 65.46246726961063,
        "ndre1_mean": -1474.7811805668773,
        "ndre_mean": 740.6618431262065,
        "ndmi_mean": 681.8385832393603,
        "msi_mean": 248.95104245376865
    },
    "p_values": {
        "const": 0.6476154252147543,
        "cire_mean": 0.36025661933391095,
        "ndre1_mean": 0.018129469687054624,
        "ndre_mean": 0.2110292458978202,
        "ndmi_mean": 0.1389153229111379,
        "msi_mean": 0.2960774086332475
    },
    "rsquared": 0.6969733535271756,
    "aic": 162.5640361491027,
    "fvalue": 7.360127425252611,
    "f_pvalue": 0.0009394167435594602,
    "mse_model": 555.8362494379226,
    "rmse_model": 23.576179704055587
}