{
    "coefs": {
        "const": -206.9631585011483,
        "gndvi_mean": 274.9725665693244,
        "cire_mean": 85.1426462129972,
        "ndre1_mean": -1080.1894033435851,
        "ndmi_mean": 830.1667626683319,
        "msi_mean": 307.1787445203655
    },
    "p_values": {
        "const": 0.5285156081454023,
        "gndvi_mean": 0.2315896110544877,
        "cire_mean": 0.18451864051704622,
        "ndre1_mean": 0.03296472954593442,
        "ndmi_mean": 0.11404476278621402,
        "msi_mean": 0.24571117729161657
    },
    "rsquared": 0.694359211889017,
    "aic": 162.75301116694988,
    "fvalue": 7.269806794366823,
    "f_pvalue": 0.0010014600469424875,
    "mse_model": 553.7514714814911,
    "rmse_model": 23.531924517163723
}