{
    "coefs": {
        "const": 165.7060478664318,
        "ndvi_mean": -680.7731276356959,
        "gndvi_mean": 474.95979698995575,
        "cire_mean": 46.81139051602277,
        "ndre_mean": -144.83888388815376,
        "ndmi_mean": 308.145154754344
    },
    "p_values": {
        "const": 0.14380543980202146,
        "ndvi_mean": 0.179507807654389,
        "gndvi_mean": 0.21573769858180697,
        "cire_mean": 0.6612767591367998,
        "ndre_mean": 0.9072052726535835,
        "ndmi_mean": 0.11236844827984453
    },
    "rsquared": 0.6366092956255683,
    "aic": 166.56050845839667,
    "fvalue": 5.605948973044654,
    "f_pvalue": 0.0035850706442777684,
    "mse_model": 507.69591326139073,
    "rmse_model": 22.532108495686565
}