{
    "coefs": {
        "const": 111.70619258405964,
        "ndvi_mean": 438.8067866985069,
        "gndvi_mean": -687.1360048579088,
        "cire_mean": 101.66484566259341,
        "ndre1_mean": -2471.9817992703643,
        "ndre_mean": 1819.9259026975037
    },
    "p_values": {
        "const": 0.20236844747086627,
        "ndvi_mean": 0.4585005224363614,
        "gndvi_mean": 0.17575034627108338,
        "cire_mean": 0.35477102837561614,
        "ndre1_mean": 0.05501228023032724,
        "ndre_mean": 0.19730861587865722
    },
    "rsquared": 0.662796587531588,
    "aic": 164.91507939953453,
    "fvalue": 6.289820926114632,
    "f_pvalue": 0.002072892499440605,
    "mse_model": 528.5802785564414,
    "rmse_model": 22.99087381019785
}