{
    "coefs": {
        "const": 171.05149080812964,
        "gndvi_mean": -260.8989711309075,
        "cire_mean": 88.81862563397826,
        "ndre1_mean": -1818.2429977412498,
        "ndre_mean": 1198.2643698004904,
        "ndmi_mean": 191.985098458173
    },
    "p_values": {
        "const": 0.09036556789115832,
        "gndvi_mean": 0.6194416331105952,
        "cire_mean": 0.24800326086574623,
        "ndre1_mean": 0.051998403592151854,
        "ndre_mean": 0.425322468038146,
        "ndmi_mean": 0.24316218768435743
    },
    "rsquared": 0.6800054095189454,
    "aic": 163.7626697854558,
    "fvalue": 6.800169050324797,
    "f_pvalue": 0.0014080197685446662,
    "mse_model": 542.304314091359,
    "rmse_model": 23.287428241249803
}