{
    "coefs": {
        "const": -270.7404941255094,
        "gndvi_mean": -150.91905447907084,
        "ndre1_mean": -1593.950637086837,
        "ndre_mean": 1423.3419921378913,
        "ndmi_mean": 781.9560098223326,
        "msi_mean": 336.28869731970224
    },
    "p_values": {
        "const": 0.4290857689656772,
        "gndvi_mean": 0.7950962092962335,
        "ndre1_mean": 0.1126357845131698,
        "ndre_mean": 0.2889927625409334,
        "ndmi_mean": 0.1993208382017085,
        "msi_mean": 0.23504841283890981
    },
    "rsquared": 0.6815594050912432,
    "aic": 163.65557051871494,
    "fvalue": 6.848970047040959,
    "f_pvalue": 0.0013581481204470584,
    "mse_model": 543.5436255602665,
    "rmse_model": 23.31402208029036
}