{
    "coefs": {
        "const": 162.37552774324536,
        "ndvi_mean": 26.9548624658907,
        "gndvi_mean": 118.1672545033901,
        "cire_mean": 140.245229461259,
        "ndre1_mean": -1253.2780487276514,
        "ndmi_mean": 250.39625567236385
    },
    "p_values": {
        "const": 0.13477099554951633,
        "ndvi_mean": 0.9695961841303588,
        "gndvi_mean": 0.7588645249048714,
        "cire_mean": 0.14512775641316572,
        "ndre1_mean": 0.2449128150487385,
        "ndmi_mean": 0.1748806903205225
    },
    "rsquared": 0.6666514516134892,
    "aic": 164.66212974306455,
    "fvalue": 6.399561826468987,
    "f_pvalue": 0.0019045732948451256,
    "mse_model": 531.6545326617576,
    "rmse_model": 23.05763501883395
}