{
    "coefs": {
        "const": -57.43027742194852,
        "ndvi_mean": -694.1180766831887,
        "cire_mean": -49.21852523507008,
        "ndre_mean": 965.5742956596595,
        "ndmi_mean": 504.13238437703683,
        "msi_mean": 190.3879271310156
    },
    "p_values": {
        "const": 0.8672937758148179,
        "ndvi_mean": 0.19017397201518071,
        "cire_mean": 0.6297374968736544,
        "ndre_mean": 0.3239124962884702,
        "ndmi_mean": 0.3193246144964688,
        "msi_mean": 0.4853463816787775
    },
    "rsquared": 0.611270848512572,
    "aic": 168.04340209926565,
    "fvalue": 5.0319527304694365,
    "f_pvalue": 0.0058444568504936595,
    "mse_model": 487.4885016887762,
    "rmse_model": 22.079141778809614
}