{
    "coefs": {
        "const": 227.16054921832512,
        "ndvi_mean": 255.64448171041286,
        "gndvi_mean": -39.473587502591414,
        "cire_mean": 173.07404131568418,
        "ndre1_mean": -1445.001491511424,
        "msi_mean": -84.25532485833209
    },
    "p_values": {
        "const": 0.25722841824507586,
        "ndvi_mean": 0.7178757684161041,
        "gndvi_mean": 0.9137362090123471,
        "cire_mean": 0.07131935415686816,
        "ndre1_mean": 0.19009621094553647,
        "msi_mean": 0.36510901906052595
    },
    "rsquared": 0.6439918306850165,
    "aic": 166.1089607038241,
    "fvalue": 5.788557779888339,
    "f_pvalue": 0.0030863452352376127,
    "mse_model": 513.5834849713007,
    "rmse_model": 22.662380390667277
}