{
    "coefs": {
        "const": -259.94003167951826,
        "ndvi_mean": -642.8899187718647,
        "gndvi_mean": 580.1381166782444,
        "cire_mean": -12.191295838820889,
        "ndmi_mean": 970.2820709499764,
        "msi_mean": 355.83609514119433
    },
    "p_values": {
        "const": 0.4385552854075787,
        "ndvi_mean": 0.058740364812269505,
        "gndvi_mean": 0.05341377431098884,
        "cire_mean": 0.7845942970855899,
        "ndmi_mean": 0.07781161468037634,
        "msi_mean": 0.1891278574923755
    },
    "rsquared": 0.6745548139943043,
    "aic": 164.13424884375934,
    "fvalue": 6.632685003808893,
    "f_pvalue": 0.0015954382540254333,
    "mse_model": 537.9574641604577,
    "rmse_model": 23.19391006623199
}