{
    "coefs": {
        "const": -434.0614895751977,
        "gndvi_mean": 776.9341590770719,
        "cire_mean": 93.23626255238665,
        "ndre_mean": -1408.0636453846823,
        "ndmi_mean": 1103.8982629186075,
        "msi_mean": 453.1221728177433
    },
    "p_values": {
        "const": 0.18471790844569527,
        "gndvi_mean": 0.05714329344157046,
        "cire_mean": 0.24997958686215807,
        "ndre_mean": 0.09931808791221522,
        "ndmi_mean": 0.05946196516003074,
        "msi_mean": 0.10306648016174277
    },
    "rsquared": 0.656103667452522,
    "aic": 165.34746535336956,
    "fvalue": 6.1051297648200755,
    "f_pvalue": 0.002395105165314648,
    "mse_model": 523.2426747933863,
    "rmse_model": 22.874498350638998
}