{
    "coefs": {
        "const": -123.53481921667947,
        "ndvi_mean": 376.5511129437485,
        "cire_mean": 144.06854486652813,
        "ndre1_mean": -1579.0249528610418,
        "ndmi_mean": 635.2092953785984,
        "msi_mean": 237.18233450489885
    },
    "p_values": {
        "const": 0.692764374342212,
        "ndvi_mean": 0.3433267380836149,
        "cire_mean": 0.019860916013541664,
        "ndre1_mean": 0.04109025922997918,
        "ndmi_mean": 0.1743565445511687,
        "msi_mean": 0.3408467360320886
    },
    "rsquared": 0.6836742511366136,
    "aic": 163.50897552165208,
    "fvalue": 6.916154032664616,
    "f_pvalue": 0.0012926954430068913,
    "mse_model": 545.2302152814494,
    "rmse_model": 23.350165208868425
}