{
    "coefs": {
        "const": 242.6705322649285,
        "ndvi_mean": -82.18126260064645,
        "cire_mean": 110.29872824145126,
        "ndre1_mean": -1285.915989405941,
        "ndre_mean": 535.4685083083248,
        "msi_mean": -96.84857721529926
    },
    "p_values": {
        "const": 0.21680800559947278,
        "ndvi_mean": 0.8923595040206578,
        "cire_mean": 0.3240606813390261,
        "ndre1_mean": 0.10133176001089629,
        "ndre_mean": 0.5599344967550981,
        "msi_mean": 0.25069968359049233
    },
    "rsquared": 0.6514438599064779,
    "aic": 165.6435645589811,
    "fvalue": 5.980730539250862,
    "f_pvalue": 0.0026436477450831604,
    "mse_model": 519.5264782754161,
    "rmse_model": 22.79312348660043
}