{
    "coefs": {
        "const": -183.46329861085997,
        "ndvi_mean": -250.74185375305606,
        "ndre1_mean": -1247.1569314976477,
        "ndre_mean": 1188.6895577418356,
        "ndmi_mean": 758.604309257309,
        "msi_mean": 290.39631710652196
    },
    "p_values": {
        "const": 0.5443479585399518,
        "ndvi_mean": 0.5173893541814646,
        "ndre1_mean": 0.0550888224105786,
        "ndre_mean": 0.017229568038667646,
        "ndmi_mean": 0.09868995740283378,
        "msi_mean": 0.23036546121982074
    },
    "rsquared": 0.6886983211194112,
    "aic": 163.15675413789512,
    "fvalue": 7.079417738789253,
    "f_pvalue": 0.0011478706238109643,
    "mse_model": 549.2369110927305,
    "rmse_model": 23.435804041951076
}