{
    "coefs": {
        "const": 60.69053346047081,
        "ndvi_max": -384.7756043932609,
        "gndvi_max": -126.47105579620938,
        "ndre1_max": -13.149789471212898,
        "ndre_max": 735.0373778555112
    },
    "p_values": {
        "const": 0.4124654201742116,
        "ndvi_max": 0.2720442323311985,
        "gndvi_max": 0.7414574832830549,
        "ndre1_max": 0.9838630839239094,
        "ndre_max": 0.2224703988935036
    },
    "rsquared": 0.9352133485028309,
    "aic": 60.13876259887463,
    "fvalue": 18.0440979524867,
    "f_pvalue": 0.0035661902564058374,
    "mse_model": 317.9725384909625,
    "rmse_model": 17.831784501024078
}