{
    "coefs": {
        "const": 154.1382233007842,
        "ndvi_max": -85.4286046045529,
        "gndvi_max": -85.24157176084304,
        "cire_max": 121.72015640400272,
        "ndre_max": -437.09872050514286
    },
    "p_values": {
        "const": 0.07018189775621608,
        "ndvi_max": 0.6917445627896178,
        "gndvi_max": 0.5044113326885264,
        "cire_max": 0.1074913265994961,
        "ndre_max": 0.5020528571115642
    },
    "rsquared": 0.9633352415266658,
    "aic": 54.44592707297012,
    "fvalue": 32.84268332993686,
    "f_pvalue": 0.000877333557034763,
    "mse_model": 327.5339821190664,
    "rmse_model": 18.097899936707197
}