{
    "coefs": {
        "const": 175.4499928226257,
        "ndvi_max": 97.77607430225589,
        "gndvi_max": -344.5510036072924,
        "cire_max": 117.9872166169402,
        "ndre1_max": -479.8188351283261
    },
    "p_values": {
        "const": 0.05536309899997878,
        "ndvi_max": 0.7673557151940982,
        "gndvi_max": 0.23567412106561875,
        "cire_max": 0.03316356094513721,
        "ndre1_max": 0.3459326797993991
    },
    "rsquared": 0.9667058607558388,
    "aic": 53.48158055986237,
    "fvalue": 36.29414525731317,
    "f_pvalue": 0.0006910898972809773,
    "mse_model": 328.6799926569852,
    "rmse_model": 18.129533713170485
}