{
    "coefs": {
        "const": 143.62589989001893,
        "ndvi_max": -127.3831445283763,
        "cire_max": 122.48572158093204,
        "ndre1_max": 64.61469426206895,
        "ndre_max": -518.2229894890279
    },
    "p_values": {
        "const": 0.09239455864020035,
        "ndvi_max": 0.6115352262508484,
        "cire_max": 0.12687787926280264,
        "ndre1_max": 0.7787947733125866,
        "ndre_max": 0.4385138630108379
    },
    "rsquared": 0.9602447143968318,
    "aic": 55.25519476572609,
    "fvalue": 30.19235995377637,
    "f_pvalue": 0.001071628487636309,
    "mse_model": 326.4832028949228,
    "rmse_model": 18.06884619711294
}