{
    "coefs": {
        "const": 170.65466845225592,
        "gndvi_max": -211.25116876299495,
        "cire_max": 122.51155472313991,
        "ndre1_max": -248.9776668621853,
        "ndre_max": -228.5025074173326
    },
    "p_values": {
        "const": 0.04189356279920511,
        "gndvi_max": 0.2904355012416597,
        "cire_max": 0.037946631243767355,
        "ndre1_max": 0.42048966504495044,
        "ndre_max": 0.7063667611124795
    },
    "rsquared": 0.9671034730612126,
    "aic": 53.36143761191702,
    "fvalue": 36.747932192840636,
    "f_pvalue": 0.0006708362449179601,
    "mse_model": 328.8151808408123,
    "rmse_model": 18.13326172647415
}