{
    "coefs": {
        "const": -34.76536400562543,
        "ndre1_mean": 303.7385883479308,
        "msi_mean": -1.3136377965781776
    },
    "p_values": {
        "const": 0.8330425334965108,
        "ndre1_mean": 0.23674729497879468,
        "msi_mean": 0.9899128980219392
    },
    "rsquared": 0.6440507014727486,
    "aic": 91.56751714806536,
    "fvalue": 8.142249945761536,
    "f_pvalue": 0.00957737817266899,
    "mse_model": 794.3291984830568,
    "rmse_model": 28.183846410365224
}