{
    "coefs": {
        "const": -343.11524201206777,
        "ndmi_mean": 791.3352910964763,
        "msi_mean": 372.5749375836406
    },
    "p_values": {
        "const": 0.14127939165804596,
        "ndmi_mean": 0.03963737395243944,
        "msi_mean": 0.10664359359177529
    },
    "rsquared": 0.7445393655631332,
    "aic": 87.58687743939079,
    "fvalue": 13.11523848838677,
    "f_pvalue": 0.0021525732492697876,
    "mse_model": 918.2652175278643,
    "rmse_model": 30.302891240405827
}