{
    "coefs": {
        "const": -49.975297160366566,
        "ndre1_mean": -866.5239711660274,
        "ndre_mean": 1003.7977596031049
    },
    "p_values": {
        "const": 0.05656327523654965,
        "ndre1_mean": 0.23065199004806858,
        "ndre_mean": 0.11421799717320175
    },
    "rsquared": 0.7343414712020996,
    "aic": 88.05659863126662,
    "fvalue": 12.439038322475138,
    "f_pvalue": 0.0025671836283474494,
    "mse_model": 905.6878144825896,
    "rmse_model": 30.094647605223585
}