{
    "coefs": {
        "const": -115.80428117826801,
        "gndvi_mean": 353.07186289683784,
        "msi_mean": -7.895227958181408
    },
    "p_values": {
        "const": 0.4329997038404124,
        "gndvi_mean": 0.07375164432697272,
        "msi_mean": 0.9040964768765904
    },
    "rsquared": 0.7116383587671132,
    "aic": 89.04064223153193,
    "fvalue": 11.105404313695482,
    "f_pvalue": 0.0037129465645851126,
    "mse_model": 877.6873091461064,
    "rmse_model": 29.625787907600134
}