{
    "coefs": {
        "const": -99.51467679562492,
        "gndvi_mean": 299.0320190310745,
        "ndmi_mean": 45.591014921517555
    },
    "p_values": {
        "const": 0.3381624861008086,
        "gndvi_mean": 0.19448306958583467,
        "ndmi_mean": 0.7201600545989851
    },
    "rsquared": 0.7154671792523581,
    "aic": 88.88024085582082,
    "fvalue": 11.315398688192616,
    "f_pvalue": 0.00349619511708902,
    "mse_model": 882.4095210779085,
    "rmse_model": 29.705378655689756
}