{
    "coefs": {
        "const": -56.98261180729446,
        "ndre_mean": 286.0803054920963,
        "msi_mean": 8.869573383559356
    },
    "p_values": {
        "const": 0.6724110994675672,
        "ndre_mean": 0.11611826657928243,
        "msi_mean": 0.9157323915799844
    },
    "rsquared": 0.685963711492456,
    "aic": 90.06416011067343,
    "fvalue": 9.82955414607092,
    "f_pvalue": 0.005450160121470709,
    "mse_model": 846.0219108406959,
    "rmse_model": 29.086455797169513
}