{
    "coefs": {
        "const": -76.7323033756868,
        "ndvi_mean": 253.47231618921114,
        "msi_mean": -9.381986012735837
    },
    "p_values": {
        "const": 0.7452356075488655,
        "ndvi_mean": 0.3144965192351502,
        "msi_mean": 0.9347335090718789
    },
    "rsquared": 0.6274715411999544,
    "aic": 92.11381875033472,
    "fvalue": 7.579614036723494,
    "f_pvalue": 0.011754862422764073,
    "mse_model": 773.8815674799439,
    "rmse_model": 27.818726920546595
}