{
    "coefs": {
        "const": 10.18586990545981,
        "ndre1_mean": 113.10303846150396,
        "ndmi_mean": 132.73191488748444
    },
    "p_values": {
        "const": 0.9037972601496684,
        "ndre1_mean": 0.740046305582527,
        "ndmi_mean": 0.5625280899201232
    },
    "rsquared": 0.6577882196191472,
    "aic": 91.0952149734616,
    "fvalue": 8.649751872924657,
    "f_pvalue": 0.008022824660085236,
    "mse_model": 811.2721375302817,
    "rmse_model": 28.48283935162156
}