{
    "coefs": {
        "const": -142.98133796697795,
        "ndvi_mean": -147.95188882075502,
        "gndvi_mean": 556.3603153643439
    },
    "p_values": {
        "const": 0.010564094884723168,
        "ndvi_mean": 0.564275616428979,
        "gndvi_mean": 0.11322448773609466
    },
    "rsquared": 0.7222020059165988,
    "aic": 88.59278805282523,
    "fvalue": 11.698821070856969,
    "f_pvalue": 0.0031389252574610077,
    "mse_model": 890.7158072971386,
    "rmse_model": 29.844862326657474
}