{
    "coefs": {
        "const": 37.015921134849094,
        "cire_mean": 72.02826890215204,
        "ndre_mean": -201.12654164438436
    },
    "p_values": {
        "const": 0.708520915251434,
        "cire_mean": 0.4119918376483491,
        "ndre_mean": 0.7231155980423756
    },
    "rsquared": 0.709440691993477,
    "aic": 89.13175010385567,
    "fvalue": 10.987371686261646,
    "f_pvalue": 0.003841992974628614,
    "mse_model": 874.9768534586218,
    "rmse_model": 29.580007664952046
}