{
    "coefs": {
        "const": 39.05125483449676,
        "ndvi_mean": -96.88732635004203,
        "cire_mean": 55.05201191337238
    },
    "p_values": {
        "const": 0.6785859580337918,
        "ndvi_mean": 0.6932157082059542,
        "cire_mean": 0.142072414440804
    },
    "rsquared": 0.7104658440015114,
    "aic": 89.08933681128741,
    "fvalue": 11.042207738777078,
    "f_pvalue": 0.0037813695206340117,
    "mse_model": 876.2412076018641,
    "rmse_model": 29.60137171824752
}