{
    "coefs": {
        "const": -29.104183602327765,
        "ndre_mean": 222.25335959033862,
        "ndmi_mean": 38.43723694623526
    },
    "p_values": {
        "const": 0.6805456524197164,
        "ndre_mean": 0.3494134238240417,
        "ndmi_mean": 0.8325889604556307
    },
    "rsquared": 0.6871963011172492,
    "aic": 90.016967542048,
    "fvalue": 9.886019142589323,
    "f_pvalue": 0.005354555934666067,
    "mse_model": 847.5421047112741,
    "rmse_model": 29.112576401123864
}