{
    "coefs": {
        "const": 0.6774309712493789,
        "cire_mean": 41.95282172898769,
        "msi_mean": 1.298332310221511
    },
    "p_values": {
        "const": 0.9940211498543591,
        "cire_mean": 0.08290672307955196,
        "msi_mean": 0.9856066952903126
    },
    "rsquared": 0.705136950936458,
    "aic": 89.30818963497173,
    "fvalue": 10.761322211418449,
    "f_pvalue": 0.004104796056504857,
    "mse_model": 869.668906154965,
    "rmse_model": 29.490149307098548
}