{
    "coefs": {
        "const": 21.060138269176775,
        "ndvi_mean": 34.47259844808457,
        "ndmi_mean": 181.4579958006027
    },
    "p_values": {
        "const": 0.8882001512488802,
        "ndvi_mean": 0.9091583534736278,
        "ndmi_mean": 0.4263944269861657
    },
    "rsquared": 0.6538649321987208,
    "aic": 91.23200635697575,
    "fvalue": 8.500705269722946,
    "f_pvalue": 0.008445107931450944,
    "mse_model": 806.4334163784224,
    "rmse_model": 28.397771327666234
}