{
    "coefs": {
        "const": -83.17504764509897,
        "gndvi_mean": 234.74948360111694,
        "cire_mean": 15.69679525867204
    },
    "p_values": {
        "const": 0.6114789782032578,
        "gndvi_mean": 0.6006072104251003,
        "cire_mean": 0.753761397226881
    },
    "rsquared": 0.7144649728167933,
    "aic": 88.92243404268673,
    "fvalue": 11.25988783019844,
    "f_pvalue": 0.0035519534254335287,
    "mse_model": 881.1734664740452,
    "rmse_model": 29.68456613248786
}