{
    "coefs": {
        "const": -18.94752968698539,
        "ndvi_mean": -79.84767590687682,
        "ndre1_mean": 394.5933897464206
    },
    "p_values": {
        "const": 0.879201853437246,
        "ndvi_mean": 0.8835091784461093,
        "ndre1_mean": 0.5190696560254673
    },
    "rsquared": 0.6449403875574697,
    "aic": 91.5374859109766,
    "fvalue": 8.173928101941943,
    "f_pvalue": 0.00947012553747829,
    "mse_model": 795.426477987546,
    "rmse_model": 28.20330615349105
}