{
    "coefs": {
        "const": 6.30451831437729,
        "cire_mean": 36.60450260342783,
        "ndmi_mean": 27.038700597561842
    },
    "p_values": {
        "const": 0.8121754369046206,
        "cire_mean": 0.23500851816662482,
        "ndmi_mean": 0.8593080660123393
    },
    "rsquared": 0.7062117589817065,
    "aic": 89.26436840806437,
    "fvalue": 10.817154915399751,
    "f_pvalue": 0.0040378933172913805,
    "mse_model": 870.9945027441049,
    "rmse_model": 29.512615992895395
}