{
    "coefs": {
        "const": -158.88346232101873,
        "gndvi_mean": 486.1774933461934,
        "ndre_mean": -84.84119208369259
    },
    "p_values": {
        "const": 0.2452139126334623,
        "gndvi_mean": 0.3807796274127241,
        "ndre_mean": 0.832127946272557
    },
    "rsquared": 0.7126665517949204,
    "aic": 88.99777811933427,
    "fvalue": 11.161246639090201,
    "f_pvalue": 0.003653741611490822,
    "mse_model": 878.955413880402,
    "rmse_model": 29.647182224967047
}