{
    "coefs": {
        "const": 45.500068650149956,
        "cire_mean": 81.20302453554145,
        "ndre1_mean": -310.3579235558194
    },
    "p_values": {
        "const": 0.43061860178705047,
        "cire_mean": 0.1380665102398993,
        "ndre1_mean": 0.44091934549747014
    },
    "rsquared": 0.7249856211407447,
    "aic": 88.47193813468745,
    "fvalue": 11.862780806828194,
    "f_pvalue": 0.002999848379832833,
    "mse_model": 894.1489327402519,
    "rmse_model": 29.902323199715635
}