{
    "coefs": {
        "const": 11.803161894045331,
        "ndvi_mean": -253.85538905524936,
        "ndre_mean": 505.6402042575486
    },
    "p_values": {
        "const": 0.886049342449655,
        "ndvi_mean": 0.49183624614050636,
        "ndre_mean": 0.1653800131084474
    },
    "rsquared": 0.7025206875305783,
    "aic": 89.41419375375912,
    "fvalue": 10.627102327367925,
    "f_pvalue": 0.0042712546131221055,
    "mse_model": 866.4421812877133,
    "rmse_model": 29.435389946248602
}