{
    "coefs": {
        "const": -167.11268145898887,
        "gndvi_mean": 519.2719925219076,
        "ndre1_mean": -130.66684838932224
    },
    "p_values": {
        "const": 0.09047636485611979,
        "gndvi_mean": 0.16093638658123147,
        "ndre1_mean": 0.6674142330364148
    },
    "rsquared": 0.7173420955110381,
    "aic": 88.80090571843819,
    "fvalue": 11.420304822664987,
    "f_pvalue": 0.003393712962652694,
    "mse_model": 884.7219177969471,
    "rmse_model": 29.744275378582465
}