{
    "coefs": {
        "const": -73.89124883271671,
        "ndvi_max": 138.80580141509938,
        "cire_max": 7.949578641196393,
        "ndre1_max": -362.3372395629858,
        "ndre_max": 336.30163211376373
    },
    "p_values": {
        "const": 0.40621035094615743,
        "ndvi_max": 0.578570650155688,
        "cire_max": 0.7847041212549061,
        "ndre1_max": 0.31566451324638706,
        "ndre_max": 0.3388887692254229
    },
    "rsquared": 0.6286656167407826,
    "aic": 165.03624488936399,
    "fvalue": 7.195210009096309,
    "f_pvalue": 0.0013974736830558972,
    "mse_model": 626.7010366884676,
    "rmse_model": 25.033997617010105
}