{
    "coefs": {
        "const": -49.259093001118345,
        "ndvi_max": -57.48901930987881,
        "gndvi_max": 55.48903381898381,
        "cire_max": -2.096716387865979,
        "ndre_max": 232.97505616200357
    },
    "p_values": {
        "const": 0.5722631279043846,
        "ndvi_max": 0.8258277315617559,
        "gndvi_max": 0.7893876942247082,
        "cire_max": 0.9402854384038528,
        "ndre_max": 0.5005790315712036
    },
    "rsquared": 0.6070181459193906,
    "aic": 166.28277542113236,
    "fvalue": 6.564748711344391,
    "f_pvalue": 0.002196456272918798,
    "mse_model": 605.1212142133925,
    "rmse_model": 24.599211658372152
}