{
    "coefs": {
        "const": -91.81405802736532,
        "ndvi_max": 225.07528393794098,
        "gndvi_max": -97.18966543199258,
        "ndre1_max": -423.4349957384213,
        "ndre_max": 454.9889632837986
    },
    "p_values": {
        "const": 0.2612359748493953,
        "ndvi_max": 0.5462319264204285,
        "gndvi_max": 0.6988719153807369,
        "ndre1_max": 0.3134444579540404,
        "ndre_max": 0.12756068642250554
    },
    "rsquared": 0.6303491366711569,
    "aic": 164.93627663124286,
    "fvalue": 7.247335517431701,
    "f_pvalue": 0.0013475595797952271,
    "mse_model": 628.3792956190595,
    "rmse_model": 25.067494801416824
}