{
    "coefs": {
        "const": -48.55279175508903,
        "ndvi_max": 273.7660206855106,
        "gndvi_max": -37.788884783095,
        "cire_max": 28.815913129364553,
        "ndre1_max": -303.53992321631733
    },
    "p_values": {
        "const": 0.5753913016683967,
        "ndvi_max": 0.5102860431209268,
        "gndvi_max": 0.8807148552481702,
        "cire_max": 0.24450946275567895,
        "ndre1_max": 0.48079607190003093
    },
    "rsquared": 0.6080486041386739,
    "aic": 166.22501230853797,
    "fvalue": 6.5931811823516675,
    "f_pvalue": 0.0021510340471181926,
    "mse_model": 606.1484522507405,
    "rmse_model": 24.62008229577514
}