{
    "coefs": {
        "const": -50.29111613126619,
        "gndvi_max": 26.21483402970341,
        "cire_max": 2.410253495530772,
        "ndre1_max": -242.3988994243245,
        "ndre_max": 377.91082178944305
    },
    "p_values": {
        "const": 0.5281104659066906,
        "gndvi_max": 0.8691720867528765,
        "cire_max": 0.9301982285393449,
        "ndre1_max": 0.40197223355598366,
        "ndre_max": 0.30684782291270785
    },
    "rsquared": 0.6222811513759172,
    "aic": 165.41128269317718,
    "fvalue": 7.001755149316702,
    "f_pvalue": 0.0016015558832759332,
    "mse_model": 620.3365227778675,
    "rmse_model": 24.90655581925906
}