{
    "aic": 7123.761328091799,
    "bic": 7134.604879679088,
    "hqic": 7127.779001507138,
    "rmse": 7.4450773403342,
    "mse": 55.42917660355777,
    "mae": 1.5585217921079513,
    "r2": -1.560414857957587
}