{
    "aic": 7004.959646543381,
    "bic": 7015.803198130669,
    "hqic": 7008.977319958719,
    "rmse": 7.419903079238674,
    "mse": 55.05496170529556,
    "mae": 1.510109816161701,
    "r2": -1.6584625535025714
}