{
    "aic": 7051.419930296344,
    "bic": 7062.263481883633,
    "hqic": 7055.437603711683,
    "rmse": 7.431809775421385,
    "mse": 55.23179653804886,
    "mae": 1.5289442038109788,
    "r2": -1.5351657086580475
}