{
    "aic": 6116.874673125613,
    "bic": 6127.447056555018,
    "hqic": 6120.8185971695775,
    "rmse": 7.909586470479189,
    "mse": 62.56155813398744,
    "mae": 1.5291523876029123,
    "r2": -1.996611613229815
}