{"aic": 6180.0232383386265, "bic": 6190.595621768031, "hqic": 6183.967162382591, "rmse": 7.921947240868528, "mse": 62.75724808710448, "mae": 1.5582027845613446, "r2": -2.032569192538569}