{
    "aic": 6076.323007486824,
    "bic": 6086.895390916229,
    "hqic": 6080.2669315307885,
    "rmse": 7.897966397057249,
    "mse": 62.377873209045454,
    "mae": 1.5106743993935796,
    "r2": -2.1430394244684
}