{
    "coefs": {
        "const": 96.49896799642683,
        "ndvi_mean": -391.3798971794438,
        "gndvi_mean": 541.264788719624,
        "msi_mean": -100.45954693662914
    },
    "p_values": {
        "const": 0.634723443417959,
        "ndvi_mean": 0.28233232385689183,
        "gndvi_mean": 0.04588023414215294,
        "msi_mean": 0.32513491210253187
    },
    "rsquared": 0.5006700644459551,
    "aic": 169.55185534216253,
    "fvalue": 6.016103126968623,
    "f_pvalue": 0.0050418442768181216,
    "mse_model": 665.4739606594153,
    "rmse_model": 25.796781982631387
}