{
    "coefs": {
        "const": 204.25053624098896,
        "ndvi_mean": -332.4931934336307,
        "cire_mean": 69.73158932175693,
        "msi_mean": -54.408196081307764
    },
    "p_values": {
        "const": 0.31251509150426926,
        "ndvi_mean": 0.2352889567860859,
        "cire_mean": 0.010722565941766331,
        "msi_mean": 0.5147369138813769
    },
    "rsquared": 0.5676396691779877,
    "aic": 166.3836852590029,
    "fvalue": 7.877313833562568,
    "f_pvalue": 0.0014534636967952702,
    "mse_model": 754.4877269490753,
    "rmse_model": 27.46793998371693
}