{
    "coefs": {
        "const": 286.50076951863406,
        "cire_mean": 152.3743576819586,
        "ndre1_mean": -1091.4720988687036,
        "msi_mean": -103.74468530467063
    },
    "p_values": {
        "const": 0.06597428636075248,
        "cire_mean": 0.005223297632282626,
        "ndre1_mean": 0.03330336898435724,
        "msi_mean": 0.16326469799254123
    },
    "rsquared": 0.6381958677663866,
    "aic": 162.46424565831748,
    "fvalue": 10.58355852090119,
    "f_pvalue": 0.00030733903317034836,
    "mse_model": 848.268674239489,
    "rmse_model": 29.125052347411994
}