{
    "coefs": {
        "const": 106.72406062517334,
        "gndvi_mean": -716.7938016727098,
        "ndre1_mean": -2117.775039223965,
        "ndre_mean": 2605.2603206537406
    },
    "p_values": {
        "const": 0.20301908860888673,
        "gndvi_mean": 0.06888897133548386,
        "ndre1_mean": 0.011171436643463113,
        "ndre_mean": 0.008284380502394774
    },
    "rsquared": 0.6436240329195332,
    "aic": 162.1316775251181,
    "fvalue": 10.836152137737301,
    "f_pvalue": 0.0002692182043959858,
    "mse_model": 855.4836104222128,
    "rmse_model": 29.248651429120844
}