{
    "coefs": {
        "const": 78.82579463084336,
        "cire_mean": 88.87394889401295,
        "ndre_mean": -368.0544994134344,
        "ndmi_mean": 31.43792878036055
    },
    "p_values": {
        "const": 0.42520871477251343,
        "cire_mean": 0.15662427326894174,
        "ndre_mean": 0.44977593870793353,
        "ndmi_mean": 0.8097765800472905
    },
    "rsquared": 0.540789160022308,
    "aic": 167.70918770646233,
    "fvalue": 7.065893654190468,
    "f_pvalue": 0.0024495687730057966,
    "mse_model": 718.7989251963178,
    "rmse_model": 26.810425680998012
}