{
    "coefs": {
        "const": 34.792045762692744,
        "ndvi_mean": 349.5248435081138,
        "cire_mean": 145.29822836007182,
        "ndre1_mean": -1176.9698600169625
    },
    "p_values": {
        "const": 0.5735021868929548,
        "ndvi_mean": 0.33040890329195016,
        "cire_mean": 0.012882300131119311,
        "ndre1_mean": 0.11041660333426287
    },
    "rsquared": 0.617014797806453,
    "aic": 163.7158995265688,
    "fvalue": 9.666401640677005,
    "f_pvalue": 0.0005055272819665077,
    "mse_model": 820.1155020844104,
    "rmse_model": 28.637658809414056
}