{
    "coefs": {
        "const": -107.90622673695151,
        "gndvi_mean": 27.438286854359944,
        "ndre_mean": 314.7050058922803,
        "msi_mean": 45.27309618992986
    },
    "p_values": {
        "const": 0.33344333003348514,
        "gndvi_mean": 0.9265080299842992,
        "ndre_mean": 0.29197881402316306,
        "msi_mean": 0.48746830013466014
    },
    "rsquared": 0.4993752183213497,
    "aic": 169.60883118351276,
    "fvalue": 5.9850239532316705,
    "f_pvalue": 0.005155238945743443,
    "mse_model": 663.7528943521272,
    "rmse_model": 25.76340222781392
}