{
    "coefs": {
        "const": -42.233472322304934,
        "gndvi_mean": 42.16492507488675,
        "cire_mean": 43.1920094378192,
        "msi_mean": 29.74903698509153
    },
    "p_values": {
        "const": 0.7004026130662127,
        "gndvi_mean": 0.8462161639303074,
        "cire_mean": 0.1288076544891514,
        "msi_mean": 0.5506731722180706
    },
    "rsquared": 0.5324276921006529,
    "aic": 168.10616791914993,
    "fvalue": 6.8322398453323325,
    "f_pvalue": 0.0028628593842120265,
    "mse_model": 707.6851407504511,
    "rmse_model": 26.602352165747508
}