{
    "coefs": {
        "const": 47.286183688227354,
        "ndvi_mean": -457.7386245886572,
        "gndvi_mean": 74.99164887949752,
        "ndre_mean": 627.4492832346923
    },
    "p_values": {
        "const": 0.5730250130258642,
        "ndvi_mean": 0.07423428452738791,
        "gndvi_mean": 0.7736601489408235,
        "ndre_mean": 0.056819839463520865
    },
    "rsquared": 0.5710065072163837,
    "aic": 166.21169829604503,
    "fvalue": 7.9862261337991685,
    "f_pvalue": 0.0013580873760115912,
    "mse_model": 758.9628158417767,
    "rmse_model": 27.549279769928226
}