{
    "coefs": {
        "const": -416.03153510593404,
        "gndvi_mean": 176.74544505173435,
        "ndmi_mean": 683.0025440957422,
        "msi_mean": 368.96167901195975
    },
    "p_values": {
        "const": 0.02690552396258204,
        "gndvi_mean": 0.21911790478676543,
        "ndmi_mean": 0.034548692799525965,
        "msi_mean": 0.04129676712963581
    },
    "rsquared": 0.5866648420424447,
    "aic": 165.39367304092656,
    "fvalue": 8.516064952345838,
    "f_pvalue": 0.000982978380101673,
    "mse_model": 779.7753525480827,
    "rmse_model": 27.924457963371154
}