{
    "coefs": {
        "const": 54.27821842020545,
        "gndvi_mean": 80.72210438914911,
        "cire_mean": 104.1445573948765,
        "ndre1_mean": -558.0369914290724
    },
    "p_values": {
        "const": 0.4911911190997139,
        "gndvi_mean": 0.6892224899591013,
        "cire_mean": 0.026551902200202794,
        "ndre1_mean": 0.08005418133990401
    },
    "rsquared": 0.5993999187054444,
    "aic": 164.70517956116498,
    "fvalue": 8.977530660030707,
    "f_pvalue": 0.0007484566810739189,
    "mse_model": 796.7023919459865,
    "rmse_model": 28.22591702577591
}