{
    "coefs": {
        "const": -391.0522625788418,
        "ndre1_mean": -62.02890081050961,
        "ndmi_mean": 919.8714667759288,
        "msi_mean": 439.65271143032254
    },
    "p_values": {
        "const": 0.04638789511069,
        "ndre1_mean": 0.8054763787601471,
        "ndmi_mean": 0.04512223458118158,
        "msi_mean": 0.04064936629443025
    },
    "rsquared": 0.5509943279956806,
    "aic": 167.21476122971717,
    "fvalue": 7.362860146546838,
    "f_pvalue": 0.0020166873453367536,
    "mse_model": 732.3632942942589,
    "rmse_model": 27.062211555862522
}