{
    "coefs": {
        "const": -3.337442363031329,
        "gndvi_mean": 25.239152806533554,
        "cire_mean": 42.582493938374064,
        "ndmi_mean": -33.99800063703508
    },
    "p_values": {
        "const": 0.9675091074790609,
        "gndvi_mean": 0.9072029857108971,
        "cire_mean": 0.18441920592006106,
        "ndmi_mean": 0.7351656693555989
    },
    "rsquared": 0.5259283678971318,
    "aic": 168.40986530842002,
    "fvalue": 6.656315193097376,
    "f_pvalue": 0.0032250705704225838,
    "mse_model": 699.0464556632711,
    "rmse_model": 26.439486675487313
}