{
    "coefs": {
        "const": -60.69248473841202,
        "gndvi_mean": 285.1820034274203,
        "ndre1_mean": -91.6911698110236,
        "ndmi_mean": 82.51063030958358
    },
    "p_values": {
        "const": 0.4110785054003838,
        "gndvi_mean": 0.21314130309418022,
        "ndre1_mean": 0.7860164228496146,
        "ndmi_mean": 0.5961656728455809
    },
    "rsquared": 0.47795751634649264,
    "aic": 170.53045714493163,
    "fvalue": 5.493317474871163,
    "f_pvalue": 0.007382066208854281,
    "mse_model": 635.2851988105464,
    "rmse_model": 25.204864586237047
}