{
    "coefs": {
        "const": -9.406637931405784,
        "ndvi_mean": -447.9590830157872,
        "gndvi_mean": 348.97946301716433,
        "ndre1_mean": 475.4482241430873
    },
    "p_values": {
        "const": 0.9027586943609677,
        "ndvi_mean": 0.1610682213297041,
        "gndvi_mean": 0.11821629818944678,
        "ndre1_mean": 0.1711759530393536
    },
    "rsquared": 0.5258015235666289,
    "aic": 168.41575092110062,
    "fvalue": 6.652929729189144,
    "f_pvalue": 0.0032325212502147924,
    "mse_model": 698.8778584073108,
    "rmse_model": 26.436298122227907
}