{
    "coefs": {
        "const": -32.06810757625388,
        "ndre1_mean": -1029.3874291055713,
        "ndre_mean": 1122.308097170577,
        "msi_mean": -7.731780007030174
    },
    "p_values": {
        "const": 0.761422088863088,
        "ndre1_mean": 0.10252499611084456,
        "ndre_mean": 0.029024555528605788,
        "msi_mean": 0.9058066456542808
    },
    "rsquared": 0.569852844947763,
    "aic": 166.27078195185504,
    "fvalue": 7.948714828234446,
    "f_pvalue": 0.0013901302573725402,
    "mse_model": 757.429406409735,
    "rmse_model": 27.52143539878934
}