{
    "coefs": {
        "const": 76.2300758002283,
        "ndvi_mean": -324.9711302900288,
        "ndre1_mean": 587.476127051799,
        "msi_mean": -12.533246837085272
    },
    "p_values": {
        "const": 0.7237728920384034,
        "ndvi_mean": 0.4253913919750182,
        "ndre1_mean": 0.11619272125261143,
        "msi_mean": 0.8899530446419033
    },
    "rsquared": 0.4554806373568354,
    "aic": 171.45785683287727,
    "fvalue": 5.018891910244027,
    "f_pvalue": 0.01057858423969198,
    "mse_model": 605.4096804867937,
    "rmse_model": 24.60507428330168
}