{
    "coefs": {
        "const": -5.237394818324521,
        "ndre1_mean": -1268.7230208879153,
        "ndre_mean": 1201.528213176857,
        "ndmi_mean": 112.43183686617009
    },
    "p_values": {
        "const": 0.92077278688659,
        "ndre1_mean": 0.05117631129693671,
        "ndre_mean": 0.01802688398113852,
        "ndmi_mean": 0.4151616773850335
    },
    "rsquared": 0.5855282391608891,
    "aic": 165.45408635359607,
    "fvalue": 8.476257653483596,
    "f_pvalue": 0.0010067502737258435,
    "mse_model": 778.264617884682,
    "rmse_model": 27.897394464083597
}