{
    "coefs": {
        "const": 200.44540126344296,
        "cire_mean": 145.28308304849145,
        "ndre1_mean": -1151.4560268325436,
        "ndmi_mean": 240.78430516288677
    },
    "p_values": {
        "const": 0.016859848439192953,
        "cire_mean": 0.002816593570693257,
        "ndre1_mean": 0.017035619410250648,
        "ndmi_mean": 0.08925970712364538
    },
    "rsquared": 0.6571749411956721,
    "aic": 161.27882604268518,
    "fvalue": 11.501637776789773,
    "f_pvalue": 0.0001916277772866827,
    "mse_model": 873.4950260059142,
    "rmse_model": 29.554949264140415
}