{
    "coefs": {
        "const": 23.235278344209437,
        "ndvi_mean": -308.21698685604275,
        "ndre1_mean": -668.7989157806264,
        "ndre_mean": 1120.6995296936423
    },
    "p_values": {
        "const": 0.7151181702589446,
        "ndvi_mean": 0.2645937270786626,
        "ndre1_mean": 0.26047002429270893,
        "ndre_mean": 0.020355157275421303
    },
    "rsquared": 0.5990445559100301,
    "aic": 164.72468658660176,
    "fvalue": 8.964256224573589,
    "f_pvalue": 0.0007542638801275865,
    "mse_model": 796.2300555637484,
    "rmse_model": 28.217548716423764
}