{
    "coefs": {
        "const": 164.56864220882431,
        "ndvi_mean": -354.43406348240893,
        "cire_mean": 63.307707875348484,
        "ndmi_mean": 134.84853071395057
    },
    "p_values": {
        "const": 0.15004292167187785,
        "ndvi_mean": 0.15779710087625481,
        "cire_mean": 0.01419964612532231,
        "ndmi_mean": 0.3731405949664628
    },
    "rsquared": 0.5766497774803416,
    "aic": 165.92037507106159,
    "fvalue": 8.172662917925804,
    "f_pvalue": 0.0012105067219743144,
    "mse_model": 766.4636625676208,
    "rmse_model": 27.68508014378179
}