{
    "coefs": {
        "const": -52.25870605492998,
        "gndvi_mean": 67.17564724081063,
        "ndre_mean": 225.20632313525377,
        "ndmi_mean": -25.357729163216767
    },
    "p_values": {
        "const": 0.4845722642209156,
        "gndvi_mean": 0.8381269177807498,
        "ndre_mean": 0.5515273816002615,
        "ndmi_mean": 0.8635509503593336
    },
    "rsquared": 0.4862658079625327,
    "aic": 170.17751168833024,
    "fvalue": 5.679191482669335,
    "f_pvalue": 0.006434815064856435,
    "mse_model": 646.3283030835331,
    "rmse_model": 25.422987689953615
}