{
    "coefs": {
        "const": 67.19165700096572,
        "ndvi_mean": -445.61614612784695,
        "cire_mean": 4.222238231424811,
        "ndre_mean": 642.9945772853735
    },
    "p_values": {
        "const": 0.28052030348338214,
        "ndvi_mean": 0.27955047322927823,
        "cire_mean": 0.9627350881955166,
        "ndre_mean": 0.4880729814970638
    },
    "rsquared": 0.5690287954762349,
    "aic": 166.3128878800494,
    "fvalue": 7.922043832673608,
    "f_pvalue": 0.0014134226902430339,
    "mse_model": 756.3341073204956,
    "rmse_model": 27.50152918149272
}