{
    "coefs": {
        "const": 171.70637076383213,
        "ndvi_mean": -673.8820884652721,
        "ndre_mean": 680.4870929772071,
        "ndmi_mean": 161.83997504071283
    },
    "p_values": {
        "const": 0.12539424499477977,
        "ndvi_mean": 0.03782231579252835,
        "ndre_mean": 0.008640374927926896,
        "ndmi_mean": 0.2741760222798914
    },
    "rsquared": 0.5974266870404884,
    "aic": 164.81327871953025,
    "fvalue": 8.90411760255813,
    "f_pvalue": 0.0007812063152873574,
    "mse_model": 794.0796381913159,
    "rmse_model": 28.179418698605474
}