{
    "coefs": {
        "const": 118.12520628040191,
        "ndvi_mean": -407.89950333619095,
        "ndre1_mean": 530.3855726362574,
        "ndmi_mean": 119.40982530222905
    },
    "p_values": {
        "const": 0.34323206577545606,
        "ndvi_mean": 0.2582379716300076,
        "ndre1_mean": 0.15036351893051164,
        "ndmi_mean": 0.4859398376968139
    },
    "rsquared": 0.46979322297446535,
    "aic": 170.87185545295407,
    "fvalue": 5.316339699880979,
    "f_pvalue": 0.008429037604036547,
    "mse_model": 624.4334922035601,
    "rmse_model": 24.988667275458294
}