{
    "coefs": {
        "const": 58.12323318146488,
        "cire_mean": 82.71368514485208,
        "ndre_mean": -285.5460227381052,
        "msi_mean": 1.1900464170758198
    },
    "p_values": {
        "const": 0.7255467832239162,
        "cire_mean": 0.22647816439911495,
        "ndre_mean": 0.5864730924331538,
        "msi_mean": 0.9863474968803598
    },
    "rsquared": 0.5392745095067112,
    "aic": 167.78163259281,
    "fvalue": 7.022939090207338,
    "f_pvalue": 0.0025203022611679504,
    "mse_model": 716.7857022193369,
    "rmse_model": 26.772853830313586
}