{
    "coefs": {
        "const": 223.99917402091518,
        "ndvi_mean": -680.2893127041539,
        "ndre_mean": 753.4470446834368,
        "msi_mean": -68.94665559571138
    },
    "p_values": {
        "const": 0.26245392334104206,
        "ndvi_mean": 0.06860103054686721,
        "ndre_mean": 0.007083069979947107,
        "msi_mean": 0.4076691801170581
    },
    "rsquared": 0.5855264697695961,
    "aic": 165.45418027199784,
    "fvalue": 8.47619585420721,
    "f_pvalue": 0.0010067876706263278,
    "mse_model": 778.2622660687548,
    "rmse_model": 27.89735231287648
}