{
    "coefs": {
        "const": -109.219485533079,
        "gndvi_mean": 240.84897865693173,
        "ndre1_mean": 111.21261015526898,
        "msi_mean": 18.365301462337232
    },
    "p_values": {
        "const": 0.3733464808651964,
        "gndvi_mean": 0.28159418411825743,
        "ndre1_mean": 0.6866140733012116,
        "msi_mean": 0.7962297677920724
    },
    "rsquared": 0.47153334132070723,
    "aic": 170.79953355121927,
    "fvalue": 5.353601786335553,
    "f_pvalue": 0.008195653979862744,
    "mse_model": 626.74639950544,
    "rmse_model": 25.034903624848248
}