{
    "coefs": {
        "const": -365.4074396281396,
        "ndvi_mean": -31.884696345923146,
        "ndmi_mean": 863.8077394243511,
        "msi_mean": 415.09944589575395
    },
    "p_values": {
        "const": 0.08848239823535148,
        "ndvi_mean": 0.8816485950292523,
        "ndmi_mean": 0.015937757868849507,
        "msi_mean": 0.026195891262945758
    },
    "rsquared": 0.5500063112910178,
    "aic": 167.2631180522108,
    "fvalue": 7.333520337171423,
    "f_pvalue": 0.0020554357321202134,
    "mse_model": 731.0500554243113,
    "rmse_model": 27.037937336718407
}