{
    "coefs": {
        "const": -273.45034070917006,
        "cire_mean": 21.720933469656575,
        "ndmi_mean": 544.9717227307251,
        "msi_mean": 291.0450276267681
    },
    "p_values": {
        "const": 0.23075457834205138,
        "cire_mean": 0.4371222669444337,
        "ndmi_mean": 0.25598652193160376,
        "msi_mean": 0.21943474874037602
    },
    "rsquared": 0.5647101191892021,
    "aic": 166.53224822551994,
    "fvalue": 7.783917946413154,
    "f_pvalue": 0.0015411851544842084,
    "mse_model": 750.5938667556478,
    "rmse_model": 27.396968203720057
}