{
    "coefs": {
        "const": 38.77786309715977,
        "ndvi_mean": -245.41599086902121,
        "gndvi_mean": 173.85836057669536,
        "cire_mean": 54.869652469197256
    },
    "p_values": {
        "const": 0.6285920707586256,
        "ndvi_mean": 0.173410285547856,
        "gndvi_mean": 0.4581631596293727,
        "cire_mean": 0.05719461669682346
    },
    "rsquared": 0.5707386537444075,
    "aic": 166.22543029336506,
    "fvalue": 7.977498911414807,
    "f_pvalue": 0.0013654686017464197,
    "mse_model": 758.6067939352748,
    "rmse_model": 27.54281746545322
}