{
    "coefs": {
        "const": 129.48803367656706,
        "ndvi_mean": -771.0998797834154,
        "gndvi_mean": 648.0806944445774,
        "ndmi_mean": 391.0171446238929
    },
    "p_values": {
        "const": 0.2186138950158121,
        "ndvi_mean": 0.02722439855641314,
        "gndvi_mean": 0.007512480318954233,
        "ndmi_mean": 0.025460726792473725
    },
    "rsquared": 0.6031343525718069,
    "aic": 164.49913146991236,
    "fvalue": 9.118466510976136,
    "f_pvalue": 0.0006897663989137482,
    "mse_model": 801.6660769600267,
    "rmse_model": 28.31370828697694
}