{
    "coefs": {
        "const": 19.82749411898856,
        "gndvi_mean": 236.42615599286634,
        "cire_mean": 98.24804895480443,
        "ndre_mean": -558.2910838070615
    },
    "p_values": {
        "const": 0.7999753181948769,
        "gndvi_mean": 0.3983278620487637,
        "cire_mean": 0.1035445438492482,
        "ndre_mean": 0.24923276425276292
    },
    "rsquared": 0.5576613499370026,
    "aic": 166.88564662276553,
    "fvalue": 7.56426800856196,
    "f_pvalue": 0.001771549442973014,
    "mse_model": 741.2248776245992,
    "rmse_model": 27.225445407276613
}