{
    "coefs": {
        "const": 37.154151804184565,
        "cire_mean": 77.12448785074025,
        "ndre1_mean": -946.7753880798219,
        "ndre_mean": 573.0294396642198
    },
    "p_values": {
        "const": 0.5290103454866308,
        "cire_mean": 0.146758025413066,
        "ndre1_mean": 0.06948720416125308,
        "ndre_mean": 0.3160520111582773
    },
    "rsquared": 0.618279425884753,
    "aic": 163.64313469610033,
    "fvalue": 9.718303929272919,
    "f_pvalue": 0.0004911283839059492,
    "mse_model": 821.7964035718177,
    "rmse_model": 28.666991533326577
}