{
    "coefs": {
        "const": -348.8561024991456,
        "ndre_mean": 124.44387274475531,
        "ndmi_mean": 643.7607074021274,
        "msi_mean": 346.422463774849
    },
    "p_values": {
        "const": 0.07114714761468162,
        "ndre_mean": 0.5139631234737283,
        "ndmi_mean": 0.13107879042016948,
        "msi_mean": 0.09629951930434827
    },
    "rsquared": 0.5602665949124308,
    "aic": 166.7556899921512,
    "fvalue": 7.644630884490458,
    "f_pvalue": 0.0016831121510087507,
    "mse_model": 744.6876824044393,
    "rmse_model": 27.28896631249413
}