{
    "coefs": {
        "const": 19.712402820995564,
        "ndre1_max": -1116.7646652031262,
        "ndre_max": 1024.89102864493
    },
    "p_values": {
        "const": 0.7301977173621363,
        "ndre1_max": 0.3918722508127635,
        "ndre_max": 0.38090110835738067
    },
    "rsquared": 0.1629449625903746,
    "aic": 65.6783781200776,
    "fvalue": 0.48666143595117933,
    "f_pvalue": 0.6410398614031925,
    "mse_model": 79.18106775876015,
    "rmse_model": 8.898374444737653
}