{
    "coefs": {
        "const": 133.88548812844982,
        "ndvi_max": -341.1747543835925,
        "ndre_max": 335.56188588744925
    },
    "p_values": {
        "const": 0.15917762625593654,
        "ndvi_max": 0.2147793583094458,
        "ndre_max": 0.20835580008158092
    },
    "rsquared": 0.2988707960729291,
    "aic": 64.2607969991937,
    "fvalue": 1.0656766056774343,
    "f_pvalue": 0.41161874346727695,
    "mse_model": 145.23252746668896,
    "rmse_model": 12.051245888566417
}