{
    "coefs": {
        "const": 53.43849023473706,
        "gndvi_max": -36.85105097849282,
        "ndre1_max": 53.564934338470266
    },
    "p_values": {
        "const": 0.8296619021857471,
        "gndvi_max": 0.9675992904136579,
        "ndre1_max": 0.9425228590230939
    },
    "rsquared": 0.008848790932147299,
    "aic": 67.03019636891275,
    "fvalue": 0.02231947772244893,
    "f_pvalue": 0.9780246204719028,
    "mse_model": 4.299959343590331,
    "rmse_model": 2.073634332178731
}