{
    "coefs": {
        "const": 198.6617100196955,
        "cire_max": 74.29028750334399,
        "ndre1_max": -676.1351814268443
    },
    "p_values": {
        "const": 0.1621360605729615,
        "cire_max": 0.22755138067744385,
        "ndre1_max": 0.2489401823211546
    },
    "rsquared": 0.28053160544104794,
    "aic": 64.46736031621481,
    "fvalue": 0.9747878001403357,
    "f_pvalue": 0.43906548809142665,
    "mse_model": 136.32082701900924,
    "rmse_model": 11.67565103191292
}