{
    "coefs": {
        "const": -8.446646824384544,
        "ndvi_max": -748.9848536368046,
        "gndvi_max": 989.878276725336
    },
    "p_values": {
        "const": 0.9005259944891677,
        "ndvi_max": 0.06567109913895568,
        "gndvi_max": 0.06544881545533009
    },
    "rsquared": 0.5282046428550384,
    "aic": 61.09162213850433,
    "fvalue": 2.7989075923268616,
    "f_pvalue": 0.15289178705747988,
    "mse_model": 256.67444363737025,
    "rmse_model": 16.02106250026415
}