{
    "coefs": {
        "const": 171.71914358168237,
        "ndvi_max": -450.1594439875317,
        "ndre1_max": 488.0630353762839
    },
    "p_values": {
        "const": 0.12702558038259612,
        "ndvi_max": 0.18547494010493232,
        "ndre1_max": 0.1843342489736489
    },
    "rsquared": 0.3259541648794073,
    "aic": 63.94564443476022,
    "fvalue": 1.2089465875161565,
    "f_pvalue": 0.3730126616842776,
    "mse_model": 158.393351996087,
    "rmse_model": 12.585442065977936
}