{
    "coefs": {
        "const": 86.70157711314368,
        "gndvi_max": -185.39446032764818,
        "ndre_max": 161.02428455576342
    },
    "p_values": {
        "const": 0.601536791096408,
        "gndvi_max": 0.7571978464437207,
        "ndre_max": 0.7146146440624574
    },
    "rsquared": 0.03658206672541586,
    "aic": 66.80315799764486,
    "fvalue": 0.09492782275983863,
    "f_pvalue": 0.9110386780033064,
    "mse_model": 17.77659804938179,
    "rmse_model": 4.2162303126586655
}