{
    "coefs": {
        "const": 192.4575974592196,
        "ndvi_max": -279.47097370594156,
        "cire_max": 33.02893346048203
    },
    "p_values": {
        "const": 0.12314443117537398,
        "ndvi_max": 0.20197346624848797,
        "cire_max": 0.18410364950913122
    },
    "rsquared": 0.3262281778692906,
    "aic": 63.94239161500753,
    "fvalue": 1.2104549609897584,
    "f_pvalue": 0.3726336846600493,
    "mse_model": 158.52650518335838,
    "rmse_model": 12.590730923316501
}