{
    "coefs": {
        "const": 188.2631663602525,
        "cire_max": 65.24384242047796,
        "ndre_max": -523.5525447555085
    },
    "p_values": {
        "const": 0.2975627109565663,
        "cire_max": 0.37729674600008756,
        "ndre_max": 0.40697427089227123
    },
    "rsquared": 0.171449021433016,
    "aic": 65.59668645799792,
    "fvalue": 0.5173158498030646,
    "f_pvalue": 0.6248821030757179,
    "mse_model": 83.31350885260622,
    "rmse_model": 9.127623395638441
}