{
    "coefs": {
        "const": 211.71162726953008,
        "gndvi_max": -371.1299017539011,
        "cire_max": 35.47412429784099
    },
    "p_values": {
        "const": 0.3621582943867183,
        "gndvi_max": 0.4585846117851412,
        "cire_max": 0.4098009070997638
    },
    "rsquared": 0.14581515522412702,
    "aic": 65.84044045884721,
    "fvalue": 0.4267669817485086,
    "f_pvalue": 0.6743411378626433,
    "mse_model": 70.85705199172423,
    "rmse_model": 8.417663095641464
}