{
    "coefs": {
        "const": -47.2922452693079,
        "gndvi_mean": 214.02615102641812,
        "cire_mean": 45.49201690255063,
        "ndre1_mean": -476.84418205706515,
        "ndre_mean": 220.38808673969834
    },
    "p_values": {
        "const": 0.819550870125454,
        "gndvi_mean": 0.8434247573739717,
        "cire_mean": 0.7226624637914537,
        "ndre1_mean": 0.7692774654284571,
        "ndre_mean": 0.9351414712852066
    },
    "rsquared": 0.7394257313029368,
    "aic": 91.82471259145457,
    "fvalue": 4.965935570885182,
    "f_pvalue": 0.032404966568600625,
    "mse_model": 455.9792009701444,
    "rmse_model": 21.353669496602787
}