{
    "coefs": {
        "const": 94.0046506727748,
        "gndvi_mean": 0.3683214941092956,
        "ndre1_mean": -1421.1689847367797,
        "ndre_mean": 1296.3592560970696,
        "msi_mean": -94.46138507333671
    },
    "p_values": {
        "const": 0.7179113855339809,
        "gndvi_mean": 0.9996553650156179,
        "ndre1_mean": 0.29536401820236746,
        "ndre_mean": 0.40669396979699246,
        "msi_mean": 0.40445711249065924
    },
    "rsquared": 0.7611915596220384,
    "aic": 90.77799824828232,
    "fvalue": 5.578049198052962,
    "f_pvalue": 0.024386502703346226,
    "mse_model": 469.4014617669237,
    "rmse_model": 21.665674736017888
}