{
    "coefs": {
        "const": -11.24814508036826,
        "ndvi_mean": -441.95855551596196,
        "gndvi_mean": 770.8227133987217,
        "ndre1_mean": -350.3694837048679,
        "ndmi_mean": 338.9564479923804
    },
    "p_values": {
        "const": 0.9408444335935341,
        "ndvi_mean": 0.397848024220965,
        "gndvi_mean": 0.07300762705981874,
        "ndre1_mean": 0.5844185579306208,
        "ndmi_mean": 0.16719767484485976
    },
    "rsquared": 0.7929097244544638,
    "aic": 89.06791528126385,
    "fvalue": 6.700420935459134,
    "f_pvalue": 0.01525798201595537,
    "mse_model": 488.96099674691936,
    "rmse_model": 22.11246247587363
}