{
    "coefs": {
        "const": -2.7209090032403083,
        "gndvi_mean": 193.98800489144082,
        "ndre1_mean": -1342.8188551049825,
        "ndre_mean": 936.6178258914451,
        "ndmi_mean": 268.3760859772344
    },
    "p_values": {
        "const": 0.9887132046095328,
        "gndvi_mean": 0.8152003683134785,
        "ndre1_mean": 0.26416411441596954,
        "ndre_mean": 0.514976964635468,
        "ndmi_mean": 0.24796547397693333
    },
    "rsquared": 0.783470670992253,
    "aic": 89.60276962346536,
    "fvalue": 6.332046012054971,
    "f_pvalue": 0.017677849788051286,
    "mse_model": 483.14024711188944,
    "rmse_model": 21.98045147652544
}