{
    "coefs": {
        "const": -637.3958138561588,
        "gndvi_mean": 417.6421899779675,
        "cire_mean": -67.4769259309042,
        "ndmi_mean": 1143.944417761788,
        "msi_mean": 529.6269636253303
    },
    "p_values": {
        "const": 0.2020151443386233,
        "gndvi_mean": 0.393411489066059,
        "cire_mean": 0.4385692356533466,
        "ndmi_mean": 0.22420556490041552,
        "msi_mean": 0.23041303084223302
    },
    "rsquared": 0.7722883140367909,
    "aic": 90.20702106003235,
    "fvalue": 5.935156748093917,
    "f_pvalue": 0.02086427964689652,
    "mse_model": 476.2444603226877,
    "rmse_model": 21.82302592040544
}