{
    "coefs": {
        "const": -77.80122641838835,
        "ndvi_mean": -9.624136482148856,
        "gndvi_mean": 479.00614583207744,
        "cire_mean": 69.54509861097193,
        "ndre_mean": -525.004561955114
    },
    "p_values": {
        "const": 0.6743238641717024,
        "ndvi_mean": 0.986089628658567,
        "gndvi_mean": 0.4381035562704011,
        "cire_mean": 0.5987649253980859,
        "ndre_mean": 0.7098217353930207
    },
    "rsquared": 0.7359765158889648,
    "aic": 91.98251418783352,
    "fvalue": 4.878198267636061,
    "f_pvalue": 0.03381710921226334,
    "mse_model": 453.8521847981951,
    "rmse_model": 21.303806814703215
}