{
    "coefs": {
        "const": -284.44892259764936,
        "ndvi_mean": -151.52983192782676,
        "ndre_mean": 49.97775256005616,
        "ndmi_mean": 864.8651488300625,
        "msi_mean": 373.8008551844596
    },
    "p_values": {
        "const": 0.5388495391532813,
        "ndvi_mean": 0.7786021953773782,
        "ndre_mean": 0.9334461444774291,
        "ndmi_mean": 0.3176350889599758,
        "msi_mean": 0.38447451482117045
    },
    "rsquared": 0.7501256022140016,
    "aic": 91.3215581310398,
    "fvalue": 5.253518629782809,
    "f_pvalue": 0.0282739728514614,
    "mse_model": 462.57745469863437,
    "rmse_model": 21.50761387738385
}