{
    "coefs": {
        "const": 150.63392468004923,
        "cire_mean": 42.09470524565228,
        "ndre1_mean": -1290.5720883040613,
        "ndre_mean": 900.546977312938,
        "msi_mean": -100.00205967554734
    },
    "p_values": {
        "const": 0.4913220603903683,
        "cire_mean": 0.6755740966035734,
        "ndre1_mean": 0.23403015760496212,
        "ndre_mean": 0.4557588970457911,
        "msi_mean": 0.376117931926316
    },
    "rsquared": 0.7675213203851661,
    "aic": 90.45563978085588,
    "fvalue": 5.777572003159021,
    "f_pvalue": 0.022332355529239498,
    "mse_model": 473.3048142375191,
    "rmse_model": 21.7555697290951
}