{
    "coefs": {
        "const": -56.6794461043352,
        "gndvi_mean": 918.8638320211976,
        "cire_mean": 101.77411593966761,
        "ndre_mean": -1377.2336782441203,
        "ndmi_mean": 254.30367335177198
    },
    "p_values": {
        "const": 0.7302978676727703,
        "gndvi_mean": 0.19146897918662406,
        "cire_mean": 0.2761523617955019,
        "ndre_mean": 0.1914205595649575,
        "ndmi_mean": 0.26666187556849297
    },
    "rsquared": 0.7814440591253728,
    "aic": 89.71456158688471,
    "fvalue": 6.257103320993105,
    "f_pvalue": 0.01822913518639303,
    "mse_model": 481.8905031273133,
    "rmse_model": 21.95200453551596
}