{
    "coefs": {
        "const": -42.453310804232956,
        "ndvi_mean": 283.1815659852224,
        "cire_mean": 62.924359341042646,
        "ndre1_mean": -1021.0390911756031,
        "ndre_mean": 460.1687788153231
    },
    "p_values": {
        "const": 0.7596295336382171,
        "ndvi_mean": 0.6717668149211448,
        "cire_mean": 0.6256214500053019,
        "ndre1_mean": 0.3629141646736497,
        "ndre_mean": 0.7319042172331021
    },
    "rsquared": 0.7449816728521863,
    "aic": 91.56608250288488,
    "fvalue": 5.11225189998076,
    "f_pvalue": 0.030213322851944054,
    "mse_model": 459.4053649255149,
    "rmse_model": 21.433743605014847
}