{
    "coefs": {
        "const": -393.64855245171503,
        "gndvi_mean": 525.7163788378792,
        "ndre1_mean": -798.353673288274,
        "ndmi_mean": 1037.1883963023633,
        "msi_mean": 378.2441960251103
    },
    "p_values": {
        "const": 0.10427308493324766,
        "gndvi_mean": 0.1684181831443409,
        "ndre1_mean": 0.13157519263701736,
        "ndmi_mean": 0.10198589200099778,
        "msi_mean": 0.1836680945217767
    },
    "rsquared": 0.8237271515187286,
    "aic": 87.13445437872146,
    "fvalue": 8.17779100739348,
    "f_pvalue": 0.008929382068464841,
    "mse_model": 507.96507676988267,
    "rmse_model": 22.538080591964405
}