{
    "coefs": {
        "const": 125.0616754445827,
        "ndvi_mean": -212.44485630717554,
        "cire_mean": 53.233342287465746,
        "ndre_mean": 44.105206442714916,
        "msi_mean": -40.097571739123396
    },
    "p_values": {
        "const": 0.6514466192308637,
        "ndvi_mean": 0.7532818519019211,
        "cire_mean": 0.6960157449908982,
        "ndre_mean": 0.9733131101179491,
        "msi_mean": 0.7346291441776298
    },
    "rsquared": 0.7155407311056762,
    "aic": 92.87713844979162,
    "fvalue": 4.402023123739808,
    "f_pvalue": 0.04302125375425386,
    "mse_model": 441.25011751516706,
    "rmse_model": 21.005954334787244
}