{
    "coefs": {
        "const": 111.35357816690407,
        "ndvi_mean": -272.8865427193905,
        "cire_mean": 43.09005573134624,
        "ndre_mean": 80.82012992125146,
        "ndmi_mean": 131.16023067487913
    },
    "p_values": {
        "const": 0.5184431424111616,
        "ndvi_mean": 0.6755535757558467,
        "cire_mean": 0.7512585290369657,
        "ndre_mean": 0.9503427372707893,
        "ndmi_mean": 0.580936629148066
    },
    "rsquared": 0.7237008931854381,
    "aic": 92.52786552906579,
    "fvalue": 4.583715733560123,
    "f_pvalue": 0.03917112627612925,
    "mse_model": 446.2822174643535,
    "rmse_model": 21.125392717399446
}