{
    "coefs": {
        "const": 24.73881065847425,
        "gndvi_mean": 758.3444483171038,
        "cire_mean": 104.8629059893606,
        "ndre_mean": -1125.679999908225,
        "msi_mean": -83.91413782541761
    },
    "p_values": {
        "const": 0.9087519737061023,
        "gndvi_mean": 0.2787260786709728,
        "cire_mean": 0.310701596771562,
        "ndre_mean": 0.29449758031620193,
        "msi_mean": 0.44326700093971316
    },
    "rsquared": 0.7587178433005387,
    "aic": 90.90166181822026,
    "fvalue": 5.502919254115351,
    "f_pvalue": 0.02522240465871524,
    "mse_model": 467.8760033686656,
    "rmse_model": 21.630441589774943
}