{
    "coefs": {
        "const": -117.79097519593711,
        "ndvi_mean": -516.374790007776,
        "gndvi_mean": 509.42576811983236,
        "ndmi_mean": 576.9864562039293,
        "msi_mean": 173.1183384528669
    },
    "p_values": {
        "const": 0.6850214770261358,
        "ndvi_mean": 0.26497155340454986,
        "gndvi_mean": 0.2625243101717743,
        "ndmi_mean": 0.31384063935738804,
        "msi_mean": 0.5705462774037532
    },
    "rsquared": 0.7936267418892876,
    "aic": 89.02629507951534,
    "fvalue": 6.729780839924439,
    "f_pvalue": 0.01508390200285057,
    "mse_model": 489.4031574983941,
    "rmse_model": 22.122458215541826
}