{
    "coefs": {
        "const": -169.83694290369965,
        "cire_mean": 51.83183985485664,
        "ndre1_mean": -598.9695577181853,
        "ndmi_mean": 819.2979479116261,
        "msi_mean": 303.8240851364221
    },
    "p_values": {
        "const": 0.6935284348492936,
        "cire_mean": 0.5171604921735169,
        "ndre1_mean": 0.33649580732697365,
        "ndmi_mean": 0.34632798501061823,
        "msi_mean": 0.469705458037877
    },
    "rsquared": 0.7790006904844935,
    "aic": 89.8479724637441,
    "fvalue": 6.16857677671708,
    "f_pvalue": 0.018909045896386534,
    "mse_model": 480.3837591321044,
    "rmse_model": 21.917658614279592
}