{
    "coefs": {
        "const": 100.35218679487207,
        "gndvi_mean": 385.16683603031584,
        "cire_mean": 71.62473874742524,
        "ndre1_mean": -793.4750168822729,
        "msi_mean": -102.95470915936681
    },
    "p_values": {
        "const": 0.6743655399299685,
        "gndvi_mean": 0.4252985855315533,
        "cire_mean": 0.3314528742877661,
        "ndre1_mean": 0.23319349713684884,
        "msi_mean": 0.36219075240622967
    },
    "rsquared": 0.7703302630476169,
    "aic": 90.30976574634927,
    "fvalue": 5.869636889133649,
    "f_pvalue": 0.021459198097832904,
    "mse_model": 475.0369955460305,
    "rmse_model": 21.795343437212235
}