{
    "coefs": {
        "const": -322.92078095010197,
        "cire_mean": 19.729726359485426,
        "ndre_mean": -199.08985307648732,
        "ndmi_mean": 880.2017244235781,
        "msi_mean": 394.93371749411995
    },
    "p_values": {
        "const": 0.49241887367247916,
        "cire_mean": 0.8659447763685926,
        "ndre_mean": 0.7886558324987103,
        "ndmi_mean": 0.3443719715342242,
        "msi_mean": 0.37698156665104554
    },
    "rsquared": 0.7481809532505932,
    "aic": 91.41458667142493,
    "fvalue": 5.19943461421916,
    "f_pvalue": 0.028997101874747033,
    "mse_model": 461.3782545045326,
    "rmse_model": 21.4797172817645
}