{
    "coefs": {
        "const": 78.41796488183064,
        "ndvi_mean": 295.96932446531866,
        "cire_mean": 108.4487660141074,
        "ndre1_mean": -1137.8826387990607,
        "ndmi_mean": 202.03485728408975
    },
    "p_values": {
        "const": 0.6204025250428817,
        "ndvi_mean": 0.6136395558843784,
        "cire_mean": 0.11248589372498238,
        "ndre1_mean": 0.2746153781000547,
        "ndmi_mean": 0.37599519110911706
    },
    "rsquared": 0.7697415247837391,
    "aic": 90.3404873365382,
    "fvalue": 5.850154558290996,
    "f_pvalue": 0.021640275474653078,
    "mse_model": 474.6739402833058,
    "rmse_model": 21.787013110642445
}