{
    "coefs": {
        "const": 73.00283194413714,
        "ndvi_mean": -490.3460528131245,
        "gndvi_mean": 775.1539769513051,
        "ndre1_mean": -85.75948235220267,
        "msi_mean": -124.2510130055037
    },
    "p_values": {
        "const": 0.7664281018091629,
        "ndvi_mean": 0.4218958110926716,
        "gndvi_mean": 0.11068462620911639,
        "ndre1_mean": 0.8918753682533174,
        "msi_mean": 0.3341200776593942
    },
    "rsquared": 0.7595978633859745,
    "aic": 90.85781462236537,
    "fvalue": 5.529469411745241,
    "f_pvalue": 0.024922876968018103,
    "mse_model": 468.4186824213509,
    "rmse_model": 21.642982290371883
}