{
    "coefs": {
        "const": -1.7703060372455752,
        "ndvi_mean": -645.2564973968215,
        "gndvi_mean": 815.8847325082661,
        "cire_mean": -18.532332621588864,
        "ndmi_mean": 324.21760267491686
    },
    "p_values": {
        "const": 0.9916862373139526,
        "ndvi_mean": 0.1738146214381116,
        "gndvi_mean": 0.19525559653498875,
        "cire_mean": 0.7637086543031499,
        "ndmi_mean": 0.21833082853740066
    },
    "rsquared": 0.7861727061180515,
    "aic": 89.45208135303952,
    "fvalue": 6.434175033174924,
    "f_pvalue": 0.016960475888999845,
    "mse_model": 484.8065021061318,
    "rmse_model": 22.018321963903876
}