{
    "coefs": {
        "const": -28.41605662689676,
        "ndvi_mean": -560.2762510877395,
        "gndvi_mean": 996.1061925836893,
        "ndre_mean": -378.51715559935974,
        "ndmi_mean": 361.17990909700393
    },
    "p_values": {
        "const": 0.863416784609333,
        "ndvi_mean": 0.20969972039102375,
        "gndvi_mean": 0.15531484240597943,
        "ndre_mean": 0.5630700112470809,
        "ndmi_mean": 0.16820520545048664
    },
    "rsquared": 0.7940264733851574,
    "aic": 89.00302932539424,
    "fvalue": 6.746237495959318,
    "f_pvalue": 0.014987439997256607,
    "mse_model": 489.6496585875138,
    "rmse_model": 22.12802880031373
}