{
    "coefs": {
        "const": -280.06368160078716,
        "ndvi_mean": -133.36200242253267,
        "cire_mean": 5.599046568035874,
        "ndmi_mean": 857.2782360711171,
        "msi_mean": 370.7407505338098
    },
    "p_values": {
        "const": 0.5782423810001944,
        "ndvi_mean": 0.7263384663651445,
        "cire_mean": 0.9329777915513057,
        "ndmi_mean": 0.35740821468989287,
        "msi_mean": 0.4166574695719677
    },
    "rsquared": 0.7501293865303259,
    "aic": 91.32137639117298,
    "fvalue": 5.25362469879793,
    "f_pvalue": 0.028272577449745664,
    "mse_model": 462.57978836036773,
    "rmse_model": 21.50766812930606
}