{
    "coefs": {
        "const": 112.0842008570852,
        "ndvi_mean": -54.59107762087501,
        "ndre1_mean": -1366.1457504954815,
        "ndre_mean": 1293.9202876021668,
        "msi_mean": -98.12371948417808
    },
    "p_values": {
        "const": 0.6545865324594015,
        "ndvi_mean": 0.920993764332062,
        "ndre1_mean": 0.25339940126048693,
        "ndre_mean": 0.10700684871159251,
        "msi_mean": 0.41083044913167255
    },
    "rsquared": 0.7615516365802962,
    "aic": 90.75989091367933,
    "fvalue": 5.589115164819756,
    "f_pvalue": 0.024266393030711455,
    "mse_model": 469.62350922451606,
    "rmse_model": 21.67079853684483
}