{
    "coefs": {
        "const": 101.32468675284912,
        "ndvi_mean": -531.4579271134116,
        "gndvi_mean": 668.7748013974419,
        "cire_mean": 9.972999387475056,
        "msi_mean": -113.46484726273536
    },
    "p_values": {
        "const": 0.6908109253379509,
        "ndvi_mean": 0.2867457431955681,
        "gndvi_mean": 0.2917987153855878,
        "cire_mean": 0.8614217064483618,
        "msi_mean": 0.3827079304441823
    },
    "rsquared": 0.7600397938958983,
    "aic": 90.8357347582975,
    "fvalue": 5.542875883098713,
    "f_pvalue": 0.024773359434534244,
    "mse_model": 468.691206235804,
    "rmse_model": 21.6492772682093
}