{
    "coefs": {
        "const": 44.57608372378087,
        "ndvi_mean": -23.857766038194427,
        "ndre1_mean": -1481.8203267708777,
        "ndre_mean": 1228.0257757716622,
        "ndmi_mean": 260.19076399482515
    },
    "p_values": {
        "const": 0.7703029233910532,
        "ndvi_mean": 0.9626162426024975,
        "ndre1_mean": 0.20036795951613465,
        "ndre_mean": 0.09029621047768698,
        "ndmi_mean": 0.2628563826342267
    },
    "rsquared": 0.7817222949991759,
    "aic": 89.69927507693443,
    "fvalue": 6.267309875937138,
    "f_pvalue": 0.018152771977738156,
    "mse_model": 482.06208191615855,
    "rmse_model": 21.95591223147329
}