{
    "coefs": {
        "const": -533.3824537908795,
        "ndvi_mean": 285.2711457382986,
        "ndre1_mean": -624.80139014428,
        "ndmi_mean": 1304.124008103449,
        "msi_mean": 571.3221952559112
    },
    "p_values": {
        "const": 0.1715019380511973,
        "ndvi_mean": 0.6212647620954744,
        "ndre1_mean": 0.4264252811672512,
        "ndmi_mean": 0.08750805244423114,
        "msi_mean": 0.10608392569779167
    },
    "rsquared": 0.7729756570816565,
    "aic": 90.17074452905167,
    "fvalue": 5.958424468954164,
    "f_pvalue": 0.020658097724976676,
    "mse_model": 476.6683218670216,
    "rmse_model": 21.832735098173604
}