{
    "coefs": {
        "const": 4.363963152583011,
        "gndvi_mean": 452.19818332398427,
        "cire_mean": 55.45548948030222,
        "ndre1_mean": -900.9162897029955,
        "ndmi_mean": 277.91896277884405
    },
    "p_values": {
        "const": 0.9793030908044952,
        "gndvi_mean": 0.3384766464630321,
        "cire_mean": 0.40821608962110034,
        "ndre1_mean": 0.1543926692985506,
        "ndmi_mean": 0.2244699905220837
    },
    "rsquared": 0.7919293302067599,
    "aic": 89.12459090537361,
    "fvalue": 6.660603963254292,
    "f_pvalue": 0.015498198998883946,
    "mse_model": 488.3564202941687,
    "rmse_model": 22.098787756213433
}