{
    "coefs": {
        "const": 68.45034548403318,
        "cire_mean": 26.932148927074365,
        "ndre1_mean": -1400.0865938763664,
        "ndre_mean": 965.8897742663148,
        "ndmi_mean": 255.8899805214719
    },
    "p_values": {
        "const": 0.6073768134202129,
        "cire_mean": 0.7788519355062884,
        "ndre1_mean": 0.1807406344901427,
        "ndre_mean": 0.40948810666399793,
        "ndmi_mean": 0.2594161448662628
    },
    "rsquared": 0.7842739133311132,
    "aic": 89.5581713659928,
    "fvalue": 6.362138995438396,
    "f_pvalue": 0.01746249765623954,
    "mse_model": 483.63557988751984,
    "rmse_model": 21.991716165127265
}