{
    "coefs": {
        "const": 76.8696616362447,
        "ndvi_mean": -528.7176267719174,
        "gndvi_mean": 787.7041232114361,
        "ndre_mean": -43.38393055831398,
        "msi_mean": -123.0025482712839
    },
    "p_values": {
        "const": 0.7605786618189837,
        "ndvi_mean": 0.30828718193182,
        "gndvi_mean": 0.2659396451426378,
        "ndre_mean": 0.9439378260371907,
        "msi_mean": 0.3495777798348451
    },
    "rsquared": 0.759098323073695,
    "aic": 90.88272398618574,
    "fvalue": 5.5143745046878525,
    "f_pvalue": 0.025092609637803295,
    "mse_model": 468.11063256211196,
    "rmse_model": 21.635864497683283
}