{
    "coefs": {
        "const": 127.51024170382192,
        "ndvi_mean": 301.54540149311754,
        "cire_mean": 115.55481073365632,
        "ndre1_mean": -1068.046723611622,
        "msi_mean": -73.24704113643173
    },
    "p_values": {
        "const": 0.6193902386964769,
        "ndvi_mean": 0.6195827460209851,
        "cire_mean": 0.11731039435157715,
        "ndre1_mean": 0.31538633087096896,
        "msi_mean": 0.5213747424971416
    },
    "rsquared": 0.7562142539288595,
    "aic": 91.02553453404933,
    "fvalue": 5.4284344581381845,
    "f_pvalue": 0.02608765609446184,
    "mse_model": 466.3321232561301,
    "rmse_model": 21.594724431122756
}