{
    "coefs": {
        "const": -51.607113962120906,
        "ndvi_mean": 244.46826136495838,
        "gndvi_mean": 160.12010572090696,
        "cire_mean": 79.02820267627408,
        "ndre1_mean": -697.8189224831192
    },
    "p_values": {
        "const": 0.7752930691252082,
        "ndvi_mean": 0.7661745277624379,
        "gndvi_mean": 0.8086165039606171,
        "cire_mean": 0.48446638494919825,
        "ndre1_mean": 0.5801084915179788
    },
    "rsquared": 0.7426752330320836,
    "aic": 91.67412519977385,
    "fvalue": 5.050744524596006,
    "f_pvalue": 0.031110804703038872,
    "mse_model": 457.983060369785,
    "rmse_model": 21.400538786904058
}