{
    "coefs": {
        "const": -661.6937630837058,
        "gndvi_mean": 1048.7271950221848,
        "ndre_mean": -1166.5143452856482,
        "ndmi_mean": 1398.424482984978,
        "msi_mean": 557.0171006343744
    },
    "p_values": {
        "const": 0.048484330894448674,
        "gndvi_mean": 0.1074517416478037,
        "ndre_mean": 0.11340924727366035,
        "ndmi_mean": 0.06865412599436037,
        "msi_mean": 0.09280396459376158
    },
    "rsquared": 0.8298685729938937,
    "aic": 86.7089123987397,
    "fvalue": 8.536165412209172,
    "f_pvalue": 0.00793077782327146,
    "mse_model": 511.7522866795679,
    "rmse_model": 22.621942592968622
}