{
    "coefs": {
        "const": -25.222827849876353,
        "ndvi_mean": 290.9920194333117,
        "gndvi_mean": -394.67629004047194,
        "ndre1_mean": -1669.1930593698198,
        "ndre_mean": 1700.8898049055824
    },
    "p_values": {
        "const": 0.9093357913020289,
        "ndvi_mean": 0.7614506784110285,
        "gndvi_mean": 0.8007351955206223,
        "ndre1_mean": 0.5663496947118176,
        "ndre_mean": 0.5413196621911451
    },
    "rsquared": 0.7380715767313444,
    "aic": 91.88691281163032,
    "fvalue": 4.93121457824779,
    "f_pvalue": 0.03295462488852784,
    "mse_model": 455.14413898432906,
    "rmse_model": 21.334107410068253
}