{
    "coefs": {
        "const": -197.7761776189052,
        "ndre1_mean": -1239.192794738553,
        "ndre_mean": 854.6225257101455,
        "ndmi_mean": 802.2493508894586,
        "msi_mean": 277.10048558191056
    },
    "p_values": {
        "const": 0.5078270197496623,
        "ndre1_mean": 0.20340622563964386,
        "ndre_mean": 0.28222643515063994,
        "ndmi_mean": 0.2650108566587481,
        "msi_mean": 0.41744439982177806
    },
    "rsquared": 0.8025845624041978,
    "aic": 88.49378148093086,
    "fvalue": 7.1145549776255805,
    "f_pvalue": 0.01302117278490809,
    "mse_model": 494.9271468159221,
    "rmse_model": 22.24695814748439
}