Variable,R2,P_values,MSE,RMSE
ndvi_max,0.7563220065284558,[0.00235993 0.00023701],2874.023624808132,53.60992095506327
ndvi_mean,0.7829614149664341,[0.00187953 0.00013102],2975.2533768724497,54.545883225706866
gndvi_max,0.7393319612404987,[0.00251682 0.00033502],2809.4614527138956,53.0043531487169
gndvi_mean,0.8032742112077965,[8.47036119e-04 7.93343823e-05],3052.4420025896266,55.24890951493637
cire_max,0.7837770622028352,[5.18580265e-01 1.28519505e-04],2978.3528363707737,54.57428731894512
cire_mean,0.8268178414598271,[1.16849572e-01 4.14561701e-05],3141.907797547343,56.05272337315416
ndre1_max,0.7710269473336313,[0.01230714 0.00017228],2929.9023998677994,54.12857286006901
ndre1_mean,0.8253885297848498,[3.86575212e-03 4.32257193e-05],3136.476413182429,56.00425352758868
msi_mean,0.6159051263966068,[0.86917722 0.84403551 0.68285926],1170.2197401535527,34.20847468323533
