Variable,R2,P_values,MSE,Params,RMSE
ndvi_max,0.3924059730938534,[0.19846598 0.03919003],585.0416326126541,[-96.46937937 218.26715114],24.18763387792725
ndvi_mean,0.4440079394054257,[0.13363216 0.02516849],661.975473295362,[-113.5013551   277.14794631],25.728884027399285
gndvi_max,0.5503982235524747,[0.07816589 0.00895037],820.5937151145987,[-106.07681892  270.69875651],28.646006966322528
gndvi_mean,0.45905616411867034,[0.1255531 0.0219817],684.4110083223812,[-111.65847937  356.84740545],26.16125012919645
cire_max,0.30528187362737835,[0.23598162 0.07796074],455.1475206808186,[27.81944896 16.73305427],21.334186665556732
cire_mean,0.4994985902091582,[0.78438134 0.01502947],744.7069890391086,[ 6.14146859 46.62497343],27.28932005453981
ndre1_max,0.29204921253023153,[0.66038301 0.0861063 ],435.41882595416337,[-21.94093809 193.77473097],20.866691782699128
ndre1_mean,0.5116947848990212,[0.23992804 0.01333224],762.8904065767225,[-49.42500777 383.04383706],27.620470788469962
msi_mean,0.8336228814161137,[0.01933111 0.01242415 0.00976276],621.4279661465575,[-1593.20397169  4047.54932311 -2450.36682684],24.928456954784778
