{
    "aic": 44660.58918106215,
    "bic": 46611.446576998154,
    "rmse": 3374261.0841252194,
    "mse": 11385637863841.9,
    "r2": 0.6397153853046564
}