{
    "aic": 51205.42033754115,
    "bic": 53206.27623320529,
    "rmse": 3551608.0805123737,
    "mse": 12613919957560.79,
    "r2": 0.6046953736908305
}