{
    "aic": 44681.805569057826,
    "bic": 46632.66296499383,
    "rmse": 3398850.4631793634,
    "mse": 11552184471054.574,
    "r2": 0.6292402047386445
}