{
    "aic": 51237.07099492005,
    "bic": 53237.92689058419,
    "rmse": 3585363.033160291,
    "mse": 12854828079552.363,
    "r2": 0.6010596992213332
}