{
    "aic": 51229.716528347824,
    "bic": 53230.57242401196,
    "rmse": 3577491.103975446,
    "mse": 12798442599023.455,
    "r2": 0.5934667471049863
}