{
    "aic": 44688.23051727037,
    "bic": 46639.08791320638,
    "rmse": 3406332.1415154506,
    "mse": 11603098658321.234,
    "r2": 0.6363948413053004
}