{
    "coefs": {
        "const": 77.30439207640563,
        "ndvi_mean": -483.21482058402853,
        "gndvi_mean": -212.03373553773622,
        "ndre_mean": 970.7810414519549,
        "ndmi_mean": 30.748846831529818
    },
    "p_values": {
        "const": 0.5492036644942693,
        "ndvi_mean": 0.27332979762480264,
        "gndvi_mean": 0.5312899040635806,
        "ndre_mean": 0.0861375071238202,
        "ndmi_mean": 0.9033541849520805
    },
    "rsquared": 0.8411311522067688,
    "aic": 69.10855678355713,
    "fvalue": 6.618125295570112,
    "f_pvalue": 0.031214368251862,
    "mse_model": 285.98459175030143,
    "rmse_model": 16.911078964699485
}