{
    "coefs": {
        "const": -396.23667043010335,
        "ndvi_mean": -59.723915539523205,
        "gndvi_mean": 223.49729621611118,
        "ndmi_mean": 766.0165737315796,
        "msi_mean": 350.1812944176551
    },
    "p_values": {
        "const": 0.17820412185067735,
        "ndvi_mean": 0.8891495033624454,
        "gndvi_mean": 0.3686126797362332,
        "ndmi_mean": 0.07348113714046611,
        "msi_mean": 0.13618895465335323
    },
    "rsquared": 0.8138518825315101,
    "aic": 70.69319360449329,
    "fvalue": 5.465082682539579,
    "f_pvalue": 0.045368281205288206,
    "mse_model": 276.7096400607134,
    "rmse_model": 16.634591670994315
}