{
    "coefs": {
        "const": -30.654241852258508,
        "gndvi_mean": -101.74607195476102,
        "cire_mean": 69.29959303460303,
        "ndmi_mean": 106.81031744333995,
        "msi_mean": 50.078338438331684
    },
    "p_values": {
        "const": 0.9265148647837023,
        "gndvi_mean": 0.6749528869517653,
        "cire_mean": 0.20430096048253013,
        "ndmi_mean": 0.8415128686097746,
        "msi_mean": 0.8576156565937143
    },
    "rsquared": 0.8688914070139944,
    "aic": 67.18802607063373,
    "fvalue": 8.284081417023696,
    "f_pvalue": 0.019744327986692477,
    "mse_model": 295.42307838475807,
    "rmse_model": 17.187875912536665
}