{
    "coefs": {
        "const": 101.8073189570091,
        "ndvi_mean": -117.3636553817787,
        "gndvi_mean": -97.994581299944,
        "cire_mean": 81.85747637310054,
        "msi_mean": -36.10373330362427
    },
    "p_values": {
        "const": 0.6551264866996847,
        "ndvi_mean": 0.7437416121467955,
        "gndvi_mean": 0.6336466022977414,
        "cire_mean": 0.027124339600892767,
        "msi_mean": 0.7506129898462346
    },
    "rsquared": 0.8708135739150491,
    "aic": 67.0403319773045,
    "fvalue": 8.42593916699902,
    "f_pvalue": 0.019057418142276142,
    "mse_model": 296.0766151311167,
    "rmse_model": 17.206876972045702
}