{
    "coefs": {
        "const": 140.72744812706355,
        "cire_mean": 118.5137479477819,
        "ndre1_mean": 47.542303083962906,
        "ndre_mean": -510.03641439263174,
        "msi_mean": -67.83390731627821
    },
    "p_values": {
        "const": 0.5413110256922022,
        "cire_mean": 0.13698141008658207,
        "ndre1_mean": 0.9539127672092936,
        "ndre_mean": 0.39672065273568585,
        "msi_mean": 0.5675592497321424
    },
    "rsquared": 0.8772741658004264,
    "aic": 66.52729550391862,
    "fvalue": 8.935304570570548,
    "f_pvalue": 0.016848611598740737,
    "mse_model": 298.273216372145,
    "rmse_model": 17.270588188366514
}