{
    "coefs": {
        "const": 119.39983150633566,
        "ndvi_mean": 137.69354775953752,
        "cire_mean": 134.59734658319806,
        "ndre_mean": -689.9865553026625,
        "msi_mean": -62.55435407972925
    },
    "p_values": {
        "const": 0.5721141719333094,
        "ndvi_mean": 0.8049175414265082,
        "cire_mean": 0.14233125198396487,
        "ndre_mean": 0.4719150827166738,
        "msi_mean": 0.5148155728375675
    },
    "rsquared": 0.8788272561118984,
    "aic": 66.39993836096255,
    "fvalue": 9.06585123758794,
    "f_pvalue": 0.016340458884250373,
    "mse_model": 298.80126707804544,
    "rmse_model": 17.28586899979418
}