{
    "coefs": {
        "const": 69.38184864230163,
        "gndvi_mean": -96.8086878189074,
        "cire_mean": 98.87371395026332,
        "ndre1_mean": -321.33209354128167,
        "ndmi_mean": 102.82404785365952
    },
    "p_values": {
        "const": 0.5110771387434514,
        "gndvi_mean": 0.6037975073380014,
        "cire_mean": 0.11398438102180647,
        "ndre1_mean": 0.6245177835010416,
        "ndmi_mean": 0.6324024837732519
    },
    "rsquared": 0.8747587704148454,
    "aic": 66.73018387404272,
    "fvalue": 8.730738804149905,
    "f_pvalue": 0.017690345875908977,
    "mse_model": 297.4179819410474,
    "rmse_model": 17.245810562019038
}