{
    "coefs": {
        "const": 2.3633337579915406,
        "ndvi_mean": -162.66669364060317,
        "cire_mean": 65.099332399118,
        "ndmi_mean": 199.01065502150686,
        "msi_mean": 52.88869435948027
    },
    "p_values": {
        "const": 0.9944579066395403,
        "ndvi_mean": 0.6051623480980615,
        "cire_mean": 0.11403462292255749,
        "ndmi_mean": 0.615918845233144,
        "msi_mean": 0.8325911638852785
    },
    "rsquared": 0.8715100908967469,
    "aic": 66.98627046035666,
    "fvalue": 8.478390413876888,
    "f_pvalue": 0.018811887571588408,
    "mse_model": 296.31343090489395,
    "rmse_model": 17.21375702468505
}