{
    "coefs": {
        "const": 156.02682395519605,
        "gndvi_mean": 13.914178179882128,
        "cire_mean": 123.21258817916157,
        "ndre_mean": -525.8048826950753,
        "msi_mean": -77.28849684065051
    },
    "p_values": {
        "const": 0.4966983970714638,
        "gndvi_mean": 0.9631339311957259,
        "cire_mean": 0.16773576110325203,
        "ndre_mean": 0.5609154918555073,
        "msi_mean": 0.5758627519310736
    },
    "rsquared": 0.8772415293089962,
    "aic": 66.52995445122988,
    "fvalue": 8.93259671176895,
    "f_pvalue": 0.016859384418203435,
    "mse_model": 298.26211996505873,
    "rmse_model": 17.270266933810223
}