{
    "coefs": {
        "const": 124.14569274220003,
        "ndvi_mean": -278.00106472105404,
        "cire_mean": 64.98196752076262,
        "ndre1_mean": 181.2611937491447,
        "msi_mean": -53.50027484559803
    },
    "p_values": {
        "const": 0.6045053711852135,
        "ndvi_mean": 0.5969928196049453,
        "cire_mean": 0.4787472889072618,
        "ndre1_mean": 0.8834753705029685,
        "msi_mean": 0.6663964095089524
    },
    "rsquared": 0.864812265424882,
    "aic": 67.49441112058523,
    "fvalue": 7.996400969204999,
    "f_pvalue": 0.021247571681448,
    "mse_model": 294.03617024445987,
    "rmse_model": 17.147482912791016
}