{
    "coefs": {
        "const": 64.18679714468863,
        "ndvi_mean": -136.22590221434166,
        "gndvi_mean": -64.83049184390416,
        "cire_mean": 75.54553636303437,
        "ndmi_mean": 83.0185027508744
    },
    "p_values": {
        "const": 0.5700923474428048,
        "ndvi_mean": 0.6985672473802738,
        "gndvi_mean": 0.7897605994878562,
        "cire_mean": 0.046997944748589746,
        "ndmi_mean": 0.6967110495561681
    },
    "rsquared": 0.8722571997553124,
    "aic": 66.92795542495978,
    "fvalue": 8.535287292948498,
    "f_pvalue": 0.018550516498974292,
    "mse_model": 296.5674479168062,
    "rmse_model": 17.22113375817069
}