{
    "coefs": {
        "const": 64.05921490925994,
        "ndvi_mean": -623.9339303672896,
        "gndvi_mean": 94.01854266377359,
        "ndre1_mean": 959.9066369828911,
        "ndmi_mean": 78.96598453895012
    },
    "p_values": {
        "const": 0.5955311632774003,
        "ndvi_mean": 0.17743455423641918,
        "gndvi_mean": 0.6802780760929585,
        "ndre1_mean": 0.06706835801375403,
        "ndmi_mean": 0.7311967276674753
    },
    "rsquared": 0.8546720439018962,
    "aic": 68.21769627834718,
    "fvalue": 7.351235671106436,
    "f_pvalue": 0.02525475409309369,
    "mse_model": 290.5884949266447,
    "rmse_model": 17.046656414870476
}