{
    "coefs": {
        "const": 27.297132285648104,
        "gndvi_mean": -76.71414975199076,
        "cire_mean": 87.22746853366424,
        "ndre1_mean": 144.5238678621131,
        "ndre_mean": -227.04873054356085
    },
    "p_values": {
        "const": 0.8103441079697326,
        "gndvi_mean": 0.8892505907777637,
        "cire_mean": 0.12803410658800943,
        "ndre1_mean": 0.9342820790907571,
        "ndre_mean": 0.9079072934381319
    },
    "rsquared": 0.868657687961143,
    "aic": 67.2058365723435,
    "fvalue": 8.267115852431415,
    "f_pvalue": 0.01982878513145773,
    "mse_model": 295.3436139067886,
    "rmse_model": 17.18556411372023
}