{
    "coefs": {
        "const": 63.538850996337146,
        "ndvi_mean": -575.9741036662292,
        "ndre1_mean": 786.3904396823141,
        "ndre_mean": 208.21086820560276,
        "ndmi_mean": 47.915591947684106
    },
    "p_values": {
        "const": 0.6121119003444393,
        "ndvi_mean": 0.17812666894579215,
        "ndre1_mean": 0.3956625886628497,
        "ndre_mean": 0.7575540258272093,
        "ndmi_mean": 0.8116301335198812
    },
    "rsquared": 0.8522612666308657,
    "aic": 68.382220718491,
    "fvalue": 7.210882068596039,
    "f_pvalue": 0.02626460566116003,
    "mse_model": 289.7688306544943,
    "rmse_model": 17.022597647083547
}