{
    "coefs": {
        "const": 71.20139020736337,
        "ndvi_mean": -180.92318003982984,
        "cire_mean": 74.33247301842744,
        "ndre1_mean": -58.43594794533965,
        "ndmi_mean": 128.71080066695697
    },
    "p_values": {
        "const": 0.5259621655132833,
        "ndvi_mean": 0.7395471396935502,
        "cire_mean": 0.40772165907749114,
        "ndre1_mean": 0.9647923856912054,
        "ndmi_mean": 0.5411758202549288
    },
    "rsquared": 0.8702915935006802,
    "aic": 67.08065577337611,
    "fvalue": 8.387000667389703,
    "f_pvalue": 0.019242599574582284,
    "mse_model": 295.8991417902313,
    "rmse_model": 17.20171915217288
}