{
    "coefs": {
        "const": -156.08657672430104,
        "ndvi_mean": -336.5650660663041,
        "ndre_mean": 554.2223070202635,
        "ndmi_mean": 411.39876267064164,
        "msi_mean": 184.93245268618318
    },
    "p_values": {
        "const": 0.630706893185774,
        "ndvi_mean": 0.4872794961309343,
        "ndre_mean": 0.1869656288884978,
        "ndmi_mean": 0.28760962934741924,
        "msi_mean": 0.4373135934387132
    },
    "rsquared": 0.8483652160227731,
    "aic": 68.6425156581295,
    "fvalue": 6.993491151659042,
    "f_pvalue": 0.02794336863203389,
    "mse_model": 288.44417344774286,
    "rmse_model": 16.98364429231085
}