{
    "coefs": {
        "const": -32.674914374785004,
        "gndvi_mean": -436.7637350418248,
        "ndre1_mean": -416.12419932229477,
        "ndre_mean": 1235.6799678491075,
        "ndmi_mean": -132.58721637349805
    },
    "p_values": {
        "const": 0.808814536383116,
        "gndvi_mean": 0.5733544079608888,
        "ndre1_mean": 0.84926883189914,
        "ndre_mean": 0.6182753164315387,
        "ndmi_mean": 0.5944457509392753
    },
    "rsquared": 0.7946870999254817,
    "aic": 71.67311830452861,
    "fvalue": 4.838268197206862,
    "f_pvalue": 0.05704725826270555,
    "mse_model": 270.1936139746638,
    "rmse_model": 16.437567154985672
}