{
    "coefs": {
        "const": 40.74764124110152,
        "ndvi_mean": -416.3030928130588,
        "gndvi_mean": -258.8707005739816,
        "ndre_mean": 1003.0519522026846,
        "msi_mean": 16.042037395809643
    },
    "p_values": {
        "const": 0.8670919307780334,
        "ndvi_mean": 0.3923637754349663,
        "gndvi_mean": 0.3372388838770802,
        "ndre_mean": 0.04735441504751296,
        "msi_mean": 0.8971890966481199
    },
    "rsquared": 0.8411996313583536,
    "aic": 69.10424543394548,
    "fvalue": 6.621518250822117,
    "f_pvalue": 0.03118246275406204,
    "mse_model": 286.0078746618402,
    "rmse_model": 16.911767342943204
}