{
    "coefs": {
        "const": -309.5789914633414,
        "gndvi_mean": -80.12680506858533,
        "ndre_mean": 421.8005911738062,
        "ndmi_mean": 403.95139026324966,
        "msi_mean": 250.09642682835928
    },
    "p_values": {
        "const": 0.2528976862651595,
        "gndvi_mean": 0.8401508181614872,
        "ndre_mean": 0.476480318148786,
        "ndmi_mean": 0.4800809694231722,
        "msi_mean": 0.32503823202329185
    },
    "rsquared": 0.8328362360486828,
    "aic": 69.61750627546883,
    "fvalue": 6.227697142330652,
    "f_pvalue": 0.03521281564767093,
    "mse_model": 283.1643202565522,
    "rmse_model": 16.8274870452053
}