{
    "coefs": {
        "const": 53.78277370054661,
        "ndvi_mean": -553.8485889030849,
        "ndre1_mean": 897.9128708689259,
        "ndre_mean": 135.62016748762744,
        "msi_mean": -5.548921526663889
    },
    "p_values": {
        "const": 0.8177977318964615,
        "ndvi_mean": 0.25214621452892716,
        "ndre1_mean": 0.2743895991316371,
        "ndre_mean": 0.8318858342038487,
        "msi_mean": 0.9596905786632738
    },
    "rsquared": 0.8504806170523497,
    "aic": 68.50202709413678,
    "fvalue": 7.1101201085591015,
    "f_pvalue": 0.02702468952666736,
    "mse_model": 289.1634097977989,
    "rmse_model": 17.00480549132506
}