{
    "coefs": {
        "const": -70.84064984776819,
        "ndvi_mean": -417.55901915664754,
        "ndre1_mean": 882.9050742351696,
        "ndmi_mean": 166.28092469385183,
        "msi_mean": 94.37775081325844
    },
    "p_values": {
        "const": 0.8407949422947597,
        "ndvi_mean": 0.4199585723367335,
        "ndre1_mean": 0.16899915974812055,
        "ndmi_mean": 0.7175444180615254,
        "msi_mean": 0.7217393464241314
    },
    "rsquared": 0.8532865302505336,
    "aic": 68.31258172430256,
    "fvalue": 7.270008436407021,
    "f_pvalue": 0.02583243535717601,
    "mse_model": 290.1174202851814,
    "rmse_model": 17.032833595300033
}