{
    "coefs": {
        "const": -35.734187250915284,
        "cire_mean": 82.22336277714874,
        "ndre1_mean": -336.06552821498826,
        "ndmi_mean": 259.8060007230065,
        "msi_mean": 77.12781066834259
    },
    "p_values": {
        "const": 0.9048120049501124,
        "cire_mean": 0.2712429591552035,
        "ndre1_mean": 0.6354292983779626,
        "ndmi_mean": 0.4941835837311681,
        "msi_mean": 0.7392513297952112
    },
    "rsquared": 0.8702990590885493,
    "aic": 67.08008018980938,
    "fvalue": 8.387555373275198,
    "f_pvalue": 0.01923994391652834,
    "mse_model": 295.90168009010677,
    "rmse_model": 17.201792932427328
}