{
    "coefs": {
        "const": 4.145486716285546,
        "ndvi_mean": 119.52098490493654,
        "cire_mean": 104.81387495327681,
        "ndre1_mean": 257.07735204007645,
        "ndre_mean": -603.6029964259146
    },
    "p_values": {
        "const": 0.9658089728248234,
        "ndvi_mean": 0.8942104527512544,
        "cire_mean": 0.4430660596346001,
        "ndre1_mean": 0.810699346515986,
        "ndre_mean": 0.5746846874712612
    },
    "rsquared": 0.8686081283587486,
    "aic": 67.20960917644763,
    "fvalue": 8.26352609857757,
    "f_pvalue": 0.019846720158030712,
    "mse_model": 295.3267636419745,
    "rmse_model": 17.185073861987746
}