{
    "coefs": {
        "const": -344.3694062276498,
        "gndvi_mean": 50.14551648788063,
        "ndre1_mean": 354.78777498711656,
        "ndmi_mean": 446.10950013944375,
        "msi_mean": 265.38442021319884
    },
    "p_values": {
        "const": 0.17344871847990542,
        "gndvi_mean": 0.8324502832304611,
        "ndre1_mean": 0.48268475405718964,
        "ndmi_mean": 0.40409195931582514,
        "msi_mean": 0.2799417000216721
    },
    "rsquared": 0.8323151898147498,
    "aic": 69.64862760580868,
    "fvalue": 6.204461728638747,
    "f_pvalue": 0.035472853017873986,
    "mse_model": 282.98716453701496,
    "rmse_model": 16.82222234239623
}