{
    "coefs": {
        "const": 27.758377991963698,
        "ndvi_mean": 280.2881761759327,
        "gndvi_mean": -218.96226095134875,
        "cire_mean": 122.56175616405676,
        "ndre1_mean": -564.1207332435379
    },
    "p_values": {
        "const": 0.7485350573793301,
        "ndvi_mean": 0.7930970735079019,
        "gndvi_mean": 0.5418625168740854,
        "cire_mean": 0.4265261686100371,
        "ndre1_mean": 0.775287740746685
    },
    "rsquared": 0.870255364340402,
    "aic": 67.08344850690601,
    "fvalue": 8.384309685677781,
    "f_pvalue": 0.019255489939964805,
    "mse_model": 295.8868238757367,
    "rmse_model": 17.201361105323517
}