{
    "coefs": {
        "const": 66.09407336730975,
        "gndvi_mean": 67.54557229305829,
        "cire_mean": 112.01576421032979,
        "ndre_mean": -539.4207207175359,
        "ndmi_mean": 154.26941962297246
    },
    "p_values": {
        "const": 0.44424909175033106,
        "gndvi_mean": 0.8471965866413126,
        "cire_mean": 0.11773130874085523,
        "ndre_mean": 0.5263280810887597,
        "ndmi_mean": 0.5354038057291131
    },
    "rsquared": 0.8791532648918289,
    "aic": 66.3729976387972,
    "fvalue": 9.09368035579209,
    "f_pvalue": 0.016234910413407997,
    "mse_model": 298.9121100632218,
    "rmse_model": 17.28907487586371
}