{
    "coefs": {
        "const": 47.62861819324007,
        "ndvi_mean": 99.72489102058353,
        "cire_mean": 116.21274517561358,
        "ndre_mean": -548.1185997846405,
        "ndmi_mean": 101.56778184333598
    },
    "p_values": {
        "const": 0.6762001924588172,
        "ndvi_mean": 0.863949780881725,
        "cire_mean": 0.20205267982728997,
        "ndre_mean": 0.5747879064840263,
        "ndmi_mean": 0.5126275086376044
    },
    "rsquared": 0.8789456551128078,
    "aic": 66.39016249229837,
    "fvalue": 9.07594080918654,
    "f_pvalue": 0.01630208127301766,
    "mse_model": 298.8415227383546,
    "rmse_model": 17.287033370082753
}