{
    "coefs": {
        "const": 61.77602435673839,
        "ndvi_mean": -587.2320023766069,
        "gndvi_mean": 54.15496960983569,
        "ndre1_mean": 1030.6143251156732,
        "msi_mean": -13.409399360132284
    },
    "p_values": {
        "const": 0.7955628447892786,
        "ndvi_mean": 0.2653954386737033,
        "gndvi_mean": 0.7939868849296241,
        "ndre1_mean": 0.03964184759273078,
        "msi_mean": 0.9113611799311452
    },
    "rsquared": 0.8512423720777842,
    "aic": 68.45094996423568,
    "fvalue": 7.152930441009822,
    "f_pvalue": 0.026698051279040864,
    "mse_model": 289.42240650644663,
    "rmse_model": 17.012419184420732
}