{
    "coefs": {
        "const": 31.15415510390432,
        "ndvi_mean": -559.642191238534,
        "gndvi_mean": 85.38080258112981,
        "ndre1_mean": 1182.1695833443569,
        "ndre_mean": -157.3038992576835
    },
    "p_values": {
        "const": 0.8010672127365002,
        "ndvi_mean": 0.18698849318894337,
        "gndvi_mean": 0.8906473870267818,
        "ndre1_mean": 0.5802335595126582,
        "ndre_mean": 0.9402610442876431
    },
    "rsquared": 0.8510195480962114,
    "aic": 68.46591775225279,
    "fvalue": 7.140362520898034,
    "f_pvalue": 0.026793368849043677,
    "mse_model": 289.3466463527119,
    "rmse_model": 17.010192425505124
}