{
    "coefs": {
        "const": 63.094309997227384,
        "cire_mean": 105.48462993613808,
        "ndre1_mean": -26.577198103488627,
        "ndre_mean": -384.7098819496364,
        "ndmi_mean": 118.86456564952334
    },
    "p_values": {
        "const": 0.5358248352264605,
        "cire_mean": 0.10071047732824555,
        "ndre1_mean": 0.9760979016896318,
        "ndre_mean": 0.5297133750791262,
        "ndmi_mean": 0.548256595989332
    },
    "rsquared": 0.8781822110008787,
    "aic": 66.45303068670569,
    "fvalue": 9.011227118553405,
    "f_pvalue": 0.016550440587662585,
    "mse_model": 298.5819517402988,
    "rmse_model": 17.279524060005205
}