{
    "coefs": {
        "const": 84.5250630416599,
        "cire_mean": 109.0867793439736,
        "ndre_mean": -425.45669542474525,
        "ndmi_mean": 87.48698385388343,
        "msi_mean": -18.41390263024732
    },
    "p_values": {
        "const": 0.8167432221891588,
        "cire_mean": 0.22362300870618695,
        "ndre_mean": 0.4740837440898484,
        "ndmi_mean": 0.8408086826853824,
        "msi_mean": 0.9478471540657863
    },
    "rsquared": 0.8782731505859667,
    "aic": 66.44556268495397,
    "fvalue": 9.0188930668725,
    "f_pvalue": 0.016520745062342572,
    "mse_model": 298.61287119922866,
    "rmse_model": 17.280418721756387
}