{
    "coefs": {
        "const": 129.28782476256038,
        "gndvi_mean": -130.14817278618233,
        "cire_mean": 106.70263197006244,
        "ndre1_mean": -315.78700604244386,
        "msi_mean": -51.50426297283616
    },
    "p_values": {
        "const": 0.5761601143823649,
        "gndvi_mean": 0.4455790868957698,
        "cire_mean": 0.15940220996270935,
        "ndre1_mean": 0.6521816972142618,
        "msi_mean": 0.6674409526492271
    },
    "rsquared": 0.8735308179219508,
    "aic": 66.82775331714308,
    "fvalue": 8.633830823137412,
    "f_pvalue": 0.018109699420263917,
    "mse_model": 297.0004780934633,
    "rmse_model": 17.23370181050674
}