{
    "coefs": {
        "const": -132.88848351315124,
        "gndvi_mean": -384.5775013345557,
        "ndre1_mean": -297.2995940300684,
        "ndre_mean": 1089.8845112830336,
        "msi_mean": 89.63299975436306
    },
    "p_values": {
        "const": 0.44557319331376133,
        "gndvi_mean": 0.5681900623857614,
        "ndre1_mean": 0.8855859116357674,
        "ndre_mean": 0.6301415570589979,
        "msi_mean": 0.39046832353446115
    },
    "rsquared": 0.8142417044011327,
    "aic": 70.6722301578472,
    "fvalue": 5.479174575865468,
    "f_pvalue": 0.04514562790562806,
    "mse_model": 276.84217949638514,
    "rmse_model": 16.638575044047045
}