{
    "coefs": {
        "const": 15.52215226446421,
        "ndvi_mean": 153.30739974531753,
        "gndvi_mean": -82.17383361269314,
        "cire_mean": 107.95711458680262,
        "ndre_mean": -373.38725754409006
    },
    "p_values": {
        "const": 0.8879309652087575,
        "ndvi_mean": 0.8225264839766617,
        "gndvi_mean": 0.7487331846534266,
        "cire_mean": 0.33713251007797823,
        "ndre_mean": 0.7919413171846489
    },
    "rsquared": 0.8699138260566801,
    "aic": 67.10973780500343,
    "fvalue": 8.359015025260403,
    "f_pvalue": 0.01937724862196971,
    "mse_model": 295.7707008592712,
    "rmse_model": 17.197985372108885
}