{
    "coefs": {
        "const": -331.6074866330802,
        "ndre1_mean": 204.48802075433377,
        "ndre_mean": 172.71279198054071,
        "ndmi_mean": 432.43937248764007,
        "msi_mean": 260.3152145622936
    },
    "p_values": {
        "const": 0.14754908831554217,
        "ndre1_mean": 0.8421959149355962,
        "ndre_mean": 0.8100055512087445,
        "ndmi_mean": 0.37013187697833727,
        "msi_mean": 0.26364221419620965
    },
    "rsquared": 0.8327975359714183,
    "aic": 69.61982110718321,
    "fvalue": 6.225966381609805,
    "f_pvalue": 0.03523209347219765,
    "mse_model": 283.1511622302822,
    "rmse_model": 16.827096072414935
}