{
    "coefs": {
        "const": -294.9473173363664,
        "ndvi_mean": 198.83749130055412,
        "cire_mean": 2.1176267298068865,
        "ndre1_mean": -1412.80772599388,
        "ndre_mean": 793.4293440315141,
        "ndmi_mean": 897.0009601242318,
        "msi_mean": 334.046545075988
    },
    "p_values": {
        "const": 0.5812832027370638,
        "ndvi_mean": 0.787360445341312,
        "cire_mean": 0.9883626847424553,
        "ndre1_mean": 0.28160621158506577,
        "ndre_mean": 0.5942307236275131,
        "ndmi_mean": 0.36805246455331175,
        "msi_mean": 0.4902822283744662
    },
    "rsquared": 0.8064802753671048,
    "aic": 92.25461085830456,
    "fvalue": 3.4728599237837776,
    "f_pvalue": 0.09656952925296874,
    "mse_model": 331.55300209536534,
    "rmse_model": 18.20859692824698
}