{
    "coefs": {
        "const": -582.1651550903141,
        "gndvi_mean": 1046.6085385891943,
        "cire_mean": 25.156224246140596,
        "ndre1_mean": -13.775583852921955,
        "ndre_mean": -1295.163603713996,
        "ndmi_mean": 1293.3372065720616,
        "msi_mean": 500.23487536270903
    },
    "p_values": {
        "const": 0.35437127848309796,
        "gndvi_mean": 0.400597275965458,
        "cire_mean": 0.844321859330311,
        "ndre1_mean": 0.9938465978458527,
        "ndre_mean": 0.6552739119381792,
        "ndmi_mean": 0.23568126161760702,
        "msi_mean": 0.32673790418772686
    },
    "rsquared": 0.8317249787755728,
    "aic": 90.57725360227451,
    "fvalue": 4.118877204331213,
    "f_pvalue": 0.07092364423242678,
    "mse_model": 341.9313801632911,
    "rmse_model": 18.49138664793128
}