{
    "coefs": {
        "const": -513.8054319048613,
        "ndvi_mean": -270.49017830362436,
        "gndvi_mean": 1093.669211309837,
        "cire_mean": -5.403767253791841,
        "ndre_mean": -935.5993511779733,
        "ndmi_mean": 1268.3976776529626,
        "msi_mean": 459.5048011171116
    },
    "p_values": {
        "const": 0.3318706792182148,
        "ndvi_mean": 0.6648318488962186,
        "gndvi_mean": 0.15888818219835885,
        "cire_mean": 0.9675244133610095,
        "ndre_mean": 0.4957694061080129,
        "ndmi_mean": 0.20217035747930265,
        "msi_mean": 0.316132035946404
    },
    "rsquared": 0.8385549119687752,
    "aic": 90.08003840981914,
    "fvalue": 4.328380432601493,
    "f_pvalue": 0.06464613111957859,
    "mse_model": 344.7392415871632,
    "rmse_model": 18.56715491364154
}