{
    "coefs": {
        "const": -819.209579924468,
        "ndvi_mean": -1119.744042340982,
        "gndvi_mean": 2776.0948829047616,
        "ndre1_mean": 2865.5400984268963,
        "ndre_mean": -4101.322101934226,
        "ndmi_mean": 1778.6609376280917,
        "msi_mean": 651.5418284083617
    },
    "p_values": {
        "const": 0.19017572965338472,
        "ndvi_mean": 0.3465941837461412,
        "gndvi_mean": 0.22328696758717956,
        "ndre1_mean": 0.41630536680561836,
        "ndre_mean": 0.30747313386938036,
        "ndmi_mean": 0.12024484650844922,
        "msi_mean": 0.1842920509259496
    },
    "rsquared": 0.8604010457336647,
    "aic": 88.33534193041693,
    "fvalue": 5.136147868821302,
    "f_pvalue": 0.04652546465757782,
    "mse_model": 353.72042991272883,
    "rmse_model": 18.80745676354804
}