{
    "coefs": {
        "const": 110.94109580311408,
        "ndvi_mean": -113.38412824099987,
        "gndvi_mean": 442.7592599618947,
        "cire_mean": 60.153527850824446,
        "ndre1_mean": -681.2755083478714,
        "ndre_mean": 29.533186677839694,
        "msi_mean": -110.41012226096447
    },
    "p_values": {
        "const": 0.7197775764191053,
        "ndvi_mean": 0.9318826037318788,
        "gndvi_mean": 0.8289209256716834,
        "cire_mean": 0.6873574873728737,
        "ndre1_mean": 0.8438351387517116,
        "ndre_mean": 0.9938889919548606,
        "msi_mean": 0.4935738247485082
    },
    "rsquared": 0.770992919524651,
    "aic": 94.2750926041513,
    "fvalue": 2.805564344430982,
    "f_pvalue": 0.1387392231705471,
    "mse_model": 316.96375580457874,
    "rmse_model": 17.803475947257567
}