{
    "coefs": {
        "const": -28.214708253994615,
        "ndvi_mean": -532.6189923254024,
        "gndvi_mean": 1196.0589522690934,
        "cire_mean": 45.4968152266614,
        "ndre1_mean": 346.62469819600483,
        "ndre_mean": -1142.571108922195,
        "ndmi_mean": 362.5017372784516
    },
    "p_values": {
        "const": 0.9042968505407303,
        "ndvi_mean": 0.6941774344577702,
        "gndvi_mean": 0.5819868210308976,
        "cire_mean": 0.7454428839671947,
        "ndre1_mean": 0.9207157222329944,
        "ndre_mean": 0.7706228249446467,
        "ndmi_mean": 0.3031816795360408
    },
    "rsquared": 0.7989593951471199,
    "aic": 92.71214036016498,
    "fvalue": 3.3117662794695635,
    "f_pvalue": 0.10492934078448485,
    "mse_model": 328.4610846715938,
    "rmse_model": 18.123495376764215
}