{
    "coefs": {
        "const": -434.7386209172025,
        "ndvi_mean": -247.94929902416015,
        "gndvi_mean": 709.8555495309874,
        "cire_mean": -35.505991367145896,
        "ndre1_mean": -481.7190314132141,
        "ndmi_mean": 1133.7353276756126,
        "msi_mean": 409.2773765211598
    },
    "p_values": {
        "const": 0.41936427157348016,
        "ndvi_mean": 0.7875997463327828,
        "gndvi_mean": 0.37379666845132437,
        "cire_mean": 0.7958589391312938,
        "ndre1_mean": 0.6991430861226013,
        "ndmi_mean": 0.25946090844506803,
        "msi_mean": 0.3818002306922226
    },
    "rsquared": 0.8269506320548607,
    "aic": 90.91298054956827,
    "fvalue": 3.9822481578254183,
    "f_pvalue": 0.07548157555321086,
    "mse_model": 339.9685931781094,
    "rmse_model": 18.438237257886378
}