{
    "coefs": {
        "const": -14.831337368042426,
        "ndvi_max": -199.06369572814378,
        "cire_max": -30.13584548759909,
        "ndre1_max": 652.2965300866211
    },
    "p_values": {
        "const": 0.8803589486541068,
        "ndvi_max": 0.5071473169600975,
        "cire_max": 0.21258035657257648,
        "ndre1_max": 0.14802525429881777
    },
    "rsquared": 0.31390682716851925,
    "aic": 243.21516837982296,
    "fvalue": 4.117751868681826,
    "f_pvalue": 0.015801768798984667,
    "mse_model": 546.2991395400519,
    "rmse_model": 23.373043009844736
}