{
    "coefs": {
        "const": 20.99397532130635,
        "gndvi_max": -232.76902299389806,
        "cire_max": -19.159132917609654,
        "ndre1_max": 520.7780036159414
    },
    "p_values": {
        "const": 0.8316704481160153,
        "gndvi_max": 0.27146087126174706,
        "cire_max": 0.38333106259638927,
        "ndre1_max": 0.051710686944321474
    },
    "rsquared": 0.33353513925776557,
    "aic": 242.3153616731645,
    "fvalue": 4.504087807385376,
    "f_pvalue": 0.010948369879907585,
    "mse_model": 580.4587342889178,
    "rmse_model": 24.092711227442166
}