{
    "coefs": {
        "const": 53.56454123173012,
        "gndvi_max": -143.76193389407038,
        "cire_max": 4.528560853135133,
        "ndre_max": 171.13529571154436
    },
    "p_values": {
        "const": 0.6063720987633285,
        "gndvi_max": 0.5412951983172141,
        "cire_max": 0.8352860511956213,
        "ndre_max": 0.4858269262861602
    },
    "rsquared": 0.245211534945471,
    "aic": 246.17331524108363,
    "fvalue": 2.9238706163187103,
    "f_pvalue": 0.05191517849390044,
    "mse_model": 426.7471713002631,
    "rmse_model": 20.657859794767298
}