{
    "coefs": {
        "const": 31.473622819899077,
        "ndvi_max": -80.42138487105598,
        "ndre1_max": 567.9010931957621,
        "ndre_max": -314.2565879467119
    },
    "p_values": {
        "const": 0.749490530730547,
        "ndvi_max": 0.7701618629329869,
        "ndre1_max": 0.16145051398735813,
        "ndre_max": 0.2299625528821178
    },
    "rsquared": 0.3109845218691769,
    "aic": 243.34692756931565,
    "fvalue": 4.062115853210446,
    "f_pvalue": 0.01667116518596933,
    "mse_model": 541.2133856400674,
    "rmse_model": 23.26399332960847
}