{
    "coefs": {
        "const": -41.634666233343324,
        "cire_max": -16.756494899089546,
        "ndre1_max": 594.3154636469883,
        "ndre_max": -239.04398702834442
    },
    "p_values": {
        "const": 0.5313676549504274,
        "cire_max": 0.4683712625213826,
        "ndre1_max": 0.07226844745112916,
        "ndre_max": 0.3809109959987135
    },
    "rsquared": 0.3223395921290373,
    "aic": 242.83178673470854,
    "fvalue": 4.280988376280855,
    "f_pvalue": 0.013518055371979565,
    "mse_model": 560.9748708181147,
    "rmse_model": 23.68490808126801
}