{
    "coefs": {
        "const": 0.27871725641567124,
        "ndvi_max": 343.05623567640146,
        "gndvi_max": -323.7568676000005,
        "cire_max": 6.194818911169965
    },
    "p_values": {
        "const": 0.9979092125536061,
        "ndvi_max": 0.11387999057916308,
        "gndvi_max": 0.2092502634631507,
        "cire_max": 0.6721012623913127
    },
    "rsquared": 0.30042512418383926,
    "aic": 243.81840951105136,
    "fvalue": 3.8649560056028713,
    "f_pvalue": 0.02018514346874022,
    "mse_model": 522.8366274102622,
    "rmse_model": 22.86562108078987
}