{
    "coefs": {
        "const": -62.62939509630402,
        "ndvi_max": 190.08488582757775,
        "cire_max": 1.5362890555954039,
        "ndre_max": -40.26020403974371
    },
    "p_values": {
        "const": 0.5195156220637687,
        "ndvi_max": 0.36097681811780424,
        "cire_max": 0.9428522612052771,
        "ndre_max": 0.8759963325355608
    },
    "rsquared": 0.25823496167112747,
    "aic": 245.63376029781347,
    "fvalue": 3.133222159238134,
    "f_pvalue": 0.04188597139719745,
    "mse_model": 449.41213490830086,
    "rmse_model": 21.19934279425428
}