{
    "coefs": {
        "const": -14.77760327356475,
        "ndvi_max": 333.7316882767342,
        "gndvi_max": -322.14283193280164,
        "ndre_max": 66.65923928439554
    },
    "p_values": {
        "const": 0.8573393760488343,
        "ndvi_max": 0.15555868221165173,
        "gndvi_max": 0.2180187852605936,
        "ndre_max": 0.7091432080267228
    },
    "rsquared": 0.2993680498071989,
    "aic": 243.86521589892584,
    "fvalue": 3.8455460781132866,
    "f_pvalue": 0.020571379748136637,
    "mse_model": 520.9969770031735,
    "rmse_model": 22.825358200982816
}