{
    "coefs": {
        "const": 66.94568452984802,
        "gndvi_max": -202.44884080863488,
        "ndre1_max": 529.162825918139,
        "ndre_max": -214.4954214837477
    },
    "p_values": {
        "const": 0.3649143700662618,
        "gndvi_max": 0.3651935372706303,
        "ndre1_max": 0.07386698132659368,
        "ndre_max": 0.4338270042569057
    },
    "rsquared": 0.3298178186339815,
    "aic": 242.4877889973638,
    "fvalue": 4.429184258010988,
    "f_pvalue": 0.011747683363347696,
    "mse_model": 573.9893972678484,
    "rmse_model": 23.95807582565529
}