{
    "coefs": {
        "const": 47.7582395985942,
        "ndvi_max": 146.814783328388,
        "gndvi_max": -318.5387986786911,
        "ndre1_max": 243.37126694832966
    },
    "p_values": {
        "const": 0.6342800986545591,
        "ndvi_max": 0.6321239657047606,
        "gndvi_max": 0.18063763028036073,
        "ndre1_max": 0.3339482373477317
    },
    "rsquared": 0.32005433995301413,
    "aic": 242.93615115387496,
    "fvalue": 4.236351856967628,
    "f_pvalue": 0.01410536959678415,
    "mse_model": 556.9977948537133,
    "rmse_model": 23.600800724842227
}