{
    "coefs": {
        "const": -35.46850202570576,
        "ndvi_max": 28.87859169988876,
        "gndvi_max": 64.11565696403322,
        "cire_max": 14.51333956532487
    },
    "p_values": {
        "const": 0.6702484528974344,
        "ndvi_max": 0.8976022651778638,
        "gndvi_max": 0.7535295973923959,
        "cire_max": 0.2842943661893483
    },
    "rsquared": 0.5960680458981438,
    "aic": 164.88740131891626,
    "fvalue": 8.853987012097164,
    "f_pvalue": 0.000804481826477442,
    "mse_model": 792.2737776729494,
    "rmse_model": 28.147358271655786
}