{
    "coefs": {
        "const": -20.634990143631867,
        "gndvi_max": 98.17649092400447,
        "cire_max": 21.048047555746614,
        "ndre1_max": -67.20377658072017
    },
    "p_values": {
        "const": 0.780804832816634,
        "gndvi_max": 0.4967625436064116,
        "cire_max": 0.3205804558557457,
        "ndre1_max": 0.7719759258937702
    },
    "rsquared": 0.5976205221590236,
    "aic": 164.80268338340883,
    "fvalue": 8.911297246554033,
    "f_pvalue": 0.0007779343802648751,
    "mse_model": 794.3372773697023,
    "rmse_model": 28.183989734771448
}