{
    "coefs": {
        "const": -47.303818158650245,
        "ndvi_max": -13.978009816868223,
        "cire_max": -2.766653924036946,
        "ndre_max": 238.6051467816572
    },
    "p_values": {
        "const": 0.5758438650831974,
        "ndvi_max": 0.9439078324558887,
        "cire_max": 0.9187737287547368,
        "ndre_max": 0.47770167271233066
    },
    "rsquared": 0.6053160251037225,
    "aic": 164.37785817033011,
    "fvalue": 9.202036012677722,
    "f_pvalue": 0.0006573866725693941,
    "mse_model": 804.5658833670312,
    "rmse_model": 28.364870586114634
}