{
    "coefs": {
        "const": -84.88241084482598,
        "ndvi_max": 111.32423099633922,
        "ndre1_max": -327.1379938089943,
        "ndre_max": 401.14502703773354
    },
    "p_values": {
        "const": 0.27373040788421843,
        "ndvi_max": 0.6164093822751473,
        "ndre1_max": 0.31755045740187016,
        "ndre_max": 0.11604227811737693
    },
    "rsquared": 0.62698293626529,
    "aic": 163.1357114348245,
    "fvalue": 10.085055037233374,
    "f_pvalue": 0.0004014473905184367,
    "mse_model": 833.3648194526146,
    "rmse_model": 28.86805880991333
}