{
    "coefs": {
        "const": -45.221498242117434,
        "ndvi_max": -54.77509618794963,
        "gndvi_max": 56.88080198905638,
        "ndre_max": 210.45454506440788
    },
    "p_values": {
        "const": 0.4966766974168124,
        "ndvi_max": 0.8274242777007343,
        "gndvi_max": 0.7771432173825357,
        "ndre_max": 0.20283801449552424
    },
    "rsquared": 0.6068845308327055,
    "aic": 164.29025422012694,
    "fvalue": 9.262691169872626,
    "f_pvalue": 0.0006349411648165781,
    "mse_model": 806.650688898471,
    "rmse_model": 28.40159659065791
}