{
    "coefs": {
        "const": -56.42229111618033,
        "gndvi_max": 27.003782870046052,
        "cire_max": -1.241480644375394,
        "ndre_max": 196.07335766264654
    },
    "p_values": {
        "const": 0.47420505599730556,
        "gndvi_max": 0.8641824619122351,
        "cire_max": 0.963262654183495,
        "ndre_max": 0.5040589031194282
    },
    "rsquared": 0.6058636590160805,
    "aic": 164.3473114215587,
    "fvalue": 9.22315852687331,
    "f_pvalue": 0.0006494719213461856,
    "mse_model": 805.2937801088738,
    "rmse_model": 28.37769864010952
}