{
    "coefs": {
        "const": -55.393396904464936,
        "gndvi_max": 23.098914796924277,
        "ndre1_max": -238.4705562595814,
        "ndre_max": 398.72053668631946
    },
    "p_values": {
        "const": 0.29596150536252835,
        "gndvi_max": 0.8781465648166112,
        "ndre1_max": 0.3900039541725112,
        "ndre_max": 0.14864079969455718
    },
    "rsquared": 0.6221055414062422,
    "aic": 163.42150860996688,
    "fvalue": 9.877449016658087,
    "f_pvalue": 0.00044973846526435226,
    "mse_model": 826.8819487857969,
    "rmse_model": 28.755555094377797
}