{
    "coefs": {
        "const": -44.58486159834435,
        "cire_max": 1.3967283707122853,
        "ndre1_max": -242.67496193710798,
        "ndre_max": 404.0457374592221
    },
    "p_values": {
        "const": 0.522185681483673,
        "cire_max": 0.9572595999836602,
        "ndre1_max": 0.3879257675967587,
        "ndre_max": 0.2145264694123831
    },
    "rsquared": 0.6216598792252409,
    "aic": 163.44743857768998,
    "fvalue": 9.858746325167132,
    "f_pvalue": 0.00045439587813138755,
    "mse_model": 826.289589470216,
    "rmse_model": 28.74525333807681
}