{
    "coefs": {
        "const": -79.73925056755499,
        "ndvi_max": 36.63568759245027,
        "gndvi_max": 93.49385824508207,
        "ndre1_max": 117.82973391241165
    },
    "p_values": {
        "const": 0.3436956469616951,
        "ndvi_max": 0.9202553969039606,
        "gndvi_max": 0.6835521719391802,
        "ndre1_max": 0.6261851331774515
    },
    "rsquared": 0.5745410529591055,
    "aic": 166.02968594227625,
    "fvalue": 8.102418204460252,
    "f_pvalue": 0.0012639154838451855,
    "mse_model": 763.6608162248111,
    "rmse_model": 27.634413621873925
}