{
    "coefs": {
        "const": -48.033354136411106,
        "ndvi_max": 223.226501604568,
        "cire_max": 27.217367600317424,
        "ndre1_max": -266.9838131040186
    },
    "p_values": {
        "const": 0.568139900879769,
        "ndvi_max": 0.3433878307491154,
        "cire_max": 0.2089441182959188,
        "ndre1_max": 0.4378656646545843
    },
    "rsquared": 0.6075135573687784,
    "aic": 164.25502368786084,
    "fvalue": 9.287152238370618,
    "f_pvalue": 0.0006261309136206445,
    "mse_model": 807.486770002668,
    "rmse_model": 28.416311688934368
}