{
    "coefs": {
        "const": -151.35443587633063,
        "ndvi_mean": -4.036802842783231,
        "gndvi_mean": 61.42496151797798,
        "cire_mean": 67.83729333220826,
        "ndre1_mean": -1393.5823725294606,
        "ndre_mean": 597.5073006293271,
        "ndmi_mean": 719.2256475571678,
        "msi_mean": 264.2818956925065
    },
    "p_values": {
        "const": 0.6928699444783661,
        "ndvi_mean": 0.9955904161909763,
        "gndvi_mean": 0.9376243088589984,
        "cire_mean": 0.5580837279561079,
        "ndre1_mean": 0.3629686959455891,
        "ndre_mean": 0.7272774428010158,
        "ndmi_mean": 0.2813842430352912,
        "msi_mean": 0.3915167166308984
    },
    "rsquared": 0.6971552875554214,
    "aic": 166.5508236125376,
    "fvalue": 4.604044640092587,
    "f_pvalue": 0.007350178982105563,
    "mse_model": 397.1295298753204,
    "rmse_model": 19.92810903912663
}