{
    "coefs": {
        "const": -39.69236629397906,
        "ndvi_mean": -847.1234668039554,
        "gndvi_mean": 1117.3757124874285
    },
    "p_values": {
        "const": 0.47229259150899244,
        "ndvi_mean": 0.007816628881210182,
        "gndvi_mean": 0.011163297153918067
    },
    "rsquared": 0.7897046255120415,
    "aic": 54.627364230040804,
    "fvalue": 9.388040838212294,
    "f_pvalue": 0.0202802965343838,
    "mse_model": 383.7470914597576,
    "rmse_model": 19.589463786938058
}