{
    "coefs": {
        "const": 212.97716039506565,
        "ndvi_mean": -707.7828400396083,
        "ndre1_mean": 770.5042659093754
    },
    "p_values": {
        "const": 0.07475423101336733,
        "ndvi_mean": 0.1959232490208389,
        "ndre1_mean": 0.25041753053851457
    },
    "rsquared": 0.3592942348753877,
    "aic": 63.53982214307942,
    "fvalue": 1.4019470965955325,
    "f_pvalue": 0.3285841266534237,
    "mse_model": 174.59454225975873,
    "rmse_model": 13.213422806364697
}