{
    "coefs": {
        "const": -50.56356720394017,
        "ndre1_mean": -2765.543055670041,
        "ndre_mean": 2544.8202734792535
    },
    "p_values": {
        "const": 0.4059350228850107,
        "ndre1_mean": 0.03204804005921661,
        "ndre_mean": 0.035455945183985246
    },
    "rsquared": 0.6485443018964994,
    "aic": 58.73592886186001,
    "fvalue": 4.6132720666938,
    "f_pvalue": 0.07322788185271106,
    "mse_model": 315.15199670283016,
    "rmse_model": 17.752520854876643
}