{
    "coefs": {
        "const": -151.0367567099193,
        "ndre1_mean": 968.3532958247367,
        "ndmi_mean": -872.4704564490912
    },
    "p_values": {
        "const": 0.17966720500990793,
        "ndre1_mean": 0.07152074484569365,
        "ndmi_mean": 0.049927423637692675
    },
    "rsquared": 0.6013750518984594,
    "aic": 59.74342749001197,
    "fvalue": 3.7715592988002906,
    "f_pvalue": 0.10032546683489339,
    "mse_model": 292.23068928190764,
    "rmse_model": 17.09475619252605
}