{
    "coefs": {
        "const": -31.255671646541373,
        "gndvi_mean": 537.9269777990221,
        "ndre_mean": -496.497934361812
    },
    "p_values": {
        "const": 0.8612652950612458,
        "gndvi_mean": 0.5224750919962284,
        "ndre_mean": 0.47508936262306306
    },
    "rsquared": 0.12163909508505255,
    "aic": 66.0637200297972,
    "fvalue": 0.34621046543741324,
    "f_pvalue": 0.7230735804840084,
    "mse_model": 59.10899776789273,
    "rmse_model": 7.688237624312397
}