{
    "coefs": {
        "const": 14.33948163219329,
        "cire_mean": 66.79106136632478,
        "ndmi_mean": -470.88036686736575
    },
    "p_values": {
        "const": 0.5860712129826522,
        "cire_mean": 0.0621502626014615,
        "ndmi_mean": 0.03592834078724407
    },
    "rsquared": 0.620979823580606,
    "aic": 59.33997504572393,
    "fvalue": 4.0959549267733335,
    "f_pvalue": 0.08844144375400023,
    "mse_model": 301.7573830212007,
    "rmse_model": 17.37116527528308
}