{
    "coefs": {
        "const": -862.89716391421,
        "ndvi_mean": 839.826185661068,
        "msi_mean": 517.5492822022261
    },
    "p_values": {
        "const": 0.06294688997827526,
        "ndvi_mean": 0.06445642673983847,
        "msi_mean": 0.04192903907416501
    },
    "rsquared": 0.6538650878336669,
    "aic": 58.61388847783757,
    "fvalue": 4.722617286287032,
    "f_pvalue": 0.07048772830446967,
    "mse_model": 317.7375661191726,
    "rmse_model": 17.825194700736724
}