{
    "coefs": {
        "const": -107.0665300590972,
        "ndmi_mean": 175.28771169670586,
        "msi_mean": 166.49571610212388
    },
    "p_values": {
        "const": 0.599780331282427,
        "ndmi_mean": 0.6247772624965449,
        "msi_mean": 0.3993104869228441
    },
    "rsquared": 0.3048005302254846,
    "aic": 64.19285001896782,
    "fvalue": 1.0960901995665544,
    "f_pvalue": 0.4029708027889256,
    "mse_model": 148.1140076564464,
    "rmse_model": 12.17020984438832
}