{
    "coefs": {
        "const": 119.56763061326006,
        "gndvi_mean": -165.55112171577935,
        "cire_mean": 14.260516561939227
    },
    "p_values": {
        "const": 0.5252981839421795,
        "gndvi_mean": 0.7429966306188005,
        "cire_mean": 0.8085410039359484
    },
    "rsquared": 0.029650532530574036,
    "aic": 66.86050978776284,
    "fvalue": 0.07639137631491573,
    "f_pvalue": 0.9275139060502179,
    "mse_model": 14.408305651575802,
    "rmse_model": 3.7958274001297534
}