{
    "coefs": {
        "const": -22.456923796904107,
        "ndvi_mean": 199.68085684176094,
        "ndmi_mean": -313.25663115690895
    },
    "p_values": {
        "const": 0.9185727239883672,
        "ndvi_mean": 0.6801846242423246,
        "ndmi_mean": 0.5225891280974196
    },
    "rsquared": 0.21680670499547494,
    "aic": 65.14629577014992,
    "fvalue": 0.6920600137231202,
    "f_pvalue": 0.5428407001001373,
    "mse_model": 105.3545082087386,
    "rmse_model": 10.264234419027003
}