{
    "coefs": {
        "const": -553.3633822046555,
        "gndvi_mean": 679.122964691794,
        "msi_mean": 303.3301172513144
    },
    "p_values": {
        "const": 0.009147787370019712,
        "gndvi_mean": 0.009302723851071561,
        "msi_mean": 0.004355434934672765
    },
    "rsquared": 0.8323404556498577,
    "aic": 52.81474274095476,
    "fvalue": 12.41117019129533,
    "f_pvalue": 0.011509877563647044,
    "mse_model": 404.4654401673527,
    "rmse_model": 20.111326166301236
}