{
    "coefs": {
        "const": 188.9667278383414,
        "cire_mean": 90.3056492333119,
        "ndre_mean": -681.1422161760136
    },
    "p_values": {
        "const": 0.12842930381757817,
        "cire_mean": 0.2839888898215575,
        "ndre_mean": 0.2545182579898054
    },
    "rsquared": 0.2535396939479392,
    "aic": 64.76199906619183,
    "fvalue": 0.8491399070128735,
    "f_pvalue": 0.48141187222876203,
    "mse_model": 123.2044450278267,
    "rmse_model": 11.099749773207805
}