{
    "coefs": {
        "const": -191.5119668678591,
        "ndre_mean": 890.43307805587,
        "ndmi_mean": -839.1714244206642
    },
    "p_values": {
        "const": 0.044756236087578526,
        "ndre_mean": 0.01496138732746681,
        "ndmi_mean": 0.009658313149044202
    },
    "rsquared": 0.7768884662245069,
    "aic": 55.10063391200518,
    "fvalue": 8.70515805568185,
    "f_pvalue": 0.02351283815012693,
    "mse_model": 377.5192390559713,
    "rmse_model": 19.42985432410576
}