{
    "coefs": {
        "const": -200.22150782585743,
        "gndvi_mean": 1151.118725956775,
        "ndre1_mean": -1068.4788794744945
    },
    "p_values": {
        "const": 0.24994872382269814,
        "gndvi_mean": 0.11512550915080368,
        "ndre1_mean": 0.09688900241898209
    },
    "rsquared": 0.46347441517226273,
    "aic": 62.120173523606304,
    "fvalue": 2.1596100366819915,
    "f_pvalue": 0.21085120705091914,
    "mse_model": 225.2195986227714,
    "rmse_model": 15.007318168905842
}