{
    "coefs": {
        "const": 182.03008055008485,
        "ndvi_mean": -337.41341061911857,
        "cire_mean": 45.3688811214069
    },
    "p_values": {
        "const": 0.057471461562485525,
        "ndvi_mean": 0.14153360960285358,
        "cire_mean": 0.22263302098187943
    },
    "rsquared": 0.3822842758952961,
    "aic": 63.247486395081424,
    "fvalue": 1.5471691142773079,
    "f_pvalue": 0.2998966685635631,
    "mse_model": 185.76626531787048,
    "rmse_model": 13.629609874015854
}