{
    "coefs": {
        "const": -335.1089564326784,
        "ndre1_mean": 495.79088559953857,
        "msi_mean": 273.6816230809529
    },
    "p_values": {
        "const": 0.12337650797664149,
        "ndre1_mean": 0.12638560050998995,
        "msi_mean": 0.06493822449276321
    },
    "rsquared": 0.56152936033828,
    "aic": 60.50560235507097,
    "fvalue": 3.2016360364031438,
    "f_pvalue": 0.12730671004981126,
    "mse_model": 272.86817353938295,
    "rmse_model": 16.518721909983924
}