{
    "coefs": {
        "const": 159.835185830433,
        "ndvi_mean": -608.5256504491952,
        "ndre_mean": 624.4065714465121
    },
    "p_values": {
        "const": 0.042292758972340264,
        "ndvi_mean": 0.10783529892700167,
        "ndre_mean": 0.15105594124235558
    },
    "rsquared": 0.45539375959668116,
    "aic": 62.23976383984279,
    "fvalue": 2.090472555269612,
    "f_pvalue": 0.21888022856688372,
    "mse_model": 221.29290505401224,
    "rmse_model": 14.87591694834346
}