{
    "coefs": {
        "const": -316.69007017357325,
        "ndre_mean": 420.06437284530114,
        "msi_mean": 246.2169944759557
    },
    "p_values": {
        "const": 0.09264251839382241,
        "ndre_mean": 0.09412030086615293,
        "msi_mean": 0.04424954740273061
    },
    "rsquared": 0.6040225671971647,
    "aic": 59.690117302991624,
    "fvalue": 3.8134911055519614,
    "f_pvalue": 0.09866794640810478,
    "mse_model": 293.51721624737223,
    "rmse_model": 17.132344155058647
}