{
    "coefs": {
        "const": -139.44087512610758,
        "cire_mean": 36.716935194260515,
        "msi_mean": 166.95004034971038
    },
    "p_values": {
        "const": 0.17847770569116703,
        "cire_mean": 0.16827068353298988,
        "msi_mean": 0.0696938166310461
    },
    "rsquared": 0.5173648711626755,
    "aic": 61.273347059608575,
    "fvalue": 2.679896469663406,
    "f_pvalue": 0.16182563604397004,
    "mse_model": 251.40699208061264,
    "rmse_model": 15.85581887133593
}