{
    "coefs": {
        "const": 152.1417919206723,
        "cire_mean": 83.59844659835281,
        "ndre1_mean": -682.6563571540173
    },
    "p_values": {
        "const": 0.04425030503548277,
        "cire_mean": 0.1656691824285735,
        "ndre1_mean": 0.13413952013304486
    },
    "rsquared": 0.39337475388731047,
    "aic": 63.102549236387134,
    "fvalue": 1.6211604957430146,
    "f_pvalue": 0.2866165085541234,
    "mse_model": 191.1555444671149,
    "rmse_model": 13.82590121717622
}