{
    "coefs": {
        "const": -211.93429738774262,
        "gndvi_mean": 634.2163312904752,
        "ndmi_mean": -520.6602144029464
    },
    "p_values": {
        "const": 0.14323399489372374,
        "gndvi_mean": 0.06934645818481926,
        "ndmi_mean": 0.04115313306881483
    },
    "rsquared": 0.6057550636469843,
    "aic": 59.65503858503459,
    "fvalue": 3.84123553526492,
    "f_pvalue": 0.09759224531890351,
    "mse_model": 294.3591012409564,
    "rmse_model": 17.156896608680615
}