{
    "coefs": {
        "const": -505.73241177898825,
        "ndvi_mean": -257.06321897418184,
        "gndvi_mean": 1092.5138498424608,
        "ndre_mean": -977.0152624730163,
        "ndmi_mean": 1254.3879376649002,
        "msi_mean": 453.2896051465903
    },
    "p_values": {
        "const": 0.2544558988710402,
        "ndvi_mean": 0.5918312716805345,
        "gndvi_mean": 0.11995722745432892,
        "ndre_mean": 0.24418119018691647,
        "ndmi_mean": 0.1367030125028353,
        "msi_mean": 0.24605824218251296
    },
    "rsquared": 0.8384957886039075,
    "aic": 88.08443216690483,
    "fvalue": 6.230146803150382,
    "f_pvalue": 0.022788428617111275,
    "mse_model": 413.6579223779278,
    "rmse_model": 20.33858211326266
}