{
    "coefs": {
        "const": 109.01848235486466,
        "gndvi_mean": 302.6991538031634,
        "cire_mean": 62.684597847679925,
        "ndre1_mean": -927.0179736287573,
        "ndre_mean": 231.7209919685174,
        "msi_mean": -103.0019840794373
    },
    "p_values": {
        "const": 0.6964074740913624,
        "gndvi_mean": 0.7853425754381756,
        "cire_mean": 0.6370745310647794,
        "ndre1_mean": 0.5970052402372512,
        "ndre_mean": 0.9331127289776634,
        "msi_mean": 0.40114832626806207
    },
    "rsquared": 0.7706230329085244,
    "aic": 92.29445907373278,
    "fvalue": 4.031562764196108,
    "f_pvalue": 0.0597315261496952,
    "mse_model": 380.1740295682054,
    "rmse_model": 19.49805194290459
}