{
    "coefs": {
        "const": 128.8137370160748,
        "ndvi_mean": 116.82096403804076,
        "cire_mean": 54.518298891944255,
        "ndre1_mean": -1370.4464939752552,
        "ndre_mean": 790.0145002356667,
        "msi_mean": -93.79952178246651
    },
    "p_values": {
        "const": 0.6356952115344358,
        "ndvi_mean": 0.8715718068148328,
        "cire_mean": 0.6835242860365676,
        "ndre1_mean": 0.28517895086493955,
        "ndre_mean": 0.5911781628126498,
        "msi_mean": 0.46345334425342355
    },
    "rsquared": 0.7686188989425117,
    "aic": 92.39885120888788,
    "fvalue": 3.986248982806298,
    "f_pvalue": 0.061145426924157434,
    "mse_model": 379.1853234783058,
    "rmse_model": 19.472681466051505
}