{
    "coefs": {
        "const": 95.64809844655292,
        "ndvi_mean": -331.3512403716568,
        "gndvi_mean": 814.6687578149917,
        "cire_mean": 64.79101688577316,
        "ndre_mean": -664.9830763201455,
        "msi_mean": -120.35069380237468
    },
    "p_values": {
        "const": 0.7248113235226732,
        "ndvi_mean": 0.6234205807136568,
        "gndvi_mean": 0.2831533241193373,
        "cire_mean": 0.6297731496219374,
        "ndre_mean": 0.6461947174324295,
        "msi_mean": 0.38993432627502655
    },
    "rsquared": 0.7690216323889343,
    "aic": 92.37794625113621,
    "fvalue": 3.9952917167577646,
    "f_pvalue": 0.06085976981375579,
    "mse_model": 379.38400531187426,
    "rmse_model": 19.477782350972973
}