{
    "coefs": {
        "const": -279.90474656486913,
        "ndvi_mean": -143.8110843650668,
        "cire_mean": 3.1324974158528676,
        "ndre_mean": 25.339875866899547,
        "ndmi_mean": 856.9826658273646,
        "msi_mean": 370.24671187840545
    },
    "p_values": {
        "const": 0.6090857677640933,
        "ndvi_mean": 0.8352485728704142,
        "cire_mean": 0.9832677761041821,
        "ndre_mean": 0.9849422018916654,
        "ndmi_mean": 0.3971298721779534,
        "msi_mean": 0.4558799922065565
    },
    "rsquared": 0.7501455031118005,
    "aic": 93.32060236972097,
    "fvalue": 3.602795286638187,
    "f_pvalue": 0.07508026764214684,
    "mse_model": 370.07178153515497,
    "rmse_model": 19.23724984334182
}