{
    "coefs": {
        "const": -461.8550828345119,
        "ndvi_mean": -550.5410174395129,
        "gndvi_mean": 872.4999461533748,
        "cire_mean": -75.8318826728077,
        "ndmi_mean": 1176.5521551263055,
        "msi_mean": 427.00222418399653
    },
    "p_values": {
        "const": 0.3488316865599217,
        "ndvi_mean": 0.2477155500992836,
        "gndvi_mean": 0.1736499919195687,
        "cire_mean": 0.37372904077577035,
        "ndmi_mean": 0.20217128660308664,
        "msi_mean": 0.3203197636072338
    },
    "rsquared": 0.8211476179370731,
    "aic": 89.30878695065752,
    "fvalue": 5.509443766747238,
    "f_pvalue": 0.030268063725552168,
    "mse_model": 405.09949151562284,
    "rmse_model": 20.127083532286115
}