{
    "coefs": {
        "const": -352.2496988114806,
        "ndvi_mean": -88.49283450260577,
        "gndvi_mean": 555.2061459769823,
        "ndre1_mean": -724.6918456637354,
        "ndmi_mean": 992.2278366714031,
        "msi_mean": 349.56122115177646
    },
    "p_values": {
        "const": 0.36517984801705095,
        "ndvi_mean": 0.8867382839432648,
        "gndvi_mean": 0.23335894959847225,
        "ndre1_mean": 0.34494439004669597,
        "ndmi_mean": 0.18741890704106104,
        "msi_mean": 0.33980461057779754
    },
    "rsquared": 0.8243735088904697,
    "aic": 89.09037190222443,
    "fvalue": 5.632682201978368,
    "f_pvalue": 0.028779129114945807,
    "mse_model": 406.69093105263175,
    "rmse_model": 20.166579557590616
}