{
    "coefs": {
        "const": 110.35748583355337,
        "ndvi_mean": -119.61166731777803,
        "gndvi_mean": 457.01039893621737,
        "cire_mean": 60.72549700817899,
        "ndre1_mean": -657.1579596807683,
        "msi_mean": -110.81324909920386
    },
    "p_values": {
        "const": 0.6842215716769342,
        "ndvi_mean": 0.8997031487483947,
        "gndvi_mean": 0.5567069512486655,
        "cire_mean": 0.6045481316567519,
        "ndre1_mean": 0.6114820849772044,
        "msi_mean": 0.4221532703177988
    },
    "rsquared": 0.7709899520421571,
    "aic": 92.27524809960208,
    "fvalue": 4.039944756576362,
    "f_pvalue": 0.059474732895036395,
    "mse_model": 380.35504300746425,
    "rmse_model": 19.502693224461698
}