{
    "coefs": {
        "const": -441.1005885252009,
        "gndvi_mean": 556.380595090561,
        "cire_mean": -10.725530075309393,
        "ndre1_mean": -765.052580952115,
        "ndmi_mean": 1104.4072563036439,
        "msi_mean": 411.8956545592714
    },
    "p_values": {
        "const": 0.3691486495260725,
        "gndvi_mean": 0.2608444255126079,
        "cire_mean": 0.9079016802676106,
        "ndre1_mean": 0.23174842131432344,
        "ndmi_mean": 0.22415593748858625,
        "msi_mean": 0.3347605699139516
    },
    "rsquared": 0.8241538174926799,
    "aic": 89.1053733365589,
    "fvalue": 5.6241458693596975,
    "f_pvalue": 0.028879089061571495,
    "mse_model": 406.58254996305544,
    "rmse_model": 20.163892232479707
}