{
    "coefs": {
        "const": -295.653719423874,
        "ndvi_mean": 384.2426129655588,
        "cire_mean": 63.49212411681854,
        "ndre1_mean": -1109.0424386148911,
        "ndmi_mean": 895.7251467007168,
        "msi_mean": 354.0792078896594
    },
    "p_values": {
        "const": 0.5536739827263673,
        "ndvi_mean": 0.5336276234033743,
        "cire_mean": 0.46401133493912583,
        "ndre1_mean": 0.3016568571741239,
        "ndmi_mean": 0.33477312100052414,
        "msi_mean": 0.4331221691996252
    },
    "rsquared": 0.7939682368286003,
    "aic": 91.00642170263144,
    "fvalue": 4.624344661855409,
    "f_pvalue": 0.04465644352343122,
    "mse_model": 391.69099683544283,
    "rmse_model": 19.791184826468648
}