{
    "coefs": {
        "const": -298.02031506788467,
        "ndvi_mean": 193.64617720368608,
        "ndre1_mean": -1412.9170314297025,
        "ndre_mean": 810.143816226383,
        "ndmi_mean": 902.3325643192074,
        "msi_mean": 336.44632249461176
    },
    "p_values": {
        "const": 0.503287850226718,
        "ndvi_mean": 0.7403472455869191,
        "ndre1_mean": 0.23442528798274068,
        "ndre_mean": 0.34749607494602586,
        "ndmi_mean": 0.2826211087876107,
        "msi_mean": 0.41474375026363275
    },
    "rsquared": 0.8064711809693674,
    "aic": 90.25517478122666,
    "fvalue": 5.000626893765414,
    "f_pvalue": 0.03762311493646255,
    "mse_model": 397.859115944888,
    "rmse_model": 19.946406090945004
}