{
    "coefs": {
        "const": 98.93224976458862,
        "ndvi_mean": -220.93590657552295,
        "gndvi_mean": 297.071008502674,
        "ndre1_mean": -903.445590837302,
        "ndre_mean": 818.619566830097,
        "msi_mean": -109.56855877584141
    },
    "p_values": {
        "const": 0.7269078043106019,
        "ndvi_mean": 0.8538511128566383,
        "gndvi_mean": 0.8728844263085849,
        "ndre1_mean": 0.7744261537819265,
        "ndre_mean": 0.7903660496254029,
        "msi_mean": 0.4605138003048689
    },
    "rsquared": 0.7626543626646693,
    "aic": 92.70426710722181,
    "fvalue": 3.8559176628327734,
    "f_pvalue": 0.06546641944894473,
    "mse_model": 376.24281891457025,
    "rmse_model": 19.39697963381336
}