{
    "coefs": {
        "const": -36.87285257572705,
        "ndvi_mean": -640.6552278031982,
        "gndvi_mean": 1128.6652015464788,
        "ndre1_mean": 231.41798717490383,
        "ndre_mean": -609.6933224658824,
        "ndmi_mean": 371.9706457607021
    },
    "p_values": {
        "const": 0.8630038584976353,
        "ndvi_mean": 0.595769385960924,
        "gndvi_mean": 0.5681002289219041,
        "ndre1_mean": 0.9418529997981362,
        "ndre_mean": 0.8512144351311223,
        "ndmi_mean": 0.2479436405029073
    },
    "rsquared": 0.7942248183227563,
    "aic": 90.99146819897244,
    "fvalue": 4.6316070491055985,
    "f_pvalue": 0.04450489447917989,
    "mse_model": 391.8175770392264,
    "rmse_model": 19.79438246167903
}