{
    "coefs": {
        "const": -14.41978694958459,
        "ndvi_mean": 399.9324490754607,
        "gndvi_mean": -257.5035672766044,
        "cire_mean": 58.781225969118,
        "ndre1_mean": -1457.8387171126633,
        "ndre_mean": 936.4269691134432
    },
    "p_values": {
        "const": 0.9517498288360032,
        "ndvi_mean": 0.7063870691603564,
        "gndvi_mean": 0.879806019837441,
        "cire_mean": 0.6796245809591687,
        "ndre1_mean": 0.6432113251501521,
        "ndre_mean": 0.7875980723539507
    },
    "rsquared": 0.7460353977895056,
    "aic": 93.5163962891303,
    "fvalue": 3.5250679407888494,
    "f_pvalue": 0.07840276207846412,
    "mse_model": 368.04412957615614,
    "rmse_model": 19.18447626535987
}