{
    "coefs": {
        "const": 55.859344562688534,
        "ndvi_mean": 97.02777371207958,
        "cire_mean": 37.96552050772493,
        "ndre1_mean": -1471.0494611572358,
        "ndre_mean": 874.9253042725086,
        "ndmi_mean": 246.71965501923523
    },
    "p_values": {
        "const": 0.7415486218674484,
        "ndvi_mean": 0.8877950215716445,
        "cire_mean": 0.7708266855358219,
        "ndre1_mean": 0.23855257946959033,
        "ndre_mean": 0.5375395876284945,
        "ndmi_mean": 0.3309607244759875
    },
    "rsquared": 0.7850501752681036,
    "aic": 91.51491306858252,
    "fvalue": 4.38269820176286,
    "f_pvalue": 0.050113742952812776,
    "mse_model": 387.29141979893114,
    "rmse_model": 19.67972102949966
}