{
    "coefs": {
        "const": -243.85809673888275,
        "cire_mean": -16.940639735125103,
        "ndre1_mean": -1277.3243308905548,
        "ndre_mean": 978.7963921045339,
        "ndmi_mean": 866.3652107464395,
        "msi_mean": 309.02566164760015
    },
    "p_values": {
        "const": 0.5911613514020158,
        "cire_mean": 0.8839024519290685,
        "ndre1_mean": 0.2421616724056489,
        "ndre_mean": 0.42187992092241944,
        "ndmi_mean": 0.3360852883729118,
        "msi_mean": 0.47449010361797495
    },
    "rsquared": 0.8033453377932649,
    "aic": 90.44744801886301,
    "fvalue": 4.902067383169835,
    "f_pvalue": 0.03931455977630122,
    "mse_model": 396.31703331134406,
    "rmse_model": 19.90771291010959
}