{
    "coefs": {
        "const": -584.8763748089714,
        "gndvi_mean": 1054.0871904525475,
        "cire_mean": 25.593305391460603,
        "ndre_mean": -1315.7896583832146,
        "ndmi_mean": 1296.4395989969216,
        "msi_mean": 501.92043050493726
    },
    "p_values": {
        "const": 0.2150187443818096,
        "gndvi_mean": 0.1351189075299967,
        "cire_mean": 0.805674364732974,
        "ndre_mean": 0.1957139756756435,
        "ndmi_mean": 0.15778691921370228,
        "msi_mean": 0.2290905239736361
    },
    "rsquared": 0.8317227679017706,
    "aic": 88.5774112626994,
    "fvalue": 5.931089482738325,
    "f_pvalue": 0.025555409509420795,
    "mse_model": 410.3165654982069,
    "rmse_model": 20.256272250792023
}