{
    "coefs": {
        "const": -15.945715046705118,
        "ndvi_mean": -416.8022857308529,
        "gndvi_mean": 997.4648079505646,
        "cire_mean": 44.09019065436553,
        "ndre_mean": -783.3917619985211,
        "ndmi_mean": 346.79788769580045
    },
    "p_values": {
        "const": 0.9297580644935688,
        "ndvi_mean": 0.5025744428323959,
        "gndvi_mean": 0.18613167929208485,
        "cire_mean": 0.7270892490608133,
        "ndre_mean": 0.5664978915991339,
        "ndmi_mean": 0.2213006137522257
    },
    "rsquared": 0.7985189821807767,
    "aic": 90.73839960889784,
    "fvalue": 4.7558960590356305,
    "f_pvalue": 0.042013613941470795,
    "mse_model": 393.93603120918317,
    "rmse_model": 19.847821825308266
}