{
    "coefs": {
        "const": 1.0452025256704474,
        "gndvi_mean": 486.30618127948014,
        "cire_mean": 59.1059206458591,
        "ndre1_mean": -848.2735515370641,
        "ndre_mean": -94.41537239187528,
        "ndmi_mean": 278.76991228254565
    },
    "p_values": {
        "const": 0.9959316157515892,
        "gndvi_mean": 0.654025465201162,
        "cire_mean": 0.6379766571613374,
        "ndre1_mean": 0.6014074156003417,
        "ndre_mean": 0.9714929109607671,
        "ndmi_mean": 0.2643298143737008
    },
    "rsquared": 0.791977441602943,
    "aic": 91.12181586979189,
    "fvalue": 4.56860514189781,
    "f_pvalue": 0.04584264946010689,
    "mse_model": 390.7088711907853,
    "rmse_model": 19.766357054115595
}