{
    "coefs": {
        "const": -612.1638578914894,
        "gndvi_mean": 957.7817099749993,
        "ndre1_mean": -169.59629048451734,
        "ndre_mean": -943.9649533635229,
        "ndmi_mean": 1338.7871670591726,
        "msi_mean": 524.6813744288513
    },
    "p_values": {
        "const": 0.2717496504052599,
        "gndvi_mean": 0.3605780734649358,
        "ndre1_mean": 0.9073163754829692,
        "ndre_mean": 0.647202456325787,
        "ndmi_mean": 0.1691005779380398,
        "msi_mean": 0.24567654063552932
    },
    "rsquared": 0.830285641762371,
    "aic": 88.67945887627971,
    "fvalue": 5.870704049210703,
    "f_pvalue": 0.02616753878534498,
    "mse_model": 409.6075832694363,
    "rmse_model": 20.23876437111308
}