{
    "coefs": {
        "const": 8.151064698738509,
        "ndvi_mean": -265.9853795382737,
        "gndvi_mean": 617.5474841205969,
        "cire_mean": 28.421181375853138,
        "ndre1_mean": -596.0463133233038,
        "ndmi_mean": 315.01624672225284
    },
    "p_values": {
        "const": 0.9642411315034005,
        "ndvi_mean": 0.7691442177012185,
        "gndvi_mean": 0.42146063310574444,
        "cire_mean": 0.8064136501926076,
        "ndre1_mean": 0.6264440685035733,
        "ndmi_mean": 0.2613593631656866
    },
    "rsquared": 0.7951493280298058,
    "aic": 90.93743294945362,
    "fvalue": 4.657925621911553,
    "f_pvalue": 0.04396135756915244,
    "mse_model": 392.27366849470417,
    "rmse_model": 19.805899840570337
}