{
    "coefs": {
        "const": -78.82052749735249,
        "ndvi_max": 277.8935613126864,
        "gndvi_max": -112.26320782565188,
        "cire_max": 10.175388799065857,
        "ndre1_max": -483.42480767655627,
        "ndre_max": 380.34088005945597
    },
    "p_values": {
        "const": 0.39212611236940964,
        "ndvi_max": 0.5035043561842645,
        "gndvi_max": 0.6686841135633679,
        "cire_max": 0.7371213989276733,
        "ndre1_max": 0.30275318288098046,
        "ndre_max": 0.3122120013288088
    },
    "rsquared": 0.6330250302463765,
    "aic": 166.7764399408585,
    "fvalue": 5.5199407691167295,
    "f_pvalue": 0.0038506951335466368,
    "mse_model": 504.83746162148526,
    "rmse_model": 22.468588331746282
}