{
    "aic": 7651.842751238098,
    "bic": 9652.698646902236,
    "rmse": 7.895562414925796,
    "mse": 62.33990584798887,
    "r2": 0.4876074061918998
}