{"aic": 6686.031536226024, "bic": 8636.888932162034, "rmse": 7.6568666988155245, "mse": 58.62760764343015, "r2": 0.4851976071928582}