{
    "aic": 7550.302520597905,
    "bic": 9551.158416262042,
    "rmse": 7.659556856778485,
    "mse": 58.6688112422223,
    "r2": 0.4772704905709646
}