{
    "aic": 6598.1826462629415,
    "bic": 8549.04004219895,
    "rmse": 7.4300917619689475,
    "mse": 55.20626359127881,
    "r2": 0.47583112555948404
}