{
    "aic": 7676.578520544026,
    "bic": 9677.434416208163,
    "rmse": 7.954147738957937,
    "mse": 63.26846625316966,
    "r2": 0.4692718369975948
}