{"aic": 6704.261726362326, "bic": 8655.119122298334, "rmse": 7.704786780155068, "mse": 59.363739327652304, "r2": 0.4700951443366006}