{
    "coefs": {
        "const": -347.96576432243074,
        "ndvi_mean": 65.24637759491264,
        "gndvi_mean": 355.52275019973933,
        "cire_mean": 39.37068083716493,
        "ndre1_mean": -297.3876291203251,
        "ndre_mean": -424.9719190370381,
        "ndmi_mean": 889.3111103842307,
        "msi_mean": 351.97976729477426
    },
    "p_values": {
        "const": 0.2781714743355046,
        "ndvi_mean": 0.9148283879567546,
        "gndvi_mean": 0.5806761052383271,
        "cire_mean": 0.7094026803004407,
        "ndre1_mean": 0.8330796638864787,
        "ndre_mean": 0.7661096220137142,
        "ndmi_mean": 0.16500582536471126,
        "msi_mean": 0.1933350585480753
    },
    "rsquared": 0.7108195086755441,
    "aic": 165.53510245931255,
    "fvalue": 4.916095864004989,
    "f_pvalue": 0.005536829374412762,
    "mse_model": 404.91325583481887,
    "rmse_model": 20.12245650597409
}