{
    "coefs": {
        "const": 1.9655005504758307,
        "ndvi_max": -103.77975145126712,
        "ndre1_max": 322.96191152054314
    },
    "p_values": {
        "const": 0.9786950178974035,
        "ndvi_max": 0.6824654324125885,
        "ndre1_max": 0.23567170236302215
    },
    "rsquared": 0.5739619914765393,
    "aic": 164.05960819742248,
    "fvalue": 12.79847997112882,
    "f_pvalue": 0.00030182783357107627,
    "mse_model": 1144.33672050635,
    "rmse_model": 33.82804635958674
}