{
    "coefs": {
        "const": 45.62475849123603,
        "ndvi_max": -72.32782464770916,
        "cire_max": 36.14574866488977
    },
    "p_values": {
        "const": 0.518748045646547,
        "ndvi_max": 0.6177935283995515,
        "cire_max": 0.06373419531398118
    },
    "rsquared": 0.6182211904632253,
    "aic": 161.64649076764022,
    "fvalue": 15.383518316605043,
    "f_pvalue": 0.00010646633014150939,
    "mse_model": 1232.5784984860557,
    "rmse_model": 35.10809733503164
}