{
    "coefs": {
        "const": -97.61464882677872,
        "ndvi_max": 73.75553620744205,
        "gndvi_max": 176.95317664018955
    },
    "p_values": {
        "const": 0.014405464966472565,
        "ndvi_max": 0.6012811534884501,
        "gndvi_max": 0.3600635914049384
    },
    "rsquared": 0.5606722878101973,
    "aic": 164.7353836807717,
    "fvalue": 12.1239489028539,
    "f_pvalue": 0.0004041026411063899,
    "mse_model": 1117.8403738215807,
    "rmse_model": 33.434119904994965
}