{
    "coefs": {
        "const": 22.79152679759087,
        "gndvi_max": -27.490482841670996,
        "cire_max": 29.669058712459183
    },
    "p_values": {
        "const": 0.7801617649999132,
        "gndvi_max": 0.8823977484751351,
        "cire_max": 0.10386026528286867
    },
    "rsquared": 0.6135076499836962,
    "aic": 161.91644543247384,
    "fvalue": 15.080046667415932,
    "f_pvalue": 0.0001196295780198976,
    "mse_model": 1223.1808771549943,
    "rmse_model": 34.97400287577895
}