{
    "coefs": {
        "const": 22.447256233889107,
        "ndvi_max": -193.3272521502824,
        "ndre_max": 366.3930895227495
    },
    "p_values": {
        "const": 0.7113629105780166,
        "ndvi_max": 0.36036631227249905,
        "ndre_max": 0.0684789978005205
    },
    "rsquared": 0.6157741813349471,
    "aic": 161.78704966758752,
    "fvalue": 15.225043290965262,
    "f_pvalue": 0.00011312853779663137,
    "mse_model": 1227.699774036551,
    "rmse_model": 35.038546973819436
}