{
    "coefs": {
        "const": -24.202263007515548,
        "gndvi_max": -23.234656006003206,
        "ndre_max": 206.9013445085564
    },
    "p_values": {
        "const": 0.7089093447642139,
        "gndvi_max": 0.9137606051966124,
        "ndre_max": 0.1648796879785909
    },
    "rsquared": 0.5982627956570714,
    "aic": 162.76753918039708,
    "fvalue": 14.147299521432085,
    "f_pvalue": 0.0001727625094422564,
    "mse_model": 1192.786448841286,
    "rmse_model": 34.53674056481425
}