{
    "coefs": {
        "const": 37.53777900787523,
        "cire_max": 43.854592736262354,
        "ndre_max": -119.8100122294353
    },
    "p_values": {
        "const": 0.6250495251075779,
        "cire_max": 0.36239161155562605,
        "ndre_max": 0.7250467798532154
    },
    "rsquared": 0.6156282718604513,
    "aic": 161.79540256564403,
    "fvalue": 15.215657538035584,
    "f_pvalue": 0.00011353732166620036,
    "mse_model": 1227.4088670217748,
    "rmse_model": 35.03439548531949
}