{
    "coefs": {
        "const": -58.75445938209943,
        "gndvi_max": 104.95162467538975,
        "ndre1_max": 137.7229454673426
    },
    "p_values": {
        "const": 0.2909028672693535,
        "gndvi_max": 0.5409101741736047,
        "ndre1_max": 0.305935066462758
    },
    "rsquared": 0.5786888425507712,
    "aic": 163.81415612994275,
    "fvalue": 13.048655149596465,
    "f_pvalue": 0.0002714739270500195,
    "mse_model": 1153.7608798356,
    "rmse_model": 33.96705580169703
}