{
    "coefs": {
        "const": 43.39496386292344,
        "cire_max": 47.80123994476304,
        "ndre1_max": -171.54564575592738
    },
    "p_values": {
        "const": 0.363657385187092,
        "cire_max": 0.11808618949518623,
        "ndre1_max": 0.4823750886308973
    },
    "rsquared": 0.6232315639874022,
    "aic": 161.3558567398499,
    "fvalue": 15.714426400842013,
    "f_pvalue": 9.390914091397513e-05,
    "mse_model": 1242.5679306998832,
    "rmse_model": 35.25007703111985
}