{
    "coefs": {
        "const": -32.362711443590925,
        "ndre1_max": -358.05444692546655,
        "ndre_max": 501.8757384522844
    },
    "p_values": {
        "const": 0.09252077138588219,
        "ndre1_max": 0.3630798384829458,
        "ndre_max": 0.1502027577963996
    },
    "rsquared": 0.6155789330996853,
    "aic": 161.7982263505321,
    "fvalue": 15.212485391606982,
    "f_pvalue": 0.00011367584916318435,
    "mse_model": 1227.3104978674974,
    "rmse_model": 35.03299156320364
}