{
    "coefs": {
        "const": 106.043351764883,
        "ndvi_mean": -22.300358222509033,
        "cire_mean": 69.10560003045465,
        "ndre1_mean": -396.1945672484271
    },
    "p_values": {
        "const": 0.10145903673935565,
        "ndvi_mean": 0.9555299716272047,
        "cire_mean": 0.20702167821504833,
        "ndre1_mean": 0.6207991086779753
    },
    "rsquared": 0.176185890379415,
    "aic": 248.88604396164135,
    "fvalue": 1.9247946774607088,
    "f_pvalue": 0.1493757507387838,
    "mse_model": 306.62028341836896,
    "rmse_model": 17.510576330274482
}