{
    "coefs": {
        "const": -74.71642380617858,
        "ndre1_mean": -1224.9763538896004,
        "ndre_mean": 1271.769164811028,
        "msi_mean": 45.28975241212002
    },
    "p_values": {
        "const": 0.5052634375987164,
        "ndre1_mean": 0.08200342818680298,
        "ndre_mean": 0.027993165135295334,
        "msi_mean": 0.5296793832231763
    },
    "rsquared": 0.2576864732285944,
    "aic": 245.65667437108766,
    "fvalue": 3.1242570361667905,
    "f_pvalue": 0.042270573076856006,
    "mse_model": 448.45758808653756,
    "rmse_model": 21.176817232212624
}