{
    "coefs": {
        "const": 129.52102987318025,
        "ndvi_mean": -522.7864366498866,
        "ndre_mean": 615.1563429494158,
        "msi_mean": -3.3047787154808077
    },
    "p_values": {
        "const": 0.5444005245958737,
        "ndvi_mean": 0.1408036671692479,
        "ndre_mean": 0.016977670389681978,
        "msi_mean": 0.9730099435497714
    },
    "rsquared": 0.2333408461204669,
    "aic": 246.65706350347062,
    "fvalue": 2.7392454710247813,
    "f_pvalue": 0.06286582810558052,
    "mse_model": 406.0883434902964,
    "rmse_model": 20.151633767272976
}