{
    "coefs": {
        "const": 62.84531755813157,
        "ndvi_mean": -442.18396935178123,
        "gndvi_mean": 573.9126925301513,
        "msi_mean": -48.87241971060391
    },
    "p_values": {
        "const": 0.7698103695433665,
        "ndvi_mean": 0.24374948211578118,
        "gndvi_mean": 0.04897214839294733,
        "msi_mean": 0.6642946896105693
    },
    "rsquared": 0.1788055434655641,
    "aic": 248.78730974713238,
    "fvalue": 1.9596453414716817,
    "f_pvalue": 0.1438574007149151,
    "mse_model": 311.179324837651,
    "rmse_model": 17.64027564517207
}