{
    "coefs": {
        "const": 42.75645274060448,
        "gndvi_mean": 183.12130759398752,
        "cire_mean": 50.6386006717959,
        "ndre_mean": -374.4895182557531
    },
    "p_values": {
        "const": 0.5961824996013367,
        "gndvi_mean": 0.5435837071615672,
        "cire_mean": 0.2836293090795751,
        "ndre_mean": 0.3913402076156035
    },
    "rsquared": 0.12696201713507393,
    "aic": 250.68510273536435,
    "fvalue": 1.3088298294490746,
    "f_pvalue": 0.29188938847235185,
    "mse_model": 220.954865304427,
    "rmse_model": 14.864550625714422
}