{
    "coefs": {
        "const": 3.000497000656075,
        "gndvi_mean": 60.45019461943804,
        "cire_mean": 31.072858307179455,
        "ndmi_mean": -124.54367266386576
    },
    "p_values": {
        "const": 0.972377625080423,
        "gndvi_mean": 0.781566738852929,
        "cire_mean": 0.2594229580567103,
        "ndmi_mean": 0.2633642887731361
    },
    "rsquared": 0.14379903618817447,
    "aic": 250.08141047341394,
    "fvalue": 1.5115508862916973,
    "f_pvalue": 0.2340193950681204,
    "mse_model": 250.25670975329072,
    "rmse_model": 15.819504093153196
}