{
    "coefs": {
        "const": 101.30272777275931,
        "ndvi_mean": -185.77990834855228,
        "cire_mean": 43.96271480425062,
        "msi_mean": 9.030003704388562
    },
    "p_values": {
        "const": 0.654435068140039,
        "ndvi_mean": 0.5159647635265961,
        "cire_mean": 0.05937157038619128,
        "msi_mean": 0.9294175769325074
    },
    "rsquared": 0.16878971845683266,
    "aic": 249.16311885816526,
    "fvalue": 1.8275850285336035,
    "f_pvalue": 0.1659490377524526,
    "mse_model": 293.7485584111652,
    "rmse_model": 17.13909444548239
}