{
    "coefs": {
        "const": 60.50246142382933,
        "gndvi_mean": -323.38127829831274,
        "ndre1_mean": -1810.8178751367302,
        "ndre_mean": 1939.086213772654
    },
    "p_values": {
        "const": 0.383539515554571,
        "gndvi_mean": 0.2990287927179492,
        "ndre1_mean": 0.013257056527084412,
        "ndre_mean": 0.015197574442148271
    },
    "rsquared": 0.2765831855448858,
    "aic": 244.85730422192887,
    "fvalue": 3.4409604811009302,
    "f_pvalue": 0.03069413661836588,
    "mse_model": 481.34396323053505,
    "rmse_model": 21.939552484737128
}