{
    "coefs": {
        "const": -223.67189082528336,
        "ndre_mean": 229.0419650582068,
        "ndmi_mean": 223.77098732125444,
        "msi_mean": 205.26581821913652
    },
    "p_values": {
        "const": 0.18769290597125549,
        "ndre_mean": 0.2607567898376958,
        "ndmi_mean": 0.5537589982616393,
        "msi_mean": 0.2504104096732651
    },
    "rsquared": 0.1789010950878679,
    "aic": 248.78370247407838,
    "fvalue": 1.9609207199747922,
    "f_pvalue": 0.14365948717339755,
    "mse_model": 311.3456154835637,
    "rmse_model": 17.644988395676652
}