{
    "coefs": {
        "const": -31.8854228334094,
        "gndvi_mean": -56.509964173114895,
        "ndre_mean": 380.7357031807371,
        "ndmi_mean": -194.02049666248902
    },
    "p_values": {
        "const": 0.6791509438714349,
        "gndvi_mean": 0.8568359047609828,
        "ndre_mean": 0.29581339104840193,
        "ndmi_mean": 0.22268474281021705
    },
    "rsquared": 0.13800244985935428,
    "aic": 250.29057705860907,
    "fvalue": 1.4408649404299776,
    "f_pvalue": 0.2527671109673229,
    "mse_model": 240.1687796745858,
    "rmse_model": 15.497379768031298
}