{
    "coefs": {
        "const": -2.296722303784918,
        "cire_mean": 23.07749884742528,
        "ndre_mean": 131.62832359309954,
        "ndmi_mean": -151.20909713320367
    },
    "p_values": {
        "const": 0.9818459618165349,
        "cire_mean": 0.6401908399682148,
        "ndre_mean": 0.771958584482171,
        "ndmi_mean": 0.3448716976713031
    },
    "rsquared": 0.1440286533777112,
    "aic": 250.07309573444178,
    "fvalue": 1.5143706451325825,
    "f_pvalue": 0.23330118111880915,
    "mse_model": 250.65631773314576,
    "rmse_model": 15.832129286142965
}