{
    "coefs": {
        "const": -144.80078535827266,
        "cire_mean": 23.04319929083296,
        "ndmi_mean": 234.78168490631822,
        "msi_mean": 176.9836608810345
    },
    "p_values": {
        "const": 0.462650742021424,
        "cire_mean": 0.3603075639301473,
        "ndmi_mean": 0.572519936416406,
        "msi_mean": 0.38377178941210055
    },
    "rsquared": 0.16553869361613371,
    "aic": 249.28412938481006,
    "fvalue": 1.7854012296884714,
    "f_pvalue": 0.17371749205383874,
    "mse_model": 288.0907264706584,
    "rmse_model": 16.97323559226874
}