{
    "coefs": {
        "const": 64.15639870145682,
        "ndvi_mean": -321.22671242777415,
        "ndre1_mean": -985.8429930936666,
        "ndre_mean": 1291.697101998324
    },
    "p_values": {
        "const": 0.30548659046197496,
        "ndvi_mean": 0.21645951282285258,
        "ndre1_mean": 0.15841862558813086,
        "ndre_mean": 0.019154006453928223
    },
    "rsquared": 0.28873760760011025,
    "aic": 244.33203544179128,
    "fvalue": 3.6535580907530556,
    "f_pvalue": 0.0248431394129715,
    "mse_model": 502.49657838793365,
    "rmse_model": 22.416435452317874
}