{
    "coefs": {
        "const": -45.398159229762314,
        "gndvi_mean": 218.70710446398562,
        "ndre1_mean": 13.8951210211697,
        "ndmi_mean": -68.72770552197849
    },
    "p_values": {
        "const": 0.5603103587076537,
        "gndvi_mean": 0.38255711595654385,
        "ndre1_mean": 0.9697404996364727,
        "ndmi_mean": 0.6942691141110993
    },
    "rsquared": 0.10176439312580321,
    "aic": 251.56715624488902,
    "fvalue": 1.0196428766829142,
    "f_pvalue": 0.39938502466168474,
    "mse_model": 177.1028712624866,
    "rmse_model": 13.308000272861682
}