{
    "coefs": {
        "const": 50.461378149412155,
        "ndvi_mean": -366.58528206943413,
        "gndvi_mean": 351.8882529783218,
        "cire_mean": 29.755041947947976
    },
    "p_values": {
        "const": 0.5096695028491969,
        "ndvi_mean": 0.054431396369679176,
        "gndvi_mean": 0.19617862881891193,
        "cire_mean": 0.2161488989261901
    },
    "rsquared": 0.219328149206666,
    "aic": 247.21855355149796,
    "fvalue": 2.528531470494324,
    "f_pvalue": 0.07839413597145904,
    "mse_model": 381.7017306354719,
    "rmse_model": 19.537188401494006
}