{
    "coefs": {
        "const": -146.35010283165525,
        "cire_mean": 0.8470685293143916,
        "ndre_mean": 305.857737626273,
        "msi_mean": 107.30652066896664
    },
    "p_values": {
        "const": 0.4199290166857922,
        "cire_mean": 0.9876242699920852,
        "ndre_mean": 0.5291779399469676,
        "msi_mean": 0.19972396883515636
    },
    "rsquared": 0.1679745458825227,
    "aic": 249.1935058337276,
    "fvalue": 1.816976758897632,
    "f_pvalue": 0.16786848500531515,
    "mse_model": 292.3298951729709,
    "rmse_model": 17.09765759316085
}