{
    "coefs": {
        "const": -158.2409560902808,
        "gndvi_mean": 49.85271933852789,
        "ndre_mean": 273.8528934323532,
        "msi_mean": 106.87179011745734
    },
    "p_values": {
        "const": 0.20459497904641138,
        "gndvi_mean": 0.860698047352501,
        "ndre_mean": 0.3073584072586434,
        "msi_mean": 0.11709506311012068
    },
    "rsquared": 0.16893314974917473,
    "aic": 249.15776912437104,
    "fvalue": 1.8294537284018728,
    "f_pvalue": 0.1656132562456948,
    "mse_model": 293.9981751279993,
    "rmse_model": 17.146374985051484
}