{
    "coefs": {
        "const": -13.133550926199725,
        "ndre1_mean": -1385.5346946627492,
        "ndre_mean": 1351.1811693762106,
        "ndmi_mean": -21.735103374923924
    },
    "p_values": {
        "const": 0.8157000419333761,
        "ndre1_mean": 0.057113777567300954,
        "ndre_mean": 0.019662611346305262,
        "ndmi_mean": 0.8903470418682489
    },
    "rsquared": 0.24708111588346204,
    "aic": 246.09643422194512,
    "fvalue": 2.9534789070411556,
    "f_pvalue": 0.05035501439494539,
    "mse_model": 430.00084522299284,
    "rmse_model": 20.736461733453776
}