{
    "coefs": {
        "const": -235.88436232334232,
        "ndre1_mean": 107.90943758091595,
        "ndmi_mean": 408.0788228111114,
        "msi_mean": 259.42552800552966
    },
    "p_values": {
        "const": 0.17297507070519008,
        "ndre1_mean": 0.6779767282787716,
        "ndmi_mean": 0.3029039608810528,
        "msi_mean": 0.15217809467584023
    },
    "rsquared": 0.1443576782775957,
    "aic": 250.06117742342258,
    "fvalue": 1.5184137945433074,
    "f_pvalue": 0.23227522733594816,
    "mse_model": 251.22892719600927,
    "rmse_model": 15.850202749365993
}