{
    "coefs": {
        "const": 31.614953641824016,
        "cire_mean": 31.274431457573144,
        "ndre1_mean": -1380.735468838634,
        "ndre_mean": 1110.5853791480145
    },
    "p_values": {
        "const": 0.581372884258055,
        "cire_mean": 0.45573003787634214,
        "ndre1_mean": 0.027953759658875543,
        "ndre_mean": 0.08716085667341407
    },
    "rsquared": 0.26219153019538743,
    "aic": 245.46796398429103,
    "fvalue": 3.1982877241615193,
    "f_pvalue": 0.03920309976539846,
    "mse_model": 456.29784045294036,
    "rmse_model": 21.361129194238313
}