{
    "coefs": {
        "const": 125.57102354977083,
        "ndvi_mean": -217.3288733203879,
        "cire_mean": 44.34108294667513,
        "ndmi_mean": 9.062347495315459
    },
    "p_values": {
        "const": 0.2508021644477378,
        "ndvi_mean": 0.35457701748190606,
        "cire_mean": 0.05093229850697957,
        "ndmi_mean": 0.9578139252589453
    },
    "rsquared": 0.16863139706966723,
    "aic": 249.1690228944342,
    "fvalue": 1.8255230811912002,
    "f_pvalue": 0.16632035380834687,
    "mse_model": 293.47302812608206,
    "rmse_model": 17.13105449545013
}