{
    "coefs": {
        "const": 52.62469755273499,
        "gndvi_mean": 178.10445681631595,
        "cire_mean": 66.50116434538798,
        "ndre1_mean": -546.6808220688761
    },
    "p_values": {
        "const": 0.49924932060245797,
        "gndvi_mean": 0.4392200315410868,
        "cire_mean": 0.081107708483682,
        "ndre1_mean": 0.09032362426757909
    },
    "rsquared": 0.19447924988297116,
    "aic": 248.18990961981189,
    "fvalue": 2.172896537665168,
    "f_pvalue": 0.11437973145279555,
    "mse_model": 338.4566300382676,
    "rmse_model": 18.39719081920573
}