{
    "coefs": {
        "const": 115.96469208443521,
        "ndvi_mean": -502.48869363848905,
        "ndre_mean": 616.2385564996989,
        "ndmi_mean": -12.03953918691258
    },
    "p_values": {
        "const": 0.2612377268851185,
        "ndvi_mean": 0.07620993231523901,
        "ndre_mean": 0.014603987365503815,
        "ndmi_mean": 0.941831832337799
    },
    "rsquared": 0.23346173249873903,
    "aic": 246.65217505573133,
    "fvalue": 2.7410968004740806,
    "f_pvalue": 0.06274469586654398,
    "mse_model": 406.2987247840958,
    "rmse_model": 20.156853047638556
}