{
    "coefs": {
        "const": 109.34983115497589,
        "ndvi_mean": -382.3120516007932,
        "ndre1_mean": 554.1611582923338,
        "ndmi_mean": -18.679319221884356
    },
    "p_values": {
        "const": 0.32397355868855116,
        "ndvi_mean": 0.2248015541887773,
        "ndre1_mean": 0.11600033935457853,
        "ndmi_mean": 0.9182001998578477
    },
    "rsquared": 0.12553602933638652,
    "aic": 250.7356956763129,
    "fvalue": 1.2920192276990872,
    "f_pvalue": 0.29728210490936374,
    "mse_model": 218.4731865386469,
    "rmse_model": 14.780838492407895
}