{
    "coefs": {
        "const": -104.64173187377206,
        "gndvi_mean": 131.24122391249819,
        "cire_mean": 23.585128807287163,
        "msi_mean": 79.54339608888539
    },
    "p_values": {
        "const": 0.4220537858945994,
        "gndvi_mean": 0.5660513726351551,
        "cire_mean": 0.33104793911118446,
        "msi_mean": 0.16327447130561548
    },
    "rsquared": 0.16588020405919068,
    "aic": 249.27143977221908,
    "fvalue": 1.7898170548138588,
    "f_pvalue": 0.17288711743758262,
    "mse_model": 288.68506480623665,
    "rmse_model": 16.990734675293965
}