{
    "coefs": {
        "const": 72.99401951376487,
        "ndvi_mean": -562.5886161143181,
        "gndvi_mean": 252.14978922712703,
        "ndre_mean": 475.1117211402342
    },
    "p_values": {
        "const": 0.3160046997593669,
        "ndvi_mean": 0.019860012090778766,
        "gndvi_mean": 0.36223587380427347,
        "ndre_mean": 0.09199538693290578
    },
    "rsquared": 0.25694722237896517,
    "aic": 245.68753110745342,
    "fvalue": 3.112194814498225,
    "f_pvalue": 0.042793935019734296,
    "mse_model": 447.1710531401668,
    "rmse_model": 21.146419392894078
}