{
    "coefs": {
        "const": -161.03044882575352,
        "gndvi_mean": 228.73278788094103,
        "ndre1_mean": 104.69846265193911,
        "msi_mean": 86.55871635281355
    },
    "p_values": {
        "const": 0.2230362849926215,
        "gndvi_mean": 0.33202379693224604,
        "ndre1_mean": 0.6993380624879325,
        "msi_mean": 0.25026212294582995
    },
    "rsquared": 0.14046321083675817,
    "aic": 250.2019542057135,
    "fvalue": 1.470756008898107,
    "f_pvalue": 0.2446621765542102,
    "mse_model": 244.4512975691323,
    "rmse_model": 15.634938361539271
}