{
    "coefs": {
        "const": 114.13976185397917,
        "ndvi_mean": -756.0927311675425,
        "gndvi_mean": 682.9903239166505,
        "ndmi_mean": 276.05036546102065
    },
    "p_values": {
        "const": 0.26534918551557896,
        "ndvi_mean": 0.03404413237281214,
        "gndvi_mean": 0.012409369411366708,
        "ndmi_mean": 0.12922670119170826
    },
    "rsquared": 0.24173407924865853,
    "aic": 246.31581020679243,
    "fvalue": 2.869186987966157,
    "f_pvalue": 0.054932089255251476,
    "mse_model": 420.69527662790716,
    "rmse_model": 20.510857530291297
}