{
    "coefs": {
        "const": 123.31335366555942,
        "cire_mean": 76.20256364879259,
        "ndre1_mean": -537.3636750115905,
        "ndmi_mean": 44.78169033325935
    },
    "p_values": {
        "const": 0.18352970737651572,
        "cire_mean": 0.07768406739196099,
        "ndre1_mean": 0.2822226789676165,
        "ndmi_mean": 0.8057451612156777
    },
    "rsquared": 0.1779670065426685,
    "aic": 248.81894827272578,
    "fvalue": 1.9484656596902816,
    "f_pvalue": 0.14560434942310801,
    "mse_model": 309.7200000960311,
    "rmse_model": 17.598863602404307
}