{
    "coefs": {
        "const": -283.75443410662444,
        "ndvi_mean": 66.95103019737658,
        "ndmi_mean": 493.9818763867314,
        "msi_mean": 299.83657197354864
    },
    "p_values": {
        "const": 0.21922558816153362,
        "ndvi_mean": 0.7641262334815091,
        "ndmi_mean": 0.1000758065620493,
        "msi_mean": 0.08508423515270726
    },
    "rsquared": 0.14169438819155156,
    "aic": 250.15751880871568,
    "fvalue": 1.4857755514810338,
    "f_pvalue": 0.24068843288159453,
    "mse_model": 246.59394332045818,
    "rmse_model": 15.703309947920475
}