{
    "coefs": {
        "const": 101.82915851371274,
        "cire_mean": 71.01989209073173,
        "ndre1_mean": -433.84097787820394,
        "msi_mean": 0.8458426252960294
    },
    "p_values": {
        "const": 0.5838243722131229,
        "cire_mean": 0.15088822777851968,
        "ndre1_mean": 0.41803518462416456,
        "msi_mean": 0.9929223839736885
    },
    "rsquared": 0.17609167875029796,
    "aic": 248.88958892825843,
    "fvalue": 1.9235454575198647,
    "f_pvalue": 0.14957755828884808,
    "mse_model": 306.45632479285723,
    "rmse_model": 17.50589400153152
}