{
    "coefs": {
        "const": 47.68740627378114,
        "ndvi_mean": -603.1979672155371,
        "gndvi_mean": 443.04774612366145,
        "ndre1_mean": 418.0486986697061
    },
    "p_values": {
        "const": 0.5077768423874092,
        "ndvi_mean": 0.044295833955487945,
        "gndvi_mean": 0.07408827447774327,
        "ndre1_mean": 0.19208485827331598
    },
    "rsquared": 0.22437094446803363,
    "aic": 247.01765769701223,
    "fvalue": 2.6034848563368165,
    "f_pvalue": 0.07245397074757844,
    "mse_model": 390.4778210984003,
    "rmse_model": 19.76051166084523
}