{
    "coefs": {
        "const": 96.39908130898411,
        "ndvi_mean": -756.9906936004679,
        "cire_mean": -61.19591551965409,
        "ndre_mean": 1265.4302968625636
    },
    "p_values": {
        "const": 0.08546649834719955,
        "ndvi_mean": 0.02873975446633161,
        "cire_mean": 0.324651563738818,
        "ndre_mean": 0.07733721158977942
    },
    "rsquared": 0.260860986750732,
    "aic": 245.52381818143192,
    "fvalue": 3.17632926780017,
    "f_pvalue": 0.04008762623328464,
    "mse_model": 453.982265651677,
    "rmse_model": 21.30685959149487
}