{
    "coefs": {
        "const": 39.50893449111504,
        "ndvi_mean": -300.3302225861583,
        "ndre1_mean": 519.3922636878834,
        "msi_mean": 37.3235836504103
    },
    "p_values": {
        "const": 0.8601876810751524,
        "ndvi_mean": 0.43521975311572825,
        "ndre1_mean": 0.12656580846194368,
        "msi_mean": 0.7135179851104445
    },
    "rsquared": 0.12962545451678864,
    "aic": 250.59038433484227,
    "fvalue": 1.3403759297710307,
    "f_pvalue": 0.28202863864775607,
    "mse_model": 225.59010552195954,
    "rmse_model": 15.019657303745634
}