{
    "coefs": {
        "const": -348.6765969567803,
        "gndvi_mean": 230.1701477686224,
        "ndmi_mean": 412.7059561455766,
        "msi_mean": 291.3056536405061
    },
    "p_values": {
        "const": 0.06162493434619402,
        "gndvi_mean": 0.1506269412326443,
        "ndmi_mean": 0.14136596999021125,
        "msi_mean": 0.07441420196164043
    },
    "rsquared": 0.20334427449186154,
    "aic": 247.84685306938223,
    "fvalue": 2.2972262821050387,
    "f_pvalue": 0.1001583356949613,
    "mse_model": 353.88463254309437,
    "rmse_model": 18.811821616821014
}