{
    "coefs": {
        "const": -90.5873164470002,
        "ndmi_mean": 318.6878857367179,
        "msi_mean": 142.02397444937122
    },
    "p_values": {
        "const": 0.5263079926377003,
        "ndmi_mean": 0.18435718196529152,
        "msi_mean": 0.3000030449977662
    },
    "rsquared": 0.11451426208222915,
    "aic": 249.1239786483642,
    "fvalue": 1.8105313281737876,
    "f_pvalue": 0.18219732172429204,
    "mse_model": 298.937634161432,
    "rmse_model": 17.289813016959783
}