{
    "coefs": {
        "const": 18.666714966297388,
        "cire_mean": 0.7770011154739436,
        "ndre_mean": 122.88629282030351
    },
    "p_values": {
        "const": 0.6729010670192722,
        "cire_mean": 0.9845397134737872,
        "ndre_mean": 0.631728725366837
    },
    "rsquared": 0.14366555354723143,
    "aic": 248.08624302969605,
    "fvalue": 2.3487525907579783,
    "f_pvalue": 0.11402702589394242,
    "mse_model": 375.0366103486999,
    "rmse_model": 19.365861983105734
}