{
    "coefs": {
        "const": -145.8293005915462,
        "ndre_mean": 326.1122761317755,
        "msi_mean": 101.19872184069197
    },
    "p_values": {
        "const": 0.17806686241336744,
        "ndre_mean": 0.02470851966812359,
        "msi_mean": 0.12441959135421657
    },
    "rsquared": 0.2140813643348033,
    "aic": 245.42620314542273,
    "fvalue": 3.8135488391244037,
    "f_pvalue": 0.03429937576413804,
    "mse_model": 558.8559486707727,
    "rmse_model": 23.640134277765274
}