{
    "coefs": {
        "const": -58.97728292156825,
        "ndre_mean": 391.0250607685588,
        "ndmi_mean": -224.2037454619584
    },
    "p_values": {
        "const": 0.29378968706629077,
        "ndre_mean": 0.041383738947539724,
        "ndmi_mean": 0.14117797669433277
    },
    "rsquared": 0.20847051162025731,
    "aic": 245.646732955606,
    "fvalue": 3.6872753391133117,
    "f_pvalue": 0.03789128970298356,
    "mse_model": 544.2089081570748,
    "rmse_model": 23.32828558117966
}