{
    "coefs": {
        "const": -13.499616144005643,
        "cire_mean": 31.199928737023566,
        "msi_mean": 41.09500869269894
    },
    "p_values": {
        "const": 0.8393752664901011,
        "cire_mean": 0.07875299568218974,
        "msi_mean": 0.424810044039427
    },
    "rsquared": 0.15625088201006043,
    "aic": 247.62726287421953,
    "fvalue": 2.5926099375986893,
    "f_pvalue": 0.0926801324807007,
    "mse_model": 407.89040731174646,
    "rmse_model": 20.196296871252077
}