{
    "coefs": {
        "const": -50.91287753301592,
        "gndvi_mean": 325.30263654216344,
        "ndre1_mean": -156.92133477672266
    },
    "p_values": {
        "const": 0.3443960598855349,
        "gndvi_mean": 0.12290141437679725,
        "ndre1_mean": 0.41440352366503486
    },
    "rsquared": 0.18470205340446588,
    "aic": 246.56391414957153,
    "fvalue": 3.1716365268185087,
    "f_pvalue": 0.05733619641248649,
    "mse_model": 482.16173134698056,
    "rmse_model": 21.958181421670158
}