{
    "coefs": {
        "const": -18.463722336258627,
        "gndvi_mean": 166.21303082044585,
        "cire_mean": -0.022034983098125238
    },
    "p_values": {
        "const": 0.7619465562970609,
        "gndvi_mean": 0.33896639197473377,
        "cire_mean": 0.9992097605943238
    },
    "rsquared": 0.16471609496704054,
    "aic": 247.31467363792194,
    "fvalue": 2.760768303619562,
    "f_pvalue": 0.08047807575686027,
    "mse_model": 429.98870920025,
    "rmse_model": 20.736169106183766
}