{
    "coefs": {
        "const": 54.33803746386509,
        "cire_mean": 36.48329636349923,
        "ndre1_mean": -126.2893108475875
    },
    "p_values": {
        "const": 0.11432213455296522,
        "cire_mean": 0.3063624844968458,
        "ndre1_mean": 0.6192000865658814
    },
    "rsquared": 0.14420304983752352,
    "aic": 248.06677911988237,
    "fvalue": 2.3590206734693835,
    "f_pvalue": 0.11302910328247208,
    "mse_model": 376.4397357452126,
    "rmse_model": 19.40205493614562
}