{
    "coefs": {
        "const": 26.103093695101492,
        "cire_mean": 34.99729132842231,
        "ndmi_mean": -87.85701565305803
    },
    "p_values": {
        "const": 0.22730182549030903,
        "cire_mean": 0.12650396965077831,
        "ndmi_mean": 0.45046278815844254
    },
    "rsquared": 0.15417831717694552,
    "aic": 247.7033171502784,
    "fvalue": 2.5519521245576704,
    "f_pvalue": 0.09591872529878967,
    "mse_model": 402.4800102433651,
    "rmse_model": 20.061904452054524
}