{
    "coefs": {
        "const": 46.62783212133357,
        "ndvi_mean": -107.1296757345419,
        "ndre1_mean": 255.57983853498985
    },
    "p_values": {
        "const": 0.36904181152516236,
        "ndvi_mean": 0.6768643341134796,
        "ndre1_mean": 0.42303074743838776
    },
    "rsquared": 0.11661842407487699,
    "aic": 249.0502263074975,
    "fvalue": 1.8481910666276622,
    "f_pvalue": 0.17622873400627276,
    "mse_model": 304.4305151051426,
    "rmse_model": 17.44793727364764
}