{
    "coefs": {
        "const": -109.85598360621304,
        "ndre1_mean": 321.87055478735897,
        "msi_mean": 86.8568848257305
    },
    "p_values": {
        "const": 0.3660716219992274,
        "ndre1_mean": 0.0859293804612652,
        "msi_mean": 0.2551461889866477
    },
    "rsquared": 0.15190268565810983,
    "aic": 247.7866087594292,
    "fvalue": 2.507539598641195,
    "f_pvalue": 0.09959548047878541,
    "mse_model": 396.5395108671787,
    "rmse_model": 19.913299848773903
}