{
    "coefs": {
        "const": -3.8481023002209085,
        "ndvi_mean": 131.78093426590874,
        "ndmi_mean": -34.537938637622034
    },
    "p_values": {
        "const": 0.963470155624504,
        "ndvi_mean": 0.46016190801580903,
        "ndmi_mean": 0.8269566948442126
    },
    "rsquared": 0.09733077147412628,
    "aic": 249.71979345944368,
    "fvalue": 1.5095571639935552,
    "f_pvalue": 0.2384519784142579,
    "mse_model": 254.08040908205385,
    "rmse_model": 15.939899908156695
}