{
    "coefs": {
        "const": 51.15671150242283,
        "ndvi_mean": -35.90647141095154,
        "cire_mean": 25.064254513547834
    },
    "p_values": {
        "const": 0.25258874805710535,
        "ndvi_mean": 0.7717304357680874,
        "cire_mean": 0.2449829496493538
    },
    "rsquared": 0.1391217521296415,
    "aic": 248.25029745714193,
    "fvalue": 2.2624622408955215,
    "f_pvalue": 0.12279601767235629,
    "mse_model": 363.17509003520126,
    "rmse_model": 19.05715325108137
}