{
    "coefs": {
        "const": -40.16358958762683,
        "ndvi_mean": -244.45234138650937,
        "gndvi_mean": 476.16374733813177
    },
    "p_values": {
        "const": 0.29474090170422795,
        "ndvi_mean": 0.14887705288947223,
        "gndvi_mean": 0.03887789150884785
    },
    "rsquared": 0.22565206325598697,
    "aic": 244.96641217315164,
    "fvalue": 4.079727904832238,
    "f_pvalue": 0.02786801509548009,
    "mse_model": 589.0610715803466,
    "rmse_model": 24.270580371724666
}