{
    "coefs": {
        "const": -67.12029289395873,
        "gndvi_mean": 278.56004346915756,
        "ndmi_mean": -85.7165810451482
    },
    "p_values": {
        "const": 0.31106283280190183,
        "gndvi_mean": 0.0631523868340418,
        "ndmi_mean": 0.3794242679672509
    },
    "rsquared": 0.1878506784689069,
    "aic": 246.44396249191317,
    "fvalue": 3.2382093155070253,
    "f_pvalue": 0.05431282614418146,
    "mse_model": 490.3811662934286,
    "rmse_model": 22.144551616445717
}