{
    "coefs": {
        "const": -29.87401555547867,
        "gndvi_mean": 227.57481313496513,
        "ndre_mean": -52.64314041130473
    },
    "p_values": {
        "const": 0.6154234309622781,
        "gndvi_mean": 0.38823925830299266,
        "ndre_mean": 0.8073277877439992
    },
    "rsquared": 0.1665202983755255,
    "aic": 247.24764158229408,
    "fvalue": 2.7970497334411633,
    "f_pvalue": 0.0780783067073743,
    "mse_model": 434.69855309804507,
    "rmse_model": 20.849425725857415
}