{
    "coefs": {
        "const": -157.59858302900352,
        "gndvi_mean": 320.7649808696224,
        "msi_mean": 68.76857859903711
    },
    "p_values": {
        "const": 0.16406847062993538,
        "gndvi_mean": 0.024562307003213917,
        "msi_mean": 0.19413332985454776
    },
    "rsquared": 0.21437498940535882,
    "aic": 245.41461914988463,
    "fvalue": 3.82020660137,
    "f_pvalue": 0.03412040774430448,
    "mse_model": 559.6224521815698,
    "rmse_model": 23.65634063378294
}