{
    "coefs": {
        "const": -155.86645492342151,
        "ndvi_mean": 259.04154390397787,
        "msi_mean": 88.4402074793518
    },
    "p_values": {
        "const": 0.3647932742820339,
        "ndvi_mean": 0.13971948640045176,
        "msi_mean": 0.31845391490201996
    },
    "rsquared": 0.1278953620240887,
    "aic": 248.65194361819806,
    "fvalue": 2.053119534478039,
    "f_pvalue": 0.14721780762234102,
    "mse_model": 333.8687797354637,
    "rmse_model": 18.27207650310888
}