{
    "coefs": {
        "const": -19.58646914778852,
        "ndre1_mean": 324.70255957147026,
        "ndmi_mean": -148.3100936796506
    },
    "p_values": {
        "const": 0.7454688337305332,
        "ndre1_mean": 0.20077419085736362,
        "ndmi_mean": 0.41279610280481627
    },
    "rsquared": 0.132438588687399,
    "aic": 248.4900270862209,
    "fvalue": 2.1371861604797666,
    "f_pvalue": 0.13683688274876682,
    "mse_model": 345.7287996621858,
    "rmse_model": 18.593783898448045
}