{
    "coefs": {
        "const": 63.080044378694495,
        "ndvi_mean": -290.93802338404214,
        "ndre_mean": 437.4667340588798
    },
    "p_values": {
        "const": 0.11782487032799081,
        "ndvi_mean": 0.17716359873290405,
        "ndre_mean": 0.06850634498057032
    },
    "rsquared": 0.19851627408462436,
    "aic": 246.03415645871985,
    "fvalue": 3.467603579861314,
    "f_pvalue": 0.04513629615154834,
    "mse_model": 518.2235316225233,
    "rmse_model": 22.764523531638506
}