{
    "coefs": {
        "const": -11.890435761268279,
        "ndre1_mean": -1259.7556989743457,
        "ndre_mean": 1240.472039158357
    },
    "p_values": {
        "const": 0.6223319882836249,
        "ndre1_mean": 0.024374816120974273,
        "ndre_mean": 0.013541295588724467
    },
    "rsquared": 0.28771783703633946,
    "aic": 242.37644977749352,
    "fvalue": 5.655132092243979,
    "f_pvalue": 0.008652248091056827,
    "mse_model": 751.0827729730893,
    "rmse_model": 27.40588938482182
}