{
    "coefs": {
        "const": -903.9667018025054,
        "ndvi_max": -161.24928681799338,
        "gndvi_max": 3284.0552012660337,
        "cire_max": -5.357346658718427,
        "ndre1_max": -7543.379809309926,
        "ndre_max": 4610.623078101524
    },
    "p_values": {
        "const": 0.34494733336003336,
        "ndvi_max": 0.9494494616140982,
        "gndvi_max": 0.21411319204936888,
        "cire_max": 0.9841314731724449,
        "ndre1_max": 0.5707011336796252,
        "ndre_max": 0.4922558033823792
    },
    "rsquared": 0.7652391819601096,
    "aic": 61.50779713102851,
    "fvalue": 1.3038618426181854,
    "f_pvalue": 0.4877369901192147,
    "mse_model": 148.74336599349633,
    "rmse_model": 12.196038946866985
}