{
    "coefs": {
        "const": -399.2770223882492,
        "ndvi_max": -1556.700309547823,
        "gndvi_max": 1586.4501612299118,
        "cire_max": -163.05811910760497,
        "ndre1_max": 3148.3572143961956,
        "ndre_max": -859.5644178997427
    },
    "p_values": {
        "const": 0.20626253152449525,
        "ndvi_max": 0.11577427888074888,
        "gndvi_max": 0.29223777575971643,
        "cire_max": 0.13223299951280393,
        "ndre1_max": 0.2113171872147566,
        "ndre_max": 0.6410110258206871
    },
    "rsquared": 0.8941307303896318,
    "aic": 55.13689974813829,
    "fvalue": 3.378244635786421,
    "f_pvalue": 0.244033494815838,
    "mse_model": 173.7966607194847,
    "rmse_model": 13.183196149624896
}