{
    "coefs": {
        "const": 45.58567546159966,
        "ndvi_mean": -360.50903720331166,
        "gndvi_mean": 117.74058999197612,
        "cire_mean": 26.76069096784395,
        "ndre_mean": 331.7884858096061
    },
    "p_values": {
        "const": 0.5982549332161439,
        "ndvi_mean": 0.45284975127652694,
        "gndvi_mean": 0.7146285798544587,
        "cire_mean": 0.8100583778450623,
        "ndre_mean": 0.7941643431631394
    },
    "rsquared": 0.5725051397594174,
    "aic": 168.1347096260247,
    "fvalue": 5.691639994474354,
    "f_pvalue": 0.004278351190958022,
    "mse_model": 570.7160611976692,
    "rmse_model": 23.88966431739193
}