{
    "coefs": {
        "const": -577.4465443908617,
        "gndvi_mean": 440.1558037074398,
        "ndre1_mean": -615.9634573574186,
        "ndmi_mean": 1242.1555668149172,
        "msi_mean": 555.7885996984016
    },
    "p_values": {
        "const": 0.0058084824908512835,
        "gndvi_mean": 0.03432372627704054,
        "ndre1_mean": 0.07778981340421492,
        "ndmi_mean": 0.007400572314525782,
        "msi_mean": 0.008285302993554565
    },
    "rsquared": 0.657620349757766,
    "aic": 163.2502244011119,
    "fvalue": 8.163120922908588,
    "f_pvalue": 0.0007280948786935181,
    "mse_model": 655.5652861647729,
    "rmse_model": 25.604009181469472
}