{
    "coefs": {
        "const": 140.87715389670117,
        "gndvi_mean": -730.0562386954837,
        "ndre1_mean": -2230.2814306932232,
        "ndre_mean": 2671.76594426127,
        "msi_mean": -19.91422471462291
    },
    "p_values": {
        "const": 0.30350696776639147,
        "gndvi_mean": 0.07308955060866093,
        "ndre1_mean": 0.016769641832620173,
        "ndre_mean": 0.010109875143415282,
        "msi_mean": 0.7460098635326571
    },
    "rsquared": 0.6458817778062546,
    "aic": 163.99185778993467,
    "fvalue": 7.751641637279927,
    "f_pvalue": 0.0009550029412392319,
    "mse_model": 643.86339725061,
    "rmse_model": 25.374463486951008
}