{
    "coefs": {
        "const": 85.12914506173838,
        "gndvi_mean": 547.1304893541497,
        "cire_mean": 154.36265107698532,
        "ndre_mean": -1409.3980700943503,
        "ndmi_mean": 206.9402429333953
    },
    "p_values": {
        "const": 0.37689154281032256,
        "gndvi_mean": 0.1629496383282991,
        "cire_mean": 0.05124185339250776,
        "ndre_mean": 0.11583577347962902,
        "ndmi_mean": 0.24909181160211374
    },
    "rsquared": 0.5918558382977435,
    "aic": 167.11562967457917,
    "fvalue": 6.1629873676850435,
    "f_pvalue": 0.002966802260535141,
    "mse_model": 590.006288803063,
    "rmse_model": 24.29004505559969
}