{
    "coefs": {
        "const": 153.8424415556123,
        "ndvi_mean": -897.9116166829301,
        "gndvi_mean": 588.7512509193087,
        "ndre1_mean": 262.7288655669035,
        "ndmi_mean": 346.3822791364586
    },
    "p_values": {
        "const": 0.1683809699425535,
        "ndvi_mean": 0.023246930599923117,
        "gndvi_mean": 0.020061492699349495,
        "ndre1_mean": 0.4308930061477405,
        "ndmi_mean": 0.05914857563374216
    },
    "rsquared": 0.6177718594927497,
    "aic": 165.672368235089,
    "fvalue": 6.869013880976625,
    "f_pvalue": 0.0017607443902907852,
    "mse_model": 615.8413224318349,
    "rmse_model": 24.81615043538854
}