{
    "coefs": {
        "const": 30.377935242000667,
        "ndvi_mean": 177.63491137337735,
        "cire_mean": 107.55250058503012,
        "ndre1_mean": -1115.5273143871864,
        "ndre_mean": 354.51108626099506
    },
    "p_values": {
        "const": 0.6366343923241118,
        "ndvi_mean": 0.7563785348322745,
        "cire_mean": 0.3406698999752501,
        "ndre1_mean": 0.1472844738428921,
        "ndre_mean": 0.6977248832957175
    },
    "rsquared": 0.6204985731429508,
    "aic": 165.51486363214406,
    "fvalue": 6.948903875533758,
    "f_pvalue": 0.001662933917004584,
    "mse_model": 618.559515101879,
    "rmse_model": 24.870856742418002
}