{
    "coefs": {
        "const": 54.63744961094977,
        "cire_mean": 126.26647447636256,
        "ndre1_mean": -1058.7652231041154,
        "ndmi_mean": 488.258081077552,
        "msi_mean": 135.5993727524281
    },
    "p_values": {
        "const": 0.827310703474783,
        "cire_mean": 0.027971215923129518,
        "ndre1_mean": 0.037733198039414696,
        "ndmi_mean": 0.26127009504266896,
        "msi_mean": 0.5417419820016001
    },
    "rsquared": 0.6648202322936814,
    "aic": 162.78265395969152,
    "fvalue": 8.42976294954596,
    "f_pvalue": 0.0006134036851821816,
    "mse_model": 662.7426690677637,
    "rmse_model": 25.743788941563434
}