{
    "coefs": {
        "const": 231.24645879606285,
        "ndvi_mean": 191.958689379625,
        "cire_mean": 165.45522658308363,
        "ndre1_mean": -1361.7089283262853,
        "msi_mean": -88.68192822481909
    },
    "p_values": {
        "const": 0.22619818305591705,
        "ndvi_mean": 0.6141996150509377,
        "cire_mean": 0.008106214984508898,
        "ndre1_mean": 0.07379251306038256,
        "msi_mean": 0.27462820201124344
    },
    "rsquared": 0.6437223418728266,
    "aic": 164.12560782474844,
    "fvalue": 7.678898439326112,
    "f_pvalue": 0.0010028069853534464,
    "mse_model": 641.7107095544741,
    "rmse_model": 25.332009583814585
}