{
    "coefs": {
        "const": 164.2841135329523,
        "ndvi_mean": -557.5122919084819,
        "ndre1_mean": -1015.4402469589022,
        "ndre_mean": 1340.580824107745,
        "ndmi_mean": 249.2407358961356
    },
    "p_values": {
        "const": 0.12340648832532362,
        "ndvi_mean": 0.07382870086445376,
        "ndre1_mean": 0.09943902951040502,
        "ndre_mean": 0.007021624199596494,
        "ndmi_mean": 0.1036810025592203
    },
    "rsquared": 0.6584464797757394,
    "aic": 163.19707631583225,
    "fvalue": 8.19314506613632,
    "f_pvalue": 0.0007140563774716597,
    "mse_model": 656.3888345264402,
    "rmse_model": 25.62008654408568
}