{
    "coefs": {
        "const": 261.1181472840515,
        "gndvi_mean": 70.33295173323842,
        "cire_mean": 146.53192900223314,
        "ndre1_mean": -1102.8102800838906,
        "msi_mean": -102.7277552166359
    },
    "p_values": {
        "const": 0.13303761893079097,
        "gndvi_mean": 0.7208905763441353,
        "cire_mean": 0.011488336682846254,
        "ndre1_mean": 0.03670778611355229,
        "msi_mean": 0.17855520895270005
    },
    "rsquared": 0.6409825949386826,
    "aic": 164.2941389118801,
    "fvalue": 7.587866187223243,
    "f_pvalue": 0.0010664254985536803,
    "mse_model": 638.9795243294992,
    "rmse_model": 25.27804431378146
}