{
    "coefs": {
        "const": 107.0960771509104,
        "ndvi_mean": -12.90726745195019,
        "gndvi_mean": -705.1431087407323,
        "ndre1_mean": -2085.896419111134,
        "ndre_mean": 2581.475089216293
    },
    "p_values": {
        "const": 0.2177056353799423,
        "ndvi_mean": 0.9691845125557734,
        "gndvi_mean": 0.16283289201975623,
        "ndre1_mean": 0.08002761172828093,
        "ndre_mean": 0.029812052014526202
    },
    "rsquared": 0.6436562495243019,
    "aic": 164.12968862180045,
    "fvalue": 7.676685943913703,
    "f_pvalue": 0.0010043021414977275,
    "mse_model": 641.6448237445385,
    "rmse_model": 25.330709104652765
}