{
    "coefs": {
        "const": -522.9481804436098,
        "gndvi_mean": 255.76048712198855,
        "cire_mean": -18.49728937963601,
        "ndmi_mean": 864.0589823287777,
        "msi_mean": 453.56198968927504
    },
    "p_values": {
        "const": 0.12839967045928638,
        "gndvi_mean": 0.31722863988381916,
        "cire_mean": 0.7025173841085683,
        "ndmi_mean": 0.13964268331643276,
        "msi_mean": 0.12056782459222026
    },
    "rsquared": 0.5903010393591174,
    "aic": 167.19927803432842,
    "fvalue": 6.12347029963616,
    "f_pvalue": 0.003057536666152336,
    "mse_model": 588.4563486111201,
    "rmse_model": 24.25811923070542
}