{
    "coefs": {
        "const": 112.8216795781377,
        "gndvi_mean": -569.5391492962241,
        "cire_mean": 35.16335465230798,
        "ndre1_mean": -1865.4359436854133,
        "ndre_mean": 2053.9496836129583
    },
    "p_values": {
        "const": 0.19163202917304137,
        "gndvi_mean": 0.22655044413581432,
        "cire_mean": 0.5668589069029568,
        "ndre1_mean": 0.04836165019343391,
        "ndre_mean": 0.13277638761577115
    },
    "rsquared": 0.6506341698818807,
    "aic": 163.69461092030292,
    "fvalue": 7.914898892839895,
    "f_pvalue": 0.0008566881744303563,
    "mse_model": 648.6009381009999,
    "rmse_model": 25.467644926474843
}