{
    "coefs": {
        "const": 161.34473152141442,
        "ndvi_mean": 213.56322321582905,
        "cire_mean": 163.45940019845457,
        "ndre1_mean": -1485.9068716978752,
        "ndmi_mean": 218.9820474442305
    },
    "p_values": {
        "const": 0.12595829898769378,
        "ndvi_mean": 0.5471484174327346,
        "cire_mean": 0.005937424964558026,
        "ndre1_mean": 0.04982193199876852,
        "ndmi_mean": 0.13874659045469123
    },
    "rsquared": 0.6646197840740176,
    "aic": 162.79580673072348,
    "fvalue": 8.422184577929794,
    "f_pvalue": 0.0006163708456296389,
    "mse_model": 662.5428472487862,
    "rmse_model": 25.73990767754978
}