{
    "coefs": {
        "const": 231.02107557017564,
        "cire_mean": 122.38804300811812,
        "ndre1_mean": -1346.4348538314655,
        "ndre_mean": 440.206368704325,
        "msi_mean": -92.7740082647082
    },
    "p_values": {
        "const": 0.17621754466709522,
        "cire_mean": 0.063086317944921,
        "ndre1_mean": 0.03217074887293106,
        "ndre_mean": 0.43997187475799404,
        "msi_mean": 0.22358561596811433
    },
    "rsquared": 0.6510320568514167,
    "aic": 163.66954120546993,
    "fvalue": 7.9287690916653615,
    "f_pvalue": 0.0008488697233360958,
    "mse_model": 648.9975816737561,
    "rmse_model": 25.47543094186546
}