{
    "coefs": {
        "const": 115.14810773445129,
        "gndvi_mean": 369.1361317151544,
        "cire_mean": 134.41047113039218,
        "ndre_mean": -996.7760782635893,
        "msi_mean": -53.83958002354216
    },
    "p_values": {
        "const": 0.5102882409000029,
        "gndvi_mean": 0.30572803759745937,
        "cire_mean": 0.1197342749951549,
        "ndre_mean": 0.25556179962225334,
        "msi_mean": 0.5394298759160819
    },
    "rsquared": 0.5676378953820707,
    "aic": 168.38377551573404,
    "fvalue": 5.579723638142729,
    "f_pvalue": 0.0046772966064625564,
    "mse_model": 565.8640269590016,
    "rmse_model": 23.787896648484953
}