{
    "coefs": {
        "const": -187.28680248669076,
        "ndvi_mean": -649.0930214193174,
        "gndvi_mean": 531.4502062661784,
        "ndmi_mean": 852.570883405643,
        "msi_mean": 299.41260366497306
    },
    "p_values": {
        "const": 0.34156819738427735,
        "ndvi_mean": 0.04918206947924488,
        "gndvi_mean": 0.021648639838285577,
        "ndmi_mean": 0.00817676556052989,
        "msi_mean": 0.07376481782763795
    },
    "rsquared": 0.672983155921843,
    "aic": 162.24023675684953,
    "fvalue": 8.746272445783402,
    "f_pvalue": 0.0005026183944917221,
    "mse_model": 670.8800835595872,
    "rmse_model": 25.901352929134557
}