{
    "coefs": {
        "const": 170.66400282919255,
        "ndvi_mean": -767.992157194941,
        "cire_mean": -22.71132350977453,
        "ndre_mean": 903.5574336184028,
        "ndmi_mean": 171.7250039854693
    },
    "p_values": {
        "const": 0.13856369824288206,
        "ndvi_mean": 0.13507385531048666,
        "cire_mean": 0.8072671273106945,
        "ndre_mean": 0.3453862024799863,
        "ndmi_mean": 0.27635077500005756
    },
    "rsquared": 0.5988754198112666,
    "aic": 166.73396494815,
    "fvalue": 6.345212085981691,
    "f_pvalue": 0.0025853693013248207,
    "mse_model": 597.0039341243564,
    "rmse_model": 24.433663952104204
}