{
    "coefs": {
        "const": 126.71969738344161,
        "gndvi_mean": -682.4853196562783,
        "ndre1_mean": -2255.8518171764244,
        "ndre_mean": 2599.355440383819,
        "ndmi_mean": 78.46340193933163
    },
    "p_values": {
        "const": 0.17042907458934325,
        "gndvi_mean": 0.09128549989534095,
        "ndre1_mean": 0.011407306750506094,
        "ndre_mean": 0.009826444622156474,
        "ndmi_mean": 0.5499600393295427
    },
    "rsquared": 0.6512562412563703,
    "aic": 163.65540339735998,
    "fvalue": 7.936598020595064,
    "f_pvalue": 0.0008444917767290833,
    "mse_model": 649.2210655024442,
    "rmse_model": 25.47981682631263
}