{
    "coefs": {
        "const": 156.89291329393066,
        "cire_mean": 114.42833984729072,
        "ndre1_mean": -1490.5264709041614,
        "ndre_mean": 508.88962243930894,
        "ndmi_mean": 231.65280884755364
    },
    "p_values": {
        "const": 0.09483156110484292,
        "cire_mean": 0.0452196630172909,
        "ndre1_mean": 0.016916371778754154,
        "ndre_mean": 0.34951532423190357,
        "ndmi_mean": 0.10353597832656251
    },
    "rsquared": 0.674875475313194,
    "aic": 162.11256154577754,
    "fvalue": 8.821914535189391,
    "f_pvalue": 0.0004795713750185288,
    "mse_model": 672.7664894528403,
    "rmse_model": 25.93774256663136
}