{
    "coefs": {
        "const": 62.07295937243893,
        "ndvi_mean": 615.7461614653688,
        "gndvi_mean": -188.25797691538673,
        "cire_mean": 186.43251352016267,
        "ndre1_mean": -1618.188460525887
    },
    "p_values": {
        "const": 0.4328900299340297,
        "ndvi_mean": 0.299763194682097,
        "gndvi_mean": 0.5640220836342449,
        "cire_mean": 0.04940480091393872,
        "ndre1_mean": 0.13653959574250052
    },
    "rsquared": 0.6246579846289455,
    "aic": 165.27240811423462,
    "fvalue": 7.073006287475033,
    "f_pvalue": 0.0015227632265880104,
    "mse_model": 622.7059284269801,
    "rmse_model": 24.954076388978617
}