{
    "coefs": {
        "const": 240.1394083977674,
        "ndvi_mean": -766.0722759309971,
        "gndvi_mean": 209.01800589016761,
        "ndre_mean": 623.9158554016697,
        "msi_mean": -98.46353607336752
    },
    "p_values": {
        "const": 0.2403659125914643,
        "ndvi_mean": 0.056572418346414854,
        "gndvi_mean": 0.47266663759913785,
        "ndre_mean": 0.05804698993635591,
        "msi_mean": 0.29774367272883806
    },
    "rsquared": 0.5982744228840732,
    "aic": 166.76690243903218,
    "fvalue": 6.329361240854148,
    "f_pvalue": 0.002616284256953658,
    "mse_model": 596.4048153125605,
    "rmse_model": 24.421400764750587
}