{
    "coefs": {
        "const": 165.00927797840882,
        "ndvi_mean": -838.9637289618241,
        "gndvi_mean": 390.3459362773613,
        "ndre_mean": 380.0636990995605,
        "ndmi_mean": 298.82575275108906
    },
    "p_values": {
        "const": 0.13526288346096838,
        "ndvi_mean": 0.018847023934967785,
        "gndvi_mean": 0.22278424915682465,
        "ndre_mean": 0.26345140832158664,
        "ndmi_mean": 0.11125628518942704
    },
    "rsquared": 0.6320830209973496,
    "aic": 164.83284065354638,
    "fvalue": 7.301519072375791,
    "f_pvalue": 0.001297769074654723,
    "mse_model": 630.1077615567328,
    "rmse_model": 25.10194736582668
}