{
    "coefs": {
        "const": 163.78468600147875,
        "gndvi_mean": 130.74163378922,
        "cire_mean": 137.1708992139643,
        "ndre1_mean": -1217.4084978508117,
        "ndmi_mean": 254.46367021427554
    },
    "p_values": {
        "const": 0.09806305063674076,
        "gndvi_mean": 0.4970542383242923,
        "cire_mean": 0.006481078217515111,
        "ndre1_mean": 0.015871427090176693,
        "ndmi_mean": 0.08156026198853293
    },
    "rsquared": 0.6666202233327525,
    "aic": 162.66419061898927,
    "fvalue": 8.498223789957132,
    "f_pvalue": 0.0005873090046445899,
    "mse_model": 664.5370351348377,
    "rmse_model": 25.778615849863577
}