{
    "coefs": {
        "const": -226.04943637501856,
        "cire_mean": 37.0917697747377,
        "ndre_mean": -111.74223082243083,
        "ndmi_mean": 512.4046231324293,
        "msi_mean": 264.7290711036346
    },
    "p_values": {
        "const": 0.49340997398044684,
        "cire_mean": 0.6477008747021855,
        "ndre_mean": 0.8392552795109636,
        "ndmi_mean": 0.3225051106377237,
        "msi_mean": 0.3363260466307799
    },
    "rsquared": 0.5657937600674195,
    "aic": 168.4774116113129,
    "fvalue": 5.537975411546138,
    "f_pvalue": 0.004836557469118949,
    "mse_model": 564.0256545672089,
    "rmse_model": 23.749224294010297
}