{
    "coefs": {
        "const": 217.21341476132403,
        "ndvi_mean": -825.9276705820416,
        "gndvi_mean": 495.82127458258765,
        "ndre1_mean": 506.2990267798427,
        "msi_mean": -112.17920055412705
    },
    "p_values": {
        "const": 0.31147893558232886,
        "ndvi_mean": 0.08012935843723028,
        "gndvi_mean": 0.05930400414311582,
        "ndre1_mean": 0.14487983457468795,
        "msi_mean": 0.2593098256503849
    },
    "rsquared": 0.5609739316350645,
    "aic": 168.72027322174054,
    "fvalue": 5.430518552869245,
    "f_pvalue": 0.005274895204553772,
    "mse_model": 559.2208880987049,
    "rmse_model": 23.647851659267168
}