{
    "coefs": {
        "const": -34.14279126982791,
        "ndvi_mean": -265.5108878889232,
        "cire_mean": 45.39147496554167,
        "ndmi_mean": 421.7044105547195,
        "msi_mean": 165.55870762033493
    },
    "p_values": {
        "const": 0.92067414560926,
        "ndvi_mean": 0.3617034367436289,
        "cire_mean": 0.24000597396425213,
        "ndmi_mean": 0.3959896082300649,
        "msi_mean": 0.5414978718985344
    },
    "rsquared": 0.5861021289146126,
    "aic": 167.42360339981485,
    "fvalue": 6.0182335351351,
    "f_pvalue": 0.0033145835392253565,
    "mse_model": 584.2705597617544,
    "rmse_model": 24.17168922027905
}