{
    "coefs": {
        "const": 249.64180629441992,
        "ndvi_mean": -582.5547097863771,
        "gndvi_mean": 312.305696858908,
        "cire_mean": 55.77822231002073,
        "msi_mean": -106.01700830631819
    },
    "p_values": {
        "const": 0.22334938768056567,
        "ndvi_mean": 0.10199478150389493,
        "gndvi_mean": 0.2399617296939876,
        "cire_mean": 0.052495804059359975,
        "msi_mean": 0.26126807854018846
    },
    "rsquared": 0.6023273022077233,
    "aic": 166.54382437673775,
    "fvalue": 6.43718074837508,
    "f_pvalue": 0.002413820930714445,
    "mse_model": 600.4450293883242,
    "rmse_model": 24.50397986834637
}