{
    "coefs": {
        "const": 166.55392843549257,
        "ndvi_mean": -723.0757646110799,
        "gndvi_mean": 445.93939741140014,
        "cire_mean": 34.87310895276384,
        "ndmi_mean": 303.1066624249609
    },
    "p_values": {
        "const": 0.1290553939856672,
        "ndvi_mean": 0.036416760229355506,
        "gndvi_mean": 0.11330194756191958,
        "cire_mean": 0.23006054267284626,
        "ndmi_mean": 0.09807143326125173
    },
    "rsquared": 0.6362907749441625,
    "aic": 164.57978354055678,
    "fvalue": 7.435158657571939,
    "f_pvalue": 0.0011834942545445321,
    "mse_model": 634.302366272462,
    "rmse_model": 25.185360157688077
}