{
    "coefs": {
        "const": -347.4572765520949,
        "ndre1_mean": -1392.9167254216072,
        "ndre_mean": 1100.1570394500213,
        "ndmi_mean": 898.6837827113964,
        "msi_mean": 390.5372430305526
    },
    "p_values": {
        "const": 0.04389792301751618,
        "ndre1_mean": 0.02182165981813584,
        "ndre_mean": 0.017909510363662964,
        "ndmi_mean": 0.02692616165358501,
        "msi_mean": 0.03852068825112012
    },
    "rsquared": 0.6801715297254964,
    "aic": 161.75124586265463,
    "fvalue": 9.038372971775447,
    "f_pvalue": 0.0004198736339342147,
    "mse_model": 678.0459936951042,
    "rmse_model": 26.039316306214804
}