{
    "coefs": {
        "const": 2.686767615635347,
        "ndvi_mean": -537.0191281540407,
        "ndre_mean": 532.7301062174494,
        "ndmi_mean": 400.8822271326767,
        "msi_mean": 141.83541428470153
    },
    "p_values": {
        "const": 0.9931462317730941,
        "ndvi_mean": 0.18113963350875895,
        "ndre_mean": 0.14079723702845298,
        "ndmi_mean": 0.36774139927738847,
        "msi_mean": 0.5654812282360517
    },
    "rsquared": 0.6054013827811144,
    "aic": 166.3730997506495,
    "fvalue": 6.520438147892713,
    "f_pvalue": 0.0022693870480301357,
    "mse_model": 603.5095034599234,
    "rmse_model": 24.56643041754181
}