{
    "coefs": {
        "const": -662.3111703479785,
        "gndvi_mean": 618.2631767644847,
        "ndre_mean": -622.6396238945863,
        "ndmi_mean": 1272.678101200013,
        "msi_mean": 594.7429984855598
    },
    "p_values": {
        "const": 0.017267441133726812,
        "gndvi_mean": 0.10350390237101127,
        "ndre_mean": 0.20197175276971932,
        "ndmi_mean": 0.0285595435430773,
        "msi_mean": 0.022311547939963147
    },
    "rsquared": 0.6254751211644423,
    "aic": 165.22446090910927,
    "fvalue": 7.0977107668087465,
    "f_pvalue": 0.0014964591401596177,
    "mse_model": 623.5205114108034,
    "rmse_model": 24.9703926963675
}