{
    "coefs": {
        "const": -423.0769474552659,
        "ndvi_mean": 50.03514386104162,
        "ndre1_mean": -112.48668207180361,
        "ndmi_mean": 947.483870369363,
        "msi_mean": 458.84697094372217
    },
    "p_values": {
        "const": 0.21510990356973353,
        "ndvi_mean": 0.9067781190109112,
        "ndre1_mean": 0.8230671147110766,
        "ndmi_mean": 0.07368095590983847,
        "msi_mean": 0.09671165110824717
    },
    "rsquared": 0.5513671715396721,
    "aic": 169.19648536825338,
    "fvalue": 5.22322560987269,
    "f_pvalue": 0.006250693492906993,
    "mse_model": 549.6441491286106,
    "rmse_model": 23.444490805487984
}