{
    "coefs": {
        "const": 231.49651767708758,
        "ndvi_mean": -575.4990512282388,
        "ndre1_mean": -824.8959953773559,
        "ndre_mean": 1317.581998358412,
        "msi_mean": -95.0911509391204
    },
    "p_values": {
        "const": 0.23639413948964072,
        "ndvi_mean": 0.11843332757017036,
        "ndre1_mean": 0.17674441904772442,
        "ndre_mean": 0.011836475077867734,
        "msi_mean": 0.2584281375871686
    },
    "rsquared": 0.6288904428675137,
    "aic": 165.02292085324441,
    "fvalue": 7.202143762718424,
    "f_pvalue": 0.0013907169078863906,
    "mse_model": 626.9251602335527,
    "rmse_model": 25.038473600312635
}