{
    "coefs": {
        "const": 223.67376811525125,
        "ndvi_mean": -700.5461012493787,
        "cire_mean": -5.139243241930799,
        "ndre_mean": 804.5790826920169,
        "msi_mean": -69.5455859240086
    },
    "p_values": {
        "const": 0.27734930323104473,
        "ndvi_mean": 0.18587954165925355,
        "cire_mean": 0.9554447446394542,
        "ndre_mean": 0.4025671778402765,
        "msi_mean": 0.4210038532987558
    },
    "rsquared": 0.5856048383876342,
    "aic": 167.4500201206519,
    "fvalue": 6.0059112501789835,
    "f_pvalue": 0.0033462207234660323,
    "mse_model": 583.7748232676729,
    "rmse_model": 24.161432558266757
}