{
    "coefs": {
        "const": -76.57450193537056,
        "ndvi_mean": -935.7994966709225,
        "gndvi_mean": 1327.921382065502,
        "cire_mean": -18.65715657949545,
        "ndmi_mean": 45.70273817140833
    },
    "p_values": {
        "const": 0.6147328376181399,
        "ndvi_mean": 0.31933997583206297,
        "gndvi_mean": 0.22154000079621194,
        "cire_mean": 0.7801864602529669,
        "ndmi_mean": 0.9395049704207694
    },
    "rsquared": 0.8023406541761413,
    "aic": 58.131620115635755,
    "fvalue": 3.0444069726323586,
    "f_pvalue": 0.19363829486973044,
    "mse_model": 194.94370581935934,
    "rmse_model": 13.9622242432701
}