{
    "coefs": {
        "const": -736.5489676852608,
        "cire_mean": -134.03432123724474,
        "ndre_mean": 2129.6436575550524,
        "ndmi_mean": -645.5677141825345,
        "msi_mean": 276.6080381997565
    },
    "p_values": {
        "const": 0.052779416658378056,
        "cire_mean": 0.11799546742156497,
        "ndre_mean": 0.04170925144399607,
        "ndmi_mean": 0.07427180679448324,
        "msi_mean": 0.10757786871982848
    },
    "rsquared": 0.9227873538977134,
    "aic": 50.61176555476386,
    "fvalue": 8.963434752727503,
    "f_pvalue": 0.05115309108968572,
    "mse_model": 224.20848989233505,
    "rmse_model": 14.973593085573517
}