{
    "coefs": {
        "const": -19.026686671667676,
        "ndvi_mean": -880.5454469078622,
        "cire_mean": -59.99784378679408,
        "ndre1_mean": 2372.9577794618253,
        "ndmi_mean": -795.6309391675659
    },
    "p_values": {
        "const": 0.9284788813025989,
        "ndvi_mean": 0.6768795311044875,
        "cire_mean": 0.8073812762987995,
        "ndre1_mean": 0.6103406900427663,
        "ndmi_mean": 0.20091337456353278
    },
    "rsquared": 0.6806170228335287,
    "aic": 61.970387033522194,
    "fvalue": 1.598277940965774,
    "f_pvalue": 0.364769030222368,
    "mse_model": 165.36866726658394,
    "rmse_model": 12.859574925579148
}