{
    "coefs": {
        "const": -796.1663823813424,
        "ndvi_mean": 406.64926113079264,
        "gndvi_mean": 973.828501758333,
        "ndre1_mean": -619.3635282383912,
        "msi_mean": 369.1267980345302
    },
    "p_values": {
        "const": 0.1620015477516737,
        "ndvi_mean": 0.6168343563286502,
        "gndvi_mean": 0.07937277606738051,
        "ndre1_mean": 0.28656749103013435,
        "msi_mean": 0.186631126100126
    },
    "rsquared": 0.8970858181215751,
    "aic": 52.910423171249334,
    "fvalue": 6.537625342889999,
    "f_pvalue": 0.07744120655376079,
    "mse_model": 217.96381987172646,
    "rmse_model": 14.763597795650167
}