{
    "coefs": {
        "const": -725.8099158006796,
        "ndvi_mean": 10.624996418816863,
        "gndvi_mean": 1033.9272246560627,
        "cire_mean": -34.72965142860073,
        "msi_mean": 342.02633606983716
    },
    "p_values": {
        "const": 0.1676413811590611,
        "ndvi_mean": 0.98628122495182,
        "gndvi_mean": 0.07808942978413835,
        "cire_mean": 0.29336201192055844,
        "msi_mean": 0.19859896328125837
    },
    "rsquared": 0.895819813121009,
    "aic": 53.00823525791291,
    "fvalue": 6.449065604203148,
    "f_pvalue": 0.0788107073302414,
    "mse_model": 217.65622021924517,
    "rmse_model": 14.753176614520859
}