{
    "coefs": {
        "const": -1233.479726055601,
        "ndvi_mean": 2677.4322266167565,
        "cire_mean": 162.06320863996234,
        "ndre1_mean": -3151.9135884655043,
        "msi_mean": 628.1837135492246
    },
    "p_values": {
        "const": 0.18335831556593213,
        "ndvi_mean": 0.2781296877972774,
        "cire_mean": 0.4393259402688953,
        "ndre1_mean": 0.4182486391275779,
        "msi_mean": 0.14713386753341257
    },
    "rsquared": 0.7329821886337083,
    "aic": 60.53778245221845,
    "fvalue": 2.0588013910471292,
    "f_pvalue": 0.2896814596423433,
    "mse_model": 178.0917661445963,
    "rmse_model": 13.345102702661988
}