{
    "coefs": {
        "const": -367.9150639973341,
        "ndvi_mean": 633.8014287564351,
        "ndre1_mean": -3447.241520602618,
        "ndre_mean": 3180.904594675075,
        "ndmi_mean": -624.3023666678223
    },
    "p_values": {
        "const": 0.08269892482275276,
        "ndvi_mean": 0.23560951202214334,
        "ndre1_mean": 0.12910717125436294,
        "ndre_mean": 0.06250406752811428,
        "ndmi_mean": 0.06912340328920949
    },
    "rsquared": 0.9140414322004821,
    "aic": 51.4701828120567,
    "fvalue": 7.97513373825903,
    "f_pvalue": 0.059755336144920866,
    "mse_model": 222.08350422996088,
    "rmse_model": 14.902466380769354
}