{
    "coefs": {
        "const": -719.5970289069237,
        "ndvi_mean": 838.3815907746944,
        "cire_mean": 25.59790607214441,
        "ndmi_mean": -420.6951187487439,
        "msi_mean": 364.54046442905405
    },
    "p_values": {
        "const": 0.353984745401873,
        "ndvi_mean": 0.33288230544688424,
        "cire_mean": 0.6446914827353736,
        "ndmi_mean": 0.4041312965625889,
        "msi_mean": 0.38358615573478005
    },
    "rsquared": 0.7371891100349255,
    "aic": 60.41073732072123,
    "fvalue": 2.1037630236694875,
    "f_pvalue": 0.2837127071920527,
    "mse_model": 179.1139165787983,
    "rmse_model": 13.383344745570827
}