{
    "coefs": {
        "const": -292.14521582257316,
        "ndvi_mean": -908.7872448624705,
        "cire_mean": -185.81886117383124,
        "ndre_mean": 3171.6893867263734,
        "ndmi_mean": -824.8238593260244
    },
    "p_values": {
        "const": 0.04931905211910182,
        "ndvi_mean": 0.06294728179649271,
        "cire_mean": 0.06315055984550048,
        "ndre_mean": 0.02776787033107782,
        "ndmi_mean": 0.018644491218716933
    },
    "rsquared": 0.9444753091969998,
    "aic": 47.973881938169804,
    "fvalue": 12.757504304003715,
    "f_pvalue": 0.031619448802105196,
    "mse_model": 229.47798528145856,
    "rmse_model": 15.148530796135265
}