{
    "coefs": {
        "const": -892.3876236057633,
        "gndvi_mean": 865.0962947645185,
        "cire_mean": -93.5003072629774,
        "ndre_mean": 711.6124898658813,
        "msi_mean": 422.85535189884547
    },
    "p_values": {
        "const": 0.03395224643761262,
        "gndvi_mean": 0.07772158325119927,
        "cire_mean": 0.24523457291147888,
        "ndre_mean": 0.4046434093999421,
        "msi_mean": 0.027846299871526276
    },
    "rsquared": 0.9205878373103997,
    "aic": 50.83647184100393,
    "fvalue": 8.694397112461699,
    "f_pvalue": 0.05328050869658036,
    "mse_model": 223.67407609651116,
    "rmse_model": 14.955737230123802
}