{
    "coefs": {
        "const": -924.3136887568025,
        "gndvi_mean": 1249.3416100525906,
        "cire_mean": -66.1280544870304,
        "ndmi_mean": 267.52012697125156,
        "msi_mean": 468.0062021918533
    },
    "p_values": {
        "const": 0.057979774857996026,
        "gndvi_mean": 0.049672316165385616,
        "cire_mean": 0.24813597946989943,
        "ndmi_mean": 0.4872821353276843,
        "msi_mean": 0.07574212407748333
    },
    "rsquared": 0.9137454205410208,
    "aic": 51.49768472634809,
    "fvalue": 7.945190501238072,
    "f_pvalue": 0.060053018929297784,
    "mse_model": 222.01158264707615,
    "rmse_model": 14.900053108867638
}