{
    "coefs": {
        "const": -655.2614518377572,
        "cire_mean": -136.0493589615932,
        "ndre1_mean": -1746.239225517284,
        "ndre_mean": 3108.5100269150084,
        "msi_mean": 303.1021481007273
    },
    "p_values": {
        "const": 0.21390145516810585,
        "cire_mean": 0.26771274470929457,
        "ndre1_mean": 0.417607914964377,
        "ndre_mean": 0.17099436078920321,
        "msi_mean": 0.2772622781969638
    },
    "rsquared": 0.7960126313434086,
    "aic": 58.383724117537,
    "fvalue": 2.926698243324124,
    "f_pvalue": 0.20213675403682857,
    "mse_model": 193.40619402171882,
    "rmse_model": 13.907055548235896
}