{
    "coefs": {
        "const": -393.3422202451475,
        "gndvi_mean": -1294.9640931306785,
        "cire_mean": -170.1472726826776,
        "ndre_mean": 4015.701197695652,
        "ndmi_mean": -1651.1562605720273
    },
    "p_values": {
        "const": 0.08492848891176126,
        "gndvi_mean": 0.2078513524665306,
        "cire_mean": 0.19124566494031173,
        "ndre_mean": 0.11870226667564922,
        "ndmi_mean": 0.048677160658497774
    },
    "rsquared": 0.8865750816196905,
    "aic": 53.688388376584186,
    "fvalue": 5.862303634068116,
    "f_pvalue": 0.0890006190169622,
    "mse_model": 215.41003936228418,
    "rmse_model": 14.676853864581611
}