{
    "coefs": {
        "const": -719.5198583557785,
        "gndvi_mean": 1673.0962164692908,
        "ndre1_mean": -1445.065956230109,
        "ndmi_mean": 576.8337034601632,
        "msi_mean": 356.0218224013786
    },
    "p_values": {
        "const": 0.023040488015737427,
        "gndvi_mean": 0.061380865979621994,
        "ndre1_mean": 0.19034574222655498,
        "ndmi_mean": 0.2984647929789218,
        "msi_mean": 0.03889041974662043
    },
    "rsquared": 0.9255398527291804,
    "aic": 50.32137189927236,
    "fvalue": 9.32250223763551,
    "f_pvalue": 0.04852622339135639,
    "mse_model": 224.87726109279305,
    "rmse_model": 14.995908144983852
}