{
    "coefs": {
        "const": -40.70731444118701,
        "ndvi_mean": -1548.3914503219094,
        "gndvi_mean": 1350.4985553181136,
        "cire_mean": -89.18394867529173,
        "ndre1_mean": 1282.4786435826281
    },
    "p_values": {
        "const": 0.8003265309907367,
        "ndvi_mean": 0.38554285010518663,
        "gndvi_mean": 0.08056987031410565,
        "cire_mean": 0.6368774499159445,
        "ndre1_mean": 0.6852546556934264
    },
    "rsquared": 0.8142573509229891,
    "aic": 57.63415639717742,
    "fvalue": 3.287844855378593,
    "f_pvalue": 0.17782445584998613,
    "mse_model": 197.83909073207,
    "rmse_model": 14.065528455485417
}