{
    "coefs": {
        "const": -249.75033168562817,
        "gndvi_mean": 844.0426245682893,
        "cire_mean": -5.767961510007382,
        "ndre1_mean": -3156.7626174280094,
        "ndre_mean": 2275.7500540377414
    },
    "p_values": {
        "const": 0.1730318233901911,
        "gndvi_mean": 0.15724465350026093,
        "cire_mean": 0.9379785862520043,
        "ndre1_mean": 0.0750216330938964,
        "ndre_mean": 0.2494529366799273
    },
    "rsquared": 0.8512984528665313,
    "aic": 55.854789591372,
    "fvalue": 4.293659695933284,
    "f_pvalue": 0.13056485234093684,
    "mse_model": 206.83892096991502,
    "rmse_model": 14.38189559724013
}