{
    "coefs": {
        "const": -459.82594149471447,
        "gndvi_mean": 957.3355332178894,
        "ndre1_mean": -1550.0397953135448,
        "ndre_mean": 958.8517031398931,
        "msi_mean": 167.3611663428127
    },
    "p_values": {
        "const": 0.07402013220435852,
        "gndvi_mean": 0.06361021963349155,
        "ndre1_mean": 0.2945683045967764,
        "ndre_mean": 0.41488449506141206,
        "msi_mean": 0.24241943398926083
    },
    "rsquared": 0.9124642785764125,
    "aic": 51.61563516808229,
    "fvalue": 7.817930757898622,
    "f_pvalue": 0.06134615904957471,
    "mse_model": 221.70030518536274,
    "rmse_model": 14.889603929768002
}