{
    "coefs": {
        "const": -675.5492723215336,
        "ndvi_mean": 582.3961169599411,
        "ndre1_mean": 497.86627030807927,
        "ndmi_mean": -457.56003330294334,
        "msi_mean": 346.2096245497837
    },
    "p_values": {
        "const": 0.45532412058789445,
        "ndvi_mean": 0.6759185923114892,
        "ndre1_mean": 0.6818495076007294,
        "ndmi_mean": 0.4408964001438414,
        "msi_mean": 0.47386377954020076
    },
    "rsquared": 0.7325556116436536,
    "aic": 60.55055273474491,
    "fvalue": 2.0543213193192535,
    "f_pvalue": 0.29028741299593,
    "mse_model": 177.98812126654397,
    "rmse_model": 13.341218882341447
}