{
    "coefs": {
        "const": -126.32338391657555,
        "ndvi_mean": -1382.797620115627,
        "gndvi_mean": 1146.1784845641396,
        "cire_mean": -125.69777308015921,
        "ndre_mean": 1439.1083622283932
    },
    "p_values": {
        "const": 0.315603013690701,
        "ndvi_mean": 0.06548125001896869,
        "gndvi_mean": 0.07672949666755767,
        "cire_mean": 0.296786263896017,
        "ndre_mean": 0.32942755952722896
    },
    "rsquared": 0.8633513277080278,
    "aic": 55.17856509856132,
    "fvalue": 4.73852753137259,
    "f_pvalue": 0.11593002302450851,
    "mse_model": 209.76739290405988,
    "rmse_model": 14.483348815245039
}