{
    "coefs": {
        "const": -233.36617039571684,
        "gndvi_mean": 495.7711212633358,
        "ndre1_mean": -2102.524486830491,
        "ndre_mean": 1915.5701777520887,
        "ndmi_mean": -346.49032350974585
    },
    "p_values": {
        "const": 0.0889200651519411,
        "gndvi_mean": 0.4289236666178119,
        "ndre1_mean": 0.20016213365306487,
        "ndre_mean": 0.07917476551496588,
        "ndmi_mean": 0.42642795863909244
    },
    "rsquared": 0.8836191493954036,
    "aic": 53.89420359337782,
    "fvalue": 5.694359154480864,
    "f_pvalue": 0.09232627698875423,
    "mse_model": 214.6918402046645,
    "rmse_model": 14.65236636877008
}