{
    "coefs": {
        "const": -431.1097086869322,
        "ndvi_mean": 251.88827496214844,
        "ndre_mean": 694.7475796020344,
        "ndmi_mean": -619.9123882974418,
        "msi_mean": 172.2408433666102
    },
    "p_values": {
        "const": 0.5132893185484084,
        "ndvi_mean": 0.7822399421887622,
        "ndre_mean": 0.316186084638797,
        "ndmi_mean": 0.22340290897642875,
        "msi_mean": 0.644336166338397
    },
    "rsquared": 0.8070032353810177,
    "aic": 57.940646929977035,
    "fvalue": 3.1360755074348723,
    "f_pvalue": 0.18742025119104105,
    "mse_model": 196.07656734648165,
    "rmse_model": 14.002734281078165
}