{
    "coefs": {
        "const": -626.007979945327,
        "ndvi_mean": 49.129599245708505,
        "gndvi_mean": 979.3288543931585,
        "ndre_mean": -297.9742440541695,
        "msi_mean": 309.0957641241703
    },
    "p_values": {
        "const": 0.26053764169759386,
        "ndvi_mean": 0.9496702170802827,
        "gndvi_mean": 0.11907993289168074,
        "ndre_mean": 0.500470894739787,
        "msi_mean": 0.2865294851246369
    },
    "rsquared": 0.8658323591490609,
    "aic": 55.031980082239265,
    "fvalue": 4.840021522650556,
    "f_pvalue": 0.1129700032502194,
    "mse_model": 210.37020601199836,
    "rmse_model": 14.504144442606684
}