{
    "coefs": {
        "const": -372.43552429916804,
        "cire_mean": -93.54844558039667,
        "ndre1_mean": -2264.4524199710772,
        "ndre_mean": 3528.389296701368,
        "ndmi_mean": -718.5081216904036
    },
    "p_values": {
        "const": 0.03037764951274732,
        "cire_mean": 0.10077325773007045,
        "ndre1_mean": 0.057523839883975636,
        "ndre_mean": 0.026804317836107854,
        "ndmi_mean": 0.029247965477903582
    },
    "rsquared": 0.947521915792362,
    "aic": 47.522424639157194,
    "fvalue": 13.541680257086062,
    "f_pvalue": 0.029108008179242473,
    "mse_model": 230.21821547767544,
    "rmse_model": 15.172943533727246
}