{
    "coefs": {
        "const": -1349.3407049360494,
        "ndvi_mean": 2203.7597635568036,
        "ndre1_mean": -5243.355216674145,
        "ndre_mean": 3477.8670225730657,
        "msi_mean": 553.9198020300528
    },
    "p_values": {
        "const": 0.016873010070441227,
        "ndvi_mean": 0.020355311612960697,
        "ndre1_mean": 0.019056485890456908,
        "ndre_mean": 0.019604228295887437,
        "msi_mean": 0.02267917615065205
    },
    "rsquared": 0.9576925345187426,
    "aic": 45.79896800410785,
    "fvalue": 16.977367769933107,
    "f_pvalue": 0.02120307478083403,
    "mse_model": 232.68935799635074,
    "rmse_model": 15.25415871152358
}