{
    "coefs": {
        "const": -128.31165831061128,
        "gndvi_mean": 1002.08826135442,
        "cire_mean": 74.16671284182853,
        "ndre1_mean": -1351.8551685504538,
        "ndmi_mean": -92.28066371997807
    },
    "p_values": {
        "const": 0.4390628525012485,
        "gndvi_mean": 0.3643485074291484,
        "cire_mean": 0.2921695889907487,
        "ndre1_mean": 0.5218682054733117,
        "ndmi_mean": 0.9037913803433286
    },
    "rsquared": 0.7521125942687247,
    "aic": 59.9430566003081,
    "fvalue": 2.275567183566577,
    "f_pvalue": 0.2626562770384045,
    "mse_model": 182.7398568887292,
    "rmse_model": 13.518130672867798
}