{
    "coefs": {
        "const": -517.9143394551247,
        "ndvi_mean": -10.26508413545389,
        "gndvi_mean": 750.5278237458182,
        "ndmi_mean": -149.07140641499427,
        "msi_mean": 245.55646952262134
    },
    "p_values": {
        "const": 0.3016143429555458,
        "ndvi_mean": 0.9900063324022299,
        "gndvi_mean": 0.1865973747070417,
        "ndmi_mean": 0.6135666127253094,
        "msi_mean": 0.3506914366278218
    },
    "rsquared": 0.8549796696635948,
    "aic": 55.65425106338992,
    "fvalue": 4.421688674685937,
    "f_pvalue": 0.12605158728381874,
    "mse_model": 207.73334161357656,
    "rmse_model": 14.412957420792464
}