{
    "coefs": {
        "const": -80.51194070052384,
        "ndvi_mean": -755.6879221351041,
        "gndvi_mean": 1195.4962566776956,
        "ndre1_mean": -153.618207559768,
        "ndmi_mean": -23.787448544648214
    },
    "p_values": {
        "const": 0.6058122095215619,
        "ndvi_mean": 0.20148656284933172,
        "gndvi_mean": 0.26793068273913484,
        "ndre1_mean": 0.9029091948950612,
        "ndmi_mean": 0.9719805428824045
    },
    "rsquared": 0.7973921806576175,
    "aic": 58.329437017295966,
    "fvalue": 2.9517327486882006,
    "f_pvalue": 0.20027839200177946,
    "mse_model": 193.7413813941555,
    "rmse_model": 13.919101314170952
}