{
    "coefs": {
        "const": -219.58023535913958,
        "ndvi_mean": 734.2722349886517,
        "cire_mean": 26.167921233792867,
        "ndre1_mean": -4972.687897868258,
        "ndre_mean": 3617.3191988657723
    },
    "p_values": {
        "const": 0.46529677319347246,
        "ndvi_mean": 0.7028762177429482,
        "cire_mean": 0.904387315043905,
        "ndre1_mean": 0.30866410020471846,
        "ndre_mean": 0.18551638506577278
    },
    "rsquared": 0.6947025762284649,
    "aic": 61.6095512197561,
    "fvalue": 1.7066207953371124,
    "f_pvalue": 0.3444703948423043,
    "mse_model": 168.79101656800984,
    "rmse_model": 12.991959689285132
}