{
    "coefs": {
        "const": -852.174863759396,
        "ndvi_mean": 98.77662695538265,
        "cire_mean": -132.62242455637903,
        "ndre_mean": 1656.0921849291335,
        "msi_mean": 470.99231049564924
    },
    "p_values": {
        "const": 0.2687921038468643,
        "ndvi_mean": 0.9345290396410884,
        "cire_mean": 0.40839191254355506,
        "ndre_mean": 0.4049762764744159,
        "msi_mean": 0.23323306769616
    },
    "rsquared": 0.7369332414825889,
    "aic": 60.41852220599304,
    "fvalue": 2.10098734719218,
    "f_pvalue": 0.28407534999532524,
    "mse_model": 179.05174851647274,
    "rmse_model": 13.38102195336637
}