{
    "coefs": {
        "const": -707.2253077404444,
        "gndvi_mean": 1045.512424472151,
        "cire_mean": -31.754497814550092,
        "ndre1_mean": -42.01628773083439,
        "msi_mean": 330.93443399278885
    },
    "p_values": {
        "const": 0.09908358142043591,
        "gndvi_mean": 0.05637038523379889,
        "cire_mean": 0.6382838568348922,
        "ndre1_mean": 0.9628843260783173,
        "msi_mean": 0.13332364150610163
    },
    "rsquared": 0.895896279693566,
    "aic": 53.00236123129025,
    "fvalue": 6.45435348316411,
    "f_pvalue": 0.07872780725066242,
    "mse_model": 217.6747992067961,
    "rmse_model": 14.75380626166672
}