{
    "coefs": {
        "const": -215.58247706648626,
        "ndvi_mean": -129.6692467952313,
        "gndvi_mean": 910.4397886892966,
        "ndre1_mean": -2652.1896421923657,
        "ndre_mean": 1853.8032659346873
    },
    "p_values": {
        "const": 0.29832631551659367,
        "ndvi_mean": 0.8584899896458102,
        "gndvi_mean": 0.16887309285027424,
        "ndre1_mean": 0.34363796152423765,
        "ndre_mean": 0.365566426610905
    },
    "rsquared": 0.8527933476552428,
    "aic": 55.77395871158468,
    "fvalue": 4.344878445054943,
    "f_pvalue": 0.12872760509077322,
    "mse_model": 207.20213368810977,
    "rmse_model": 14.394517487158428
}