{
    "coefs": {
        "const": -456.445769274649,
        "cire_mean": -30.51031886162383,
        "ndre1_mean": 1322.0923033133886,
        "ndmi_mean": -567.3799331824112,
        "msi_mean": 236.81009308699663
    },
    "p_values": {
        "const": 0.41233235172375293,
        "cire_mean": 0.7797489229883452,
        "ndre1_mean": 0.37250862527672746,
        "ndmi_mean": 0.29995643960157037,
        "msi_mean": 0.46630702973257154
    },
    "rsquared": 0.7222363922740307,
    "aic": 60.853422889178944,
    "fvalue": 1.9501377399299924,
    "f_pvalue": 0.30498340583318645,
    "mse_model": 175.48087343533086,
    "rmse_model": 13.246919394158434
}