{
    "coefs": {
        "const": -107.78133506354743,
        "ndvi_mean": -488.11765094596194,
        "gndvi_mean": 620.8276904439949,
        "ndre_mean": 426.2602016739356,
        "ndmi_mean": -383.6026406379433
    },
    "p_values": {
        "const": 0.5384176931688661,
        "ndvi_mean": 0.5674701165919214,
        "gndvi_mean": 0.653068197292676,
        "ndre_mean": 0.7208288228873132,
        "ndmi_mean": 0.6616586246656658
    },
    "rsquared": 0.806165138195715,
    "aic": 57.975312078921704,
    "fvalue": 3.1192730142489786,
    "f_pvalue": 0.18853511335272705,
    "mse_model": 195.87293592099013,
    "rmse_model": 13.995461261458663
}