{
    "coefs": {
        "const": -124.01609379795929,
        "ndre1_mean": -1676.7373024427925,
        "ndre_mean": 2148.6501619002534,
        "ndmi_mean": -644.2363995324531,
        "msi_mean": -51.82962691241835
    },
    "p_values": {
        "const": 0.5321157555271374,
        "ndre1_mean": 0.36253335196993414,
        "ndre_mean": 0.18308775490730544,
        "ndmi_mean": 0.1439072928385503,
        "msi_mean": 0.7719148374491517
    },
    "rsquared": 0.8561616426884748,
    "aic": 55.58878073220042,
    "fvalue": 4.464186354865343,
    "f_pvalue": 0.12461039500949794,
    "mse_model": 208.02052412196537,
    "rmse_model": 14.422916630209208
}