{
    "coefs": {
        "const": -867.251434160997,
        "gndvi_mean": 1760.6165830649793,
        "ndre_mean": -1226.3358676231937,
        "ndmi_mean": 623.1995453752843,
        "msi_mean": 488.15056464601435
    },
    "p_values": {
        "const": 0.1393119850580708,
        "gndvi_mean": 0.24356321029807076,
        "ndre_mean": 0.459661821995822,
        "ndmi_mean": 0.5533118966303361,
        "msi_mean": 0.20233844686521976
    },
    "rsquared": 0.8829095845465316,
    "aic": 53.94283087299444,
    "fvalue": 5.6553065069023445,
    "f_pvalue": 0.09312927697294317,
    "mse_model": 214.5194381202901,
    "rmse_model": 14.64648210732837
}