{
    "coefs": {
        "const": -181.21986502646686,
        "ndvi_max": 893.6591672437332,
        "gndvi_max": -769.9714418392011,
        "cire_max": -18.755566127618735,
        "ndre1_max": -2876.830209762259,
        "ndre_max": 2685.3509343671767
    },
    "p_values": {
        "const": 0.028051356465861637,
        "ndvi_max": 0.008434280025099909,
        "gndvi_max": 0.006491842069405412,
        "cire_max": 0.43645796808763804,
        "ndre1_max": 0.0013682778119413898,
        "ndre_max": 0.0038170550918926274
    },
    "rsquared": 0.9592308036376634,
    "aic": 71.56517919965935,
    "fvalue": 28.233987104749133,
    "f_pvalue": 0.00042446961332022855,
    "mse_model": 473.22052979458067,
    "rmse_model": 21.75363256549537
}