{
    "coefs": {
        "const": 5.198183232637234,
        "gndvi_mean": -315.9385023937946,
        "cire_mean": -26.69285427076344,
        "ndre1_mean": -1393.292319650333,
        "ndre_mean": 1949.5006832714412,
        "ndmi_mean": -197.40438487572737,
        "msi_mean": -28.976419302630916
    },
    "p_values": {
        "const": 0.9859108349868565,
        "gndvi_mean": 0.5496690290904691,
        "cire_mean": 0.6059572451367314,
        "ndre1_mean": 0.1327436448583174,
        "ndre_mean": 0.14183510923022233,
        "ndmi_mean": 0.706216988210935,
        "msi_mean": 0.9006317142959133
    },
    "rsquared": 0.3077455612236145,
    "aic": 249.49231257020358,
    "fvalue": 1.778222248845839,
    "f_pvalue": 0.14630534233402642,
    "mse_model": 267.78827464538716,
    "rmse_model": 16.364237673823585
}