{
    "coefs": {
        "const": -74.52213229394727,
        "ndvi_mean": -584.57972523966,
        "gndvi_mean": 186.86752740931047,
        "cire_mean": -80.7363209341631,
        "ndre_mean": 1178.5189083647388,
        "ndmi_mean": 8.227483878015391,
        "msi_mean": 43.407998253570895
    },
    "p_values": {
        "const": 0.7835700027029228,
        "ndvi_mean": 0.15998758996387275,
        "gndvi_mean": 0.6477989528598495,
        "cire_mean": 0.2174712999336157,
        "ndre_mean": 0.2222934862953223,
        "ndmi_mean": 0.9863384275606977,
        "msi_mean": 0.8377564484862309
    },
    "rsquared": 0.299280460538911,
    "aic": 249.86909111130547,
    "fvalue": 1.7084179543164004,
    "f_pvalue": 0.16223860634526097,
    "mse_model": 260.4222717108749,
    "rmse_model": 16.137604274206097
}