{
    "coefs": {
        "const": 48.37115722738258,
        "ndvi_mean": 57.403441524130116,
        "gndvi_mean": -295.9198996494508,
        "ndre1_mean": -1489.8869631631999,
        "ndre_mean": 1775.1449140874508,
        "ndmi_mean": -228.08975884361007,
        "msi_mean": -56.04814626537154
    },
    "p_values": {
        "const": 0.8664220504760374,
        "ndvi_mean": 0.8921604381816681,
        "gndvi_mean": 0.6384948966552451,
        "ndre1_mean": 0.2118181132591845,
        "ndre_mean": 0.19623933376043212,
        "ndmi_mean": 0.6644149514974524,
        "msi_mean": 0.80565465225377
    },
    "rsquared": 0.3004114078436002,
    "aic": 249.81901731215135,
    "fvalue": 1.7176461206585276,
    "f_pvalue": 0.16003774865925388,
    "mse_model": 261.40637827681013,
    "rmse_model": 16.168066621486012
}