{
    "coefs": {
        "const": -22.910938739860548,
        "ndvi_mean": -256.4586498647605,
        "gndvi_mean": -123.3670716008749,
        "cire_mean": -51.78689445281469,
        "ndre1_mean": -897.0215720893574,
        "ndre_mean": 1736.4014037637178,
        "ndmi_mean": -105.68510551057733
    },
    "p_values": {
        "const": 0.7742765881218271,
        "ndvi_mean": 0.6894875213083627,
        "gndvi_mean": 0.8195527287441872,
        "cire_mean": 0.5012372225064463,
        "ndre1_mean": 0.49221533392142003,
        "ndre_mean": 0.11706333903498331,
        "ndmi_mean": 0.6256934637039799
    },
    "rsquared": 0.31197494115767643,
    "aic": 249.3023348323361,
    "fvalue": 1.8137417359920465,
    "f_pvalue": 0.13880375052454952,
    "mse_model": 271.46851734607486,
    "rmse_model": 16.476301688973617
}