{
    "coefs": {
        "const": -215.5126098629712,
        "ndvi_mean": -479.0360908419814,
        "gndvi_mean": 594.9181833956259,
        "cire_mean": -45.40644593535531,
        "ndre1_mean": 425.8916603143589,
        "ndmi_mean": 331.5780690137865,
        "msi_mean": 163.68557683849656
    },
    "p_values": {
        "const": 0.39935382889323856,
        "ndvi_mean": 0.4594666020828504,
        "gndvi_mean": 0.11250436226790536,
        "cire_mean": 0.5793753034919631,
        "ndre1_mean": 0.6849457271132153,
        "ndmi_mean": 0.42331256926013305,
        "msi_mean": 0.4023477133927985
    },
    "rsquared": 0.2586548268633546,
    "aic": 251.61620823565903,
    "fvalue": 1.395597280381451,
    "f_pvalue": 0.2569010009429516,
    "mse_model": 225.07141789158027,
    "rmse_model": 15.002380407508012
}