{
    "coefs": {
        "const": -63.766187826799836,
        "ndvi_mean": -291.3333716461609,
        "gndvi_mean": -26.49546953967922,
        "cire_mean": -55.070684204184246,
        "ndre1_mean": -770.0800510027134,
        "ndre_mean": 1556.084937074769,
        "msi_mean": 38.35419299322001
    },
    "p_values": {
        "const": 0.7116908989935307,
        "ndvi_mean": 0.643729092748056,
        "gndvi_mean": 0.9547653595766122,
        "cire_mean": 0.4761135917886188,
        "ndre1_mean": 0.5497299953080886,
        "ndre_mean": 0.12741651662262662,
        "msi_mean": 0.6839554545429312
    },
    "rsquared": 0.30985724443611473,
    "aic": 249.39760428987375,
    "fvalue": 1.7959023227473805,
    "f_pvalue": 0.14252226777801966,
    "mse_model": 269.62577963432886,
    "rmse_model": 16.420285613664852
}