{
    "coefs": {
        "const": -34.822254602044154,
        "ndvi_mean": -346.02958126302343,
        "cire_mean": -56.26031756578215,
        "ndre1_mean": -681.1426281344942,
        "ndre_mean": 1538.1959240238107,
        "ndmi_mean": -61.13435851970689,
        "msi_mean": 9.91887749796956
    },
    "p_values": {
        "const": 0.8873034353208378,
        "ndvi_mean": 0.5010845313549185,
        "cire_mean": 0.4529826027195498,
        "ndre1_mean": 0.44276008352315277,
        "ndre_mean": 0.03983996628747742,
        "ndmi_mean": 0.8715859300662485,
        "msi_mean": 0.958458167349348
    },
    "rsquared": 0.31052961783659816,
    "aic": 249.36738773641355,
    "fvalue": 1.8015545025283122,
    "f_pvalue": 0.14133349372341103,
    "mse_model": 270.2108529400721,
    "rmse_model": 16.438091523655416
}