{
    "coefs": {
        "const": -86.37867549415068,
        "ndvi_mean": -531.6621729400571,
        "gndvi_mean": 265.02923664340744,
        "cire_mean": -32.98252780992566,
        "ndre1_mean": -608.0259346264816,
        "ndre_mean": 1033.4910596536338,
        "ndmi_mean": 355.9945407833753,
        "msi_mean": 141.46421907565275
    },
    "p_values": {
        "const": 0.8505812986646337,
        "ndvi_mean": 0.4976037136970842,
        "gndvi_mean": 0.7441570263393371,
        "cire_mean": 0.685461144668035,
        "ndre1_mean": 0.701372980453959,
        "ndre_mean": 0.49230923606544796,
        "ndmi_mean": 0.6343658089089279,
        "msi_mean": 0.6917366305068167
    },
    "rsquared": 0.3012208315867496,
    "aic": 251.78312955851806,
    "fvalue": 1.4163639018414573,
    "f_pvalue": 0.24649927353823659,
    "mse_model": 224.66632070191437,
    "rmse_model": 14.988873229896715
}