{
    "coefs": {
        "const": -156.2416441589478,
        "ndvi_max": 65.79635186731218,
        "gndvi_max": 342.13287802079077,
        "ndre1_max": -181.70228283421397,
        "ndre_max": 71.85064762007141
    },
    "p_values": {
        "const": 0.19282363671155048,
        "ndvi_max": 0.8861472841302875,
        "gndvi_max": 0.48170624790686556,
        "ndre1_max": 0.8958934936444255,
        "ndre_max": 0.9508483999140043
    },
    "rsquared": 0.82888103707366,
    "aic": 86.77836558896662,
    "fvalue": 8.476803447571772,
    "f_pvalue": 0.008085907129009643,
    "mse_model": 511.14330619542375,
    "rmse_model": 22.608478635136503
}