{
    "coefs": {
        "const": -135.0138007628762,
        "ndvi_max": 207.06115804754552,
        "gndvi_max": 426.84152137108686,
        "cire_max": 51.403318135678646,
        "ndre_max": -640.6560339917651
    },
    "p_values": {
        "const": 0.23728451170071174,
        "ndvi_max": 0.5269433652487556,
        "gndvi_max": 0.14368507774904066,
        "cire_max": 0.38439093041189015,
        "ndre_max": 0.3699298846168477
    },
    "rsquared": 0.8472186735809536,
    "aic": 85.41814945753816,
    "fvalue": 9.704279400612911,
    "f_pvalue": 0.005527365995658125,
    "mse_model": 522.4515153749214,
    "rmse_model": 22.857198327330526
}