{
    "coefs": {
        "const": -135.06850762931538,
        "ndvi_max": 242.42751979476697,
        "gndvi_max": 262.7183347569443,
        "cire_max": 31.132892324651923,
        "ndre1_max": -477.3532911296711
    },
    "p_values": {
        "const": 0.2506129468985694,
        "ndvi_max": 0.5776527195382384,
        "gndvi_max": 0.34594329524216266,
        "cire_max": 0.4997923391568505,
        "ndre1_max": 0.4725645047525685
    },
    "rsquared": 0.8403284826051597,
    "aic": 85.94748180145791,
    "fvalue": 9.210001060630933,
    "f_pvalue": 0.006410900167015858,
    "mse_model": 518.2025642731819,
    "rmse_model": 22.764063000114497
}