{
    "coefs": {
        "const": -119.11954668252233,
        "gndvi_max": 577.9464994755208,
        "cire_max": 49.39741522308317,
        "ndre1_max": 556.6240448150795,
        "ndre_max": -1026.4449530822374
    },
    "p_values": {
        "const": 0.2718681738400568,
        "gndvi_max": 0.18960431858042434,
        "cire_max": 0.4173037858238884,
        "ndre1_max": 0.5849792209598808,
        "ndre_max": 0.481356151127147
    },
    "rsquared": 0.8448103240992955,
    "aic": 85.60583454929792,
    "fvalue": 9.526523324397614,
    "f_pvalue": 0.00582596614485699,
    "mse_model": 520.966366527899,
    "rmse_model": 22.82468765455289
}