{
    "coefs": {
        "const": -102.00095946278202,
        "ndvi_max": 396.32067652452724,
        "cire_max": 33.402959733756276,
        "ndre1_max": -952.645427426826,
        "ndre_max": 432.1849405397177
    },
    "p_values": {
        "const": 0.38113160307356325,
        "ndvi_max": 0.3488299234881021,
        "cire_max": 0.5896126883755899,
        "ndre1_max": 0.27488931364259744,
        "ndre_max": 0.6298229837458009
    },
    "rsquared": 0.8234444054779787,
    "aic": 87.15368725681049,
    "fvalue": 8.161892085536419,
    "f_pvalue": 0.008977324497599734,
    "mse_model": 507.79071671142026,
    "rmse_model": 22.53421213868859
}