{
    "coefs": {
        "const": 37.3471396044023,
        "ndvi_mean": -550.2833910624215,
        "gndvi_mean": 40.5919344421128,
        "ndre1_mean": 1027.3269531490314
    },
    "p_values": {
        "const": 0.6549495231254108,
        "ndvi_mean": 0.13266477630491225,
        "gndvi_mean": 0.7892010930882167,
        "ndre1_mean": 0.023315636138309837
    },
    "rsquared": 0.8508346109642738,
    "aic": 66.47832357049757,
    "fvalue": 11.40793606968025,
    "f_pvalue": 0.0068412089664102085,
    "mse_model": 385.7116903038041,
    "rmse_model": 19.63954404521154
}