{
    "coefs": {
        "const": -91.28425208274837,
        "gndvi_mean": -70.42220350512343,
        "ndre1_mean": 663.2169250760501,
        "ndmi_mean": -94.84358098605617
    },
    "p_values": {
        "const": 0.18467690616386853,
        "gndvi_mean": 0.7481801631630249,
        "ndre1_mean": 0.15500340741128502,
        "ndmi_mean": 0.6652002482076276
    },
    "rsquared": 0.7831175209177013,
    "aic": 70.22132308951835,
    "fvalue": 7.221584004676906,
    "f_pvalue": 0.020414462295889464,
    "mse_model": 355.01327614935786,
    "rmse_model": 18.841795990546068
}