{
    "coefs": {
        "const": -99.18379069345775,
        "ndre1_mean": 683.1813569355827,
        "ndre_mean": -97.96754536951039,
        "ndmi_mean": -67.99259837348455
    },
    "p_values": {
        "const": 0.15688429903055012,
        "ndre1_mean": 0.49508482983326896,
        "ndre_mean": 0.8897431738969233,
        "ndmi_mean": 0.7403735757481897
    },
    "rsquared": 0.7797998998853284,
    "aic": 70.37313352105105,
    "fvalue": 7.082648004966747,
    "f_pvalue": 0.02133368774525353,
    "mse_model": 353.5092879480155,
    "rmse_model": 18.8018426742704
}