{
    "coefs": {
        "const": -10.271409107934915,
        "ndvi_mean": 294.71674959279017,
        "cire_mean": 129.32856758101718,
        "ndre_mean": -704.3315012778767
    },
    "p_values": {
        "const": 0.8819426727570603,
        "ndvi_mean": 0.5437810283640743,
        "cire_mean": 0.12959518272183404,
        "ndre_mean": 0.43825772135071595
    },
    "rsquared": 0.8669325931387087,
    "aic": 65.33632491501842,
    "fvalue": 13.02997651472076,
    "f_pvalue": 0.004889771244150196,
    "mse_model": 393.00944222288126,
    "rmse_model": 19.82446574873788
}