{
    "coefs": {
        "const": 14.044214888163452,
        "cire_mean": 88.48077162949377,
        "ndre1_mean": 372.72479625912183,
        "ndre_mean": -487.47516259088843
    },
    "p_values": {
        "const": 0.8027670970935437,
        "cire_mean": 0.08581154700637121,
        "ndre1_mean": 0.5184204581997918,
        "ndre_mean": 0.3845697499876745
    },
    "rsquared": 0.8680939114621733,
    "aic": 65.24866892077634,
    "fvalue": 13.162302378684066,
    "f_pvalue": 0.0047651747334998195,
    "mse_model": 393.53590652951857,
    "rmse_model": 19.837739451094688
}