{
    "coefs": {
        "const": 28.66213829444112,
        "ndvi_mean": -303.46544707899176,
        "cire_mean": 39.478546499928,
        "ndre1_mean": 499.26664301576193
    },
    "p_values": {
        "const": 0.7256209445697326,
        "ndvi_mean": 0.530645032109132,
        "cire_mean": 0.5331415074563437,
        "ndre1_mean": 0.5924432024586817
    },
    "rsquared": 0.8591491620517956,
    "aic": 65.90478116691973,
    "fvalue": 12.199418541872411,
    "f_pvalue": 0.005780070419550304,
    "mse_model": 389.4809534634807,
    "rmse_model": 19.7352718112389
}