{
    "coefs": {
        "const": -181.51353472625595,
        "gndvi_mean": -76.22777487392682,
        "ndre1_mean": 697.8709818815933,
        "msi_mean": 83.34016745061237
    },
    "p_values": {
        "const": 0.18522854885780216,
        "gndvi_mean": 0.6776952419904536,
        "ndre1_mean": 0.04370023865182575,
        "msi_mean": 0.3830955407315764
    },
    "rsquared": 0.8044842451611642,
    "aic": 69.18417636752613,
    "fvalue": 8.229354670924632,
    "f_pvalue": 0.015099246109474825,
    "mse_model": 364.6995244730611,
    "rmse_model": 19.097107751517274
}