{
    "coefs": {
        "const": 100.15002843996263,
        "cire_mean": 95.61043438128888,
        "ndre1_mean": -359.8804945145057,
        "msi_mean": -60.94767617557682
    },
    "p_values": {
        "const": 0.6469029437966871,
        "cire_mean": 0.1709984267512968,
        "ndre1_mean": 0.5940914146816523,
        "msi_mean": 0.5974571640303978
    },
    "rsquared": 0.8562059641203308,
    "aic": 66.11158642483478,
    "fvalue": 11.90878270969218,
    "f_pvalue": 0.0061424055211001674,
    "mse_model": 388.14670373454993,
    "rmse_model": 19.70143912851419
}