{
    "coefs": {
        "const": -34.5612198950419,
        "gndvi_mean": -247.25681847936005,
        "ndre1_mean": -274.8141803867975,
        "ndre_mean": 832.5664498188507
    },
    "p_values": {
        "const": 0.7840875511283536,
        "gndvi_mean": 0.6977638691892555,
        "ndre1_mean": 0.8922324052902447,
        "ndre_mean": 0.703935952855496
    },
    "rsquared": 0.7814285253203627,
    "aic": 70.29889749446994,
    "fvalue": 7.150324867100898,
    "f_pvalue": 0.020879194797445412,
    "mse_model": 354.24759814523105,
    "rmse_model": 18.821466418566622
}