{
    "coefs": {
        "const": 33.51756217915127,
        "gndvi_mean": -136.2345237290806,
        "cire_mean": 77.91947098485858,
        "msi_mean": -4.46549459223543
    },
    "p_values": {
        "const": 0.6791233164275605,
        "gndvi_mean": 0.3877807782883505,
        "cire_mean": 0.01238332527772424,
        "msi_mean": 0.9343970901384402
    },
    "rsquared": 0.8677284095660203,
    "aic": 65.2763398527635,
    "fvalue": 13.120404868785887,
    "f_pvalue": 0.004804162564106201,
    "mse_model": 393.37021233659584,
    "rmse_model": 19.83356277466547
}