{
    "coefs": {
        "const": -55.186180906619995,
        "gndvi_mean": -309.30423723844365,
        "ndre_mean": 780.097075621023,
        "ndmi_mean": -127.00254010006938
    },
    "p_values": {
        "const": 0.3637033144952285,
        "gndvi_mean": 0.36854706951142646,
        "ndre_mean": 0.13084317572657284,
        "ndmi_mean": 0.5716009867151345
    },
    "rsquared": 0.7930425646057448,
    "aic": 69.75289819169971,
    "fvalue": 7.663822883144974,
    "f_pvalue": 0.01781736668673601,
    "mse_model": 359.51262928793767,
    "rmse_model": 18.960818265252627
}