{
    "coefs": {
        "const": 32.5040626284985,
        "ndvi_mean": -518.9748177755862,
        "ndre1_mean": 1038.7426339489912,
        "msi_mean": 5.183026106113346
    },
    "p_values": {
        "const": 0.8652366810435962,
        "ndvi_mean": 0.20557325909140597,
        "ndre1_mean": 0.022849010322949052,
        "msi_mean": 0.9534218202214533
    },
    "rsquared": 0.8489849438093968,
    "aic": 66.60156214879031,
    "fvalue": 11.243712583702287,
    "f_pvalue": 0.007093300709798664,
    "mse_model": 384.8731745269265,
    "rmse_model": 19.618184791843674
}