{
    "coefs": {
        "const": -148.95204406499295,
        "gndvi_mean": -297.72169154484664,
        "ndre_mean": 771.5195883846277,
        "msi_mean": 89.45708411396637
    },
    "p_values": {
        "const": 0.22544994851459593,
        "gndvi_mean": 0.2574010605367057,
        "ndre_mean": 0.037481366438386905,
        "msi_mean": 0.3448095611441008
    },
    "rsquared": 0.8133902169223091,
    "aic": 68.71796388271284,
    "fvalue": 8.717551711462752,
    "f_pvalue": 0.013180048533966626,
    "mse_model": 368.7368983381134,
    "rmse_model": 19.202523228422702
}