{
    "coefs": {
        "const": -187.3635779936534,
        "ndre1_mean": 794.7241491087489,
        "ndre_mean": -150.35184929632305,
        "msi_mean": 76.12556949043577
    },
    "p_values": {
        "const": 0.18854113831666233,
        "ndre1_mean": 0.3401746809708919,
        "ndre_mean": 0.809140941429904,
        "msi_mean": 0.4191922315809528
    },
    "rsquared": 0.800393258761487,
    "aic": 69.39125810210348,
    "fvalue": 8.01970167736054,
    "f_pvalue": 0.016037927917823044,
    "mse_model": 362.8449439718741,
    "rmse_model": 19.048489283191834
}