{
    "coefs": {
        "const": 42.90927059454641,
        "ndvi_mean": -540.1131117046594,
        "ndre1_mean": 910.6190100837478,
        "ndre_mean": 120.8202093959303
    },
    "p_values": {
        "const": 0.5989176879805638,
        "ndvi_mean": 0.1335131323780739,
        "ndre1_mean": 0.1993558731875961,
        "ndre_mean": 0.8141404526856384
    },
    "rsquared": 0.8503962247234701,
    "aic": 66.50766974190901,
    "fvalue": 11.36864658865172,
    "f_pvalue": 0.006900420275856864,
    "mse_model": 385.5129552079731,
    "rmse_model": 19.634483828406925
}