{
    "coefs": {
        "const": 28.00364576242947,
        "gndvi_mean": -131.55706358220084,
        "cire_mean": 76.38512607093175,
        "ndmi_mean": 13.236423040388146
    },
    "p_values": {
        "const": 0.6228274116683368,
        "gndvi_mean": 0.41880486459126254,
        "cire_mean": 0.028671777264835552,
        "ndmi_mean": 0.8984592228275567
    },
    "rsquared": 0.8679559485325825,
    "aic": 65.25912263314427,
    "fvalue": 13.146460425697482,
    "f_pvalue": 0.004779866758511019,
    "mse_model": 393.47336333477074,
    "rmse_model": 19.836163019464493
}