{
    "coefs": {
        "const": -493.9929885374038,
        "ndvi_mean": 277.38570427050473,
        "ndmi_mean": 683.1943165062937,
        "msi_mean": 386.6762093861057
    },
    "p_values": {
        "const": 0.07773390364131712,
        "ndvi_mean": 0.2577572585961834,
        "ndmi_mean": 0.08237640604978452,
        "msi_mean": 0.09261484969167792
    },
    "rsquared": 0.7775254983752495,
    "aic": 70.47589168763214,
    "fvalue": 6.989794270326833,
    "f_pvalue": 0.02197893037510551,
    "mse_model": 352.47822593011307,
    "rmse_model": 18.774403477344176
}