{
    "coefs": {
        "const": -320.59389141988555,
        "ndre1_mean": 443.8446245072063,
        "ndmi_mean": 378.813407600834,
        "msi_mean": 243.77799227503408
    },
    "p_values": {
        "const": 0.11397005907229665,
        "ndre1_mean": 0.09451950917085876,
        "ndmi_mean": 0.32534559781177325,
        "msi_mean": 0.2250166148932086
    },
    "rsquared": 0.8306492736738107,
    "aic": 67.74748541323596,
    "fvalue": 9.80981058296595,
    "f_pvalue": 0.009925163101143062,
    "mse_model": 376.56100406546085,
    "rmse_model": 19.405179825640907
}