{
    "coefs": {
        "const": 58.1524889037417,
        "cire_mean": 96.61752670759995,
        "ndre1_mean": -451.4099216275863,
        "ndmi_mean": 153.78652745484578
    },
    "p_values": {
        "const": 0.543304085245397,
        "cire_mean": 0.09323270766922388,
        "ndre1_mean": 0.4320277739805607,
        "ndmi_mean": 0.398136128146036
    },
    "rsquared": 0.8670866025296444,
    "aic": 65.32474442457406,
    "fvalue": 13.047392046735332,
    "f_pvalue": 0.004873126807062557,
    "mse_model": 393.0792598134388,
    "rmse_model": 19.82622656516965
}