{
    "coefs": {
        "const": 81.46635925952017,
        "ndvi_mean": -549.3874760412475,
        "ndre_mean": 738.4812589200994,
        "ndmi_mean": 151.348479386605
    },
    "p_values": {
        "const": 0.5040045310781405,
        "ndvi_mean": 0.18037141002032026,
        "ndre_mean": 0.03987893962345263,
        "ndmi_mean": 0.3608733548138075
    },
    "rsquared": 0.8267761207870583,
    "aic": 67.97361530532766,
    "fvalue": 9.54575228939093,
    "f_pvalue": 0.01060405538959233,
    "mse_model": 374.8051747567997,
    "rmse_model": 19.359885711356867
}