{
    "coefs": {
        "const": 69.00865524514647,
        "ndvi_mean": -456.4984980989177,
        "gndvi_mean": -242.05659604616187,
        "ndre_mean": 1002.1050441482103
    },
    "p_values": {
        "const": 0.4848555939964837,
        "ndvi_mean": 0.18383441612373058,
        "gndvi_mean": 0.25496452267236375,
        "ndre_mean": 0.028891372493916868
    },
    "rsquared": 0.8406129084251251,
    "aic": 67.14112454903163,
    "fvalue": 10.548067602202691,
    "f_pvalue": 0.008309912451159172,
    "mse_model": 381.0778518193901,
    "rmse_model": 19.52121542884536
}