{
    "coefs": {
        "const": 94.71632467642758,
        "ndvi_mean": -496.62382402134153,
        "ndre_mean": 776.0489737901507,
        "msi_mean": -47.44834797458219
    },
    "p_values": {
        "const": 0.692303683095205,
        "ndvi_mean": 0.3050920103854511,
        "ndre_mean": 0.05234684570443814,
        "msi_mean": 0.6606337005815368
    },
    "rsquared": 0.8054484284759982,
    "aic": 69.13473950299579,
    "fvalue": 8.280050602178044,
    "f_pvalue": 0.014883303866982289,
    "mse_model": 365.13662090911913,
    "rmse_model": 19.10854837262944
}