{
    "coefs": {
        "const": 137.54537561434006,
        "ndvi_mean": -215.99580301273977,
        "cire_mean": 77.47010864824915,
        "msi_mean": -64.1569990375944
    },
    "p_values": {
        "const": 0.49566426062291824,
        "ndvi_mean": 0.43896153442334307,
        "cire_mean": 0.01626979744448695,
        "msi_mean": 0.48519210519369993
    },
    "rsquared": 0.8641692928104138,
    "aic": 65.54185983415573,
    "fvalue": 12.72421105198615,
    "f_pvalue": 0.00519475177070183,
    "mse_model": 391.75674607405426,
    "rmse_model": 19.792845830603902
}