{
    "coefs": {
        "const": 34.73701927741462,
        "ndvi_mean": -20.206707971903256,
        "gndvi_mean": -131.3943707005826,
        "cire_mean": 80.61185267922555
    },
    "p_values": {
        "const": 0.6483389890417579,
        "ndvi_mean": 0.9061240549737601,
        "gndvi_mean": 0.4232894867771213,
        "cire_mean": 0.015797252824889547
    },
    "rsquared": 0.8678991122195803,
    "aic": 65.26342605186896,
    "fvalue": 13.139943671873215,
    "f_pvalue": 0.004785927999466577,
    "mse_model": 393.44759753954304,
    "rmse_model": 19.83551354363035
}