{
    "coefs": {
        "const": -144.04828357676365,
        "cire_mean": 50.464463774552684,
        "ndmi_mean": 268.4270324102829,
        "msi_mean": 131.5074972929301
    },
    "p_values": {
        "const": 0.4396356613305584,
        "cire_mean": 0.045354514132445775,
        "ndmi_mean": 0.4463462398532255,
        "msi_mean": 0.4892337117144444
    },
    "rsquared": 0.8636998720433257,
    "aic": 65.57635950652352,
    "fvalue": 12.673500531384235,
    "f_pvalue": 0.00524776300590888,
    "mse_model": 391.54394199297434,
    "rmse_model": 19.78746931754979
}