{
    "coefs": {
        "const": -176.85970469745337,
        "ndvi_mean": 334.44802720340726,
        "gndvi_mean": 97.16232575254548,
        "msi_mean": 10.434130931411119
    },
    "p_values": {
        "const": 0.5809648246870461,
        "ndvi_mean": 0.5099046781332752,
        "gndvi_mean": 0.7443222941214596,
        "msi_mean": 0.9518584401538968
    },
    "rsquared": 0.6239345575020565,
    "aic": 75.72539850605008,
    "fvalue": 3.318223303676559,
    "f_pvalue": 0.09845693225506148,
    "mse_model": 282.85033273426563,
    "rmse_model": 16.81815485522314
}