{
    "coefs": {
        "const": -341.05731285316864,
        "ndre_mean": 311.0652492769252,
        "ndmi_mean": 489.0702046877192,
        "msi_mean": 277.21980681710016
    },
    "p_values": {
        "const": 0.09571271424863591,
        "ndre_mean": 0.09321327185398717,
        "ndmi_mean": 0.1745879458924699,
        "msi_mean": 0.16341608855372558
    },
    "rsquared": 0.8313273504674787,
    "aic": 67.70736524690204,
    "fvalue": 9.85728691369365,
    "f_pvalue": 0.009809290809876418,
    "mse_model": 376.86839887859037,
    "rmse_model": 19.4130986418601
}