{
    "coefs": {
        "const": 34.64417385995782,
        "gndvi_mean": -119.1296973754254,
        "cire_mean": 86.65467909881488,
        "ndre_mean": -68.49351841648854
    },
    "p_values": {
        "const": 0.5906976828863773,
        "gndvi_mean": 0.5108080564388158,
        "cire_mean": 0.09232960533133268,
        "ndre_mean": 0.846617436664078
    },
    "rsquared": 0.8684602736012867,
    "aic": 65.22085581048847,
    "fvalue": 13.20453215736326,
    "f_pvalue": 0.004726303177345961,
    "mse_model": 393.70199069925,
    "rmse_model": 19.84192507543686
}