{
    "coefs": {
        "const": 149.30429699822173,
        "cire_mean": 120.70825325415862,
        "ndre_mean": -491.24414917619333,
        "msi_mean": -72.41194503255645
    },
    "p_values": {
        "const": 0.3515022526942221,
        "cire_mean": 0.05750781337769148,
        "ndre_mean": 0.282190983054259,
        "msi_mean": 0.36753617441468334
    },
    "rsquared": 0.8771835841340309,
    "aic": 64.5346735963227,
    "fvalue": 14.284468048494604,
    "f_pvalue": 0.003860970854645596,
    "mse_model": 397.65655814076064,
    "rmse_model": 19.94132789311586
}