{
    "coefs": {
        "const": -418.117958532674,
        "gndvi_mean": 195.6980377056916,
        "ndmi_mean": 744.7071721645841,
        "msi_mean": 355.72018954573764
    },
    "p_values": {
        "const": 0.06671639409814602,
        "gndvi_mean": 0.13395536689881585,
        "ndmi_mean": 0.03770517665072922,
        "msi_mean": 0.09149855650494072
    },
    "rsquared": 0.8130513845581422,
    "aic": 68.73610468524498,
    "fvalue": 8.698126837007855,
    "f_pvalue": 0.013250003016941986,
    "mse_model": 368.58329433302447,
    "rmse_model": 19.198523233129794
}