{
    "coefs": {
        "const": 70.6807055490078,
        "ndvi_mean": -202.11989212768344,
        "cire_mean": 70.67003937973509,
        "ndmi_mean": 122.55513543238152
    },
    "p_values": {
        "const": 0.48442266880502904,
        "ndvi_mean": 0.3864678525405437,
        "cire_mean": 0.015673241697157114,
        "ndmi_mean": 0.38969216888985536
    },
    "rsquared": 0.8702357571014496,
    "aic": 65.08495961042576,
    "fvalue": 13.412566322785851,
    "f_pvalue": 0.004540855895064749,
    "mse_model": 394.50687655265716,
    "rmse_model": 19.862197173340547
}