{
    "coefs": {
        "const": 61.31666306168417,
        "cire_mean": 104.79290904665724,
        "ndre_mean": -398.09888598337955,
        "ndmi_mean": 114.58810962507204
    },
    "p_values": {
        "const": 0.4129242659603986,
        "cire_mean": 0.052746184657836113,
        "ndre_mean": 0.29453691442474406,
        "ndmi_mean": 0.3548416101849493
    },
    "rsquared": 0.8781580532062061,
    "aic": 64.45501359903818,
    "fvalue": 14.414708174228481,
    "f_pvalue": 0.003771317753768123,
    "mse_model": 398.0983174534801,
    "rmse_model": 19.95240129542006
}