{
    "coefs": {
        "const": 36.63131798126901,
        "gndvi_mean": -137.39585523239123,
        "cire_mean": 85.41302295604865,
        "ndre1_mean": -54.24372062457019
    },
    "p_values": {
        "const": 0.6163298442607617,
        "gndvi_mean": 0.38227024547757427,
        "cire_mean": 0.0857615756604033,
        "ndre1_mean": 0.863886317086761
    },
    "rsquared": 0.8682688906186834,
    "aic": 65.2353946799951,
    "fvalue": 13.182442548257018,
    "f_pvalue": 0.004746583238647824,
    "mse_model": 393.61523041380315,
    "rmse_model": 19.83973866798157
}