{
    "coefs": {
        "const": -4.379520063254233,
        "ndvi_mean": -198.03821945386926,
        "gndvi_mean": 298.6489211675366,
        "ndmi_mean": 307.36241229148436
    },
    "p_values": {
        "const": 0.9767279167722471,
        "ndvi_mean": 0.6855911172724707,
        "gndvi_mean": 0.2927486867838219,
        "ndmi_mean": 0.2749073065949683
    },
    "rsquared": 0.6966461480211257,
    "aic": 73.57676625604701,
    "fvalue": 4.592960619927388,
    "f_pvalue": 0.05363350172502164,
    "mse_model": 315.8129204362437,
    "rmse_model": 17.77112603174722
}