{
    "coefs": {
        "const": 48.61061352983893,
        "ndvi_mean": -539.246099729252,
        "ndre1_mean": 1033.320976737614,
        "ndmi_mean": 14.032768105374771
    },
    "p_values": {
        "const": 0.6438384659364873,
        "ndvi_mean": 0.1460655250430324,
        "ndre1_mean": 0.025423126292679767,
        "ndmi_mean": 0.9273237409039945
    },
    "rsquared": 0.8491190963500763,
    "aic": 66.59267481226678,
    "fvalue": 11.255487948563939,
    "f_pvalue": 0.007074816963348461,
    "mse_model": 384.93399034536793,
    "rmse_model": 19.61973471648809
}