{
    "coefs": {
        "const": -720.7304926751563,
        "ndvi_mean": -131.00849343037657,
        "gndvi_mean": 998.1112246795838,
        "cire_mean": 18.811187940442437,
        "ndre1_mean": 233.91564586834647,
        "ndre_mean": -1719.1253192136237,
        "ndmi_mean": 2155.1462951072926,
        "msi_mean": 782.3434355220168
    },
    "p_values": {
        "const": 0.11836749514735535,
        "ndvi_mean": 0.8752129816781747,
        "gndvi_mean": 0.43936650819557677,
        "cire_mean": 0.8772144792816201,
        "ndre1_mean": 0.9073635510872198,
        "ndre_mean": 0.4677803953784899,
        "ndmi_mean": 0.051624745951917926,
        "msi_mean": 0.06803950967816848
    },
    "rsquared": 0.9104871373167351,
    "aic": 85.00264552299163,
    "fvalue": 5.812330748732293,
    "f_pvalue": 0.05415352645967979,
    "mse_model": 320.8383245782781,
    "rmse_model": 17.911960377867022
}