{
    "coefs": {
        "const": 56.22917866241963,
        "gndvi_mean": 121.76312798515085,
        "cire_mean": 81.21057002879255,
        "ndre1_mean": -564.3416486557767,
        "ndmi_mean": 138.82007665351475
    },
    "p_values": {
        "const": 0.47441034851873043,
        "gndvi_mean": 0.47824546579050775,
        "cire_mean": 0.06361425791928556,
        "ndre1_mean": 0.2260941199190366,
        "ndmi_mean": 0.379788850807775
    },
    "rsquared": 0.6562753509299923,
    "aic": 163.33647954379188,
    "fvalue": 8.114548226317012,
    "f_pvalue": 0.0007514621393063504,
    "mse_model": 654.2244904583362,
    "rmse_model": 25.577812464288968
}