{
    "coefs": {
        "const": -382.5995788923868,
        "gndvi_mean": 187.80639157270326,
        "cire_mean": -14.154094740246464,
        "ndmi_mean": 745.9994220970096,
        "msi_mean": 344.05916903021193
    },
    "p_values": {
        "const": 0.08685057176698138,
        "gndvi_mean": 0.27987492660980484,
        "cire_mean": 0.7271821910412155,
        "ndmi_mean": 0.0960487970676492,
        "msi_mean": 0.08333001994802537
    },
    "rsquared": 0.6867474746299898,
    "aic": 161.29419220830863,
    "fvalue": 9.317328770869281,
    "f_pvalue": 0.00035480683180654014,
    "mse_model": 684.601388771771,
    "rmse_model": 26.164888472374024
}