{
    "coefs": {
        "const": 23.787428733824186,
        "ndvi_mean": -387.5865874037405,
        "gndvi_mean": 322.3792064855245,
        "ndre1_mean": 274.7792853369649,
        "ndmi_mean": 134.58342525930607
    },
    "p_values": {
        "const": 0.7756080304260031,
        "ndvi_mean": 0.22068055407375264,
        "gndvi_mean": 0.15564154546993297,
        "ndre1_mean": 0.4260306350433213,
        "ndmi_mean": 0.4489223236608788
    },
    "rsquared": 0.6134304905428085,
    "aic": 165.92083708026857,
    "fvalue": 6.744141793458344,
    "f_pvalue": 0.0019267126148565811,
    "mse_model": 611.5135202598622,
    "rmse_model": 24.72879940999688
}