{
    "coefs": {
        "const": -44.02922511301521,
        "ndvi_mean": -244.82533030611745,
        "gndvi_mean": 221.77299353231365,
        "ndre1_mean": 415.3981476484572,
        "msi_mean": 10.887271151064763
    },
    "p_values": {
        "const": 0.7659947814450068,
        "ndvi_mean": 0.47709472625606364,
        "gndvi_mean": 0.3230894583938859,
        "ndre1_mean": 0.17913779891344722,
        "msi_mean": 0.8855168242838652
    },
    "rsquared": 0.6002710330780412,
    "aic": 166.65728795006328,
    "fvalue": 6.382204197575078,
    "f_pvalue": 0.002514789298053538,
    "mse_model": 598.3951860996723,
    "rmse_model": 24.462117367465808
}