{
    "coefs": {
        "const": 51.14845155408451,
        "cire_mean": 61.45570032367061,
        "ndre1_mean": -635.22448884603,
        "ndre_mean": 399.8313168298132,
        "msi_mean": -23.253571442817858
    },
    "p_values": {
        "const": 0.7110234001528422,
        "cire_mean": 0.24705265284888317,
        "ndre1_mean": 0.31408380648346723,
        "ndre_mean": 0.4259935699492471,
        "msi_mean": 0.7389657857388185
    },
    "rsquared": 0.6494391350058627,
    "aic": 163.76973533833964,
    "fvalue": 7.873429693360314,
    "f_pvalue": 0.0008805464337220011,
    "mse_model": 647.4096377089694,
    "rmse_model": 25.44424566987533
}