{
    "coefs": {
        "const": -261.04755911268563,
        "cire_mean": 3.878586741680575,
        "ndre_mean": 105.25291085718402,
        "ndmi_mean": 552.6952367158638,
        "msi_mean": 262.78985185032917
    },
    "p_values": {
        "const": 0.20634737898994587,
        "cire_mean": 0.9454589121526069,
        "ndre_mean": 0.7644061576169108,
        "ndmi_mean": 0.18048861449533804,
        "msi_mean": 0.16023459355652936
    },
    "rsquared": 0.6656149750966344,
    "aic": 162.73042794640958,
    "fvalue": 8.459899318093603,
    "f_pvalue": 0.000601760905697897,
    "mse_model": 663.5349282994573,
    "rmse_model": 25.759171731627113
}