{
    "coefs": {
        "const": -455.65676750998364,
        "gndvi_mean": 420.8150211021433,
        "ndre_mean": -441.78507190466314,
        "ndmi_mean": 1024.4085974340142,
        "msi_mean": 427.5345620344268
    },
    "p_values": {
        "const": 0.018062366245652058,
        "gndvi_mean": 0.15391388101656753,
        "ndre_mean": 0.30050917624009094,
        "ndmi_mean": 0.03275686763544227,
        "msi_mean": 0.02317917078784689
    },
    "rsquared": 0.704266855863462,
    "aic": 160.02804495305259,
    "fvalue": 10.121064198464696,
    "f_pvalue": 0.00022227737718791184,
    "mse_model": 702.0660219388888,
    "rmse_model": 26.496528488443325
}