{
    "coefs": {
        "const": 35.33035947301232,
        "ndvi_mean": -346.6819411265799,
        "gndvi_mean": 146.37027870048811,
        "ndre_mean": 380.923497653587,
        "ndmi_mean": 99.81394522859902
    },
    "p_values": {
        "const": 0.6692897247186776,
        "ndvi_mean": 0.2314910956600103,
        "gndvi_mean": 0.6074234082193051,
        "ndre_mean": 0.2477709008796239,
        "ndmi_mean": 0.5676140800153563
    },
    "rsquared": 0.6295250456430576,
    "aic": 164.98526832880907,
    "fvalue": 7.221760641355642,
    "f_pvalue": 0.0013717969316925321,
    "mse_model": 627.557779875423,
    "rmse_model": 25.051103366427256
}