{
    "coefs": {
        "const": 15.454360870470886,
        "ndvi_mean": -197.10826009998186,
        "ndre1_mean": -381.879907348253,
        "ndre_mean": 775.154407664569,
        "msi_mean": -10.723473988320405
    },
    "p_values": {
        "const": 0.9184091416819734,
        "ndvi_mean": 0.4865357625707142,
        "ndre1_mean": 0.5314601593374935,
        "ndre_mean": 0.1303584287247026,
        "msi_mean": 0.8842517360825991
    },
    "rsquared": 0.6307929028532886,
    "aic": 164.90984974623092,
    "fvalue": 7.2611546685983175,
    "f_pvalue": 0.001334661828650992,
    "mse_model": 628.821675031872,
    "rmse_model": 25.07631701490217
}