{
    "coefs": {
        "const": -377.01985378037944,
        "gndvi_mean": 268.9784009603727,
        "ndre1_mean": -349.2971460475041,
        "ndmi_mean": 914.8073734093845,
        "msi_mean": 371.81946654052757
    },
    "p_values": {
        "const": 0.010602458589668216,
        "gndvi_mean": 0.10953003903991534,
        "ndre1_mean": 0.2904641450495249,
        "ndmi_mean": 0.018694822755814883,
        "msi_mean": 0.01453347730285268
    },
    "rsquared": 0.7050812294732551,
    "aic": 159.96737899964197,
    "fvalue": 10.1607477201577,
    "f_pvalue": 0.00021734311192522356,
    "mse_model": 702.8778506311512,
    "rmse_model": 26.511843591707297
}