{
    "coefs": {
        "const": 22.241023518763598,
        "ndvi_mean": 287.37695119118473,
        "cire_mean": 108.53259486310637,
        "ndre1_mean": -812.6847607567514,
        "msi_mean": -12.667961400430652
    },
    "p_values": {
        "const": 0.8763266419052114,
        "ndvi_mean": 0.3519654274981372,
        "cire_mean": 0.06610299828351143,
        "ndre1_mean": 0.2625021635749934,
        "msi_mean": 0.8541706353258799
    },
    "rsquared": 0.654343741018498,
    "aic": 163.45976560746553,
    "fvalue": 8.045452171249247,
    "f_pvalue": 0.000786155876964429,
    "mse_model": 652.2989168278152,
    "rmse_model": 25.540143242116226
}