{
    "coefs": {
        "const": 44.71081069777301,
        "ndvi_mean": 291.1503248802865,
        "cire_mean": 116.20159027273655,
        "ndre1_mean": -998.5403850032595,
        "ndmi_mean": 110.9759709425312
    },
    "p_values": {
        "const": 0.5718430300478228,
        "ndvi_mean": 0.33757392786272133,
        "cire_mean": 0.03648716755011394,
        "ndre1_mean": 0.17035758636487988,
        "ndmi_mean": 0.4611899232276242
    },
    "rsquared": 0.6648428036226736,
    "aic": 162.78117240857728,
    "fvalue": 8.430616874522569,
    "f_pvalue": 0.0006130703470028068,
    "mse_model": 662.7651698613527,
    "rmse_model": 25.744225951878075
}