{
    "coefs": {
        "const": 60.73329601144674,
        "cire_mean": 64.24070961143626,
        "ndre1_mean": -861.6403413257442,
        "ndre_mean": 459.4678880381034,
        "ndmi_mean": 136.16846665594136
    },
    "p_values": {
        "const": 0.41221145004623716,
        "cire_mean": 0.17779769604786538,
        "ndre1_mean": 0.17221120981038676,
        "ndre_mean": 0.35674446393207015,
        "ndmi_mean": 0.3763446765180074
    },
    "rsquared": 0.663412785510712,
    "aic": 162.87484031404517,
    "fvalue": 8.376742244052942,
    "f_pvalue": 0.0006345019533211735,
    "mse_model": 661.3396205559911,
    "rmse_model": 25.71652427051508
}