{
    "coefs": {
        "const": -0.07705052543511215,
        "ndvi_mean": -44.95773671861721,
        "gndvi_mean": 124.30219952812746,
        "cire_mean": 55.528736396547444,
        "ndre_mean": -118.81746573921157
    },
    "p_values": {
        "const": 0.9989752661973528,
        "ndvi_mean": 0.9080014479650299,
        "gndvi_mean": 0.6289375800816996,
        "cire_mean": 0.5393855568588715,
        "ndre_mean": 0.9059812990931473
    },
    "rsquared": 0.6306451135572113,
    "aic": 164.91865432764544,
    "fvalue": 7.256548731306158,
    "f_pvalue": 0.0013389453279355683,
    "mse_model": 628.6743475773451,
    "rmse_model": 25.073379261227338
}