{
    "coefs": {
        "const": -2.8229064116253753,
        "ndvi_mean": 271.0299849113001,
        "cire_mean": 99.57199808113252,
        "ndre1_mean": -748.8568156709164,
        "ndre_mean": 41.69365337266254
    },
    "p_values": {
        "const": 0.9524441034694,
        "ndvi_mean": 0.5760163996961316,
        "cire_mean": 0.2990294729715161,
        "ndre1_mean": 0.25466944013361614,
        "ndre_mean": 0.9573006217637081
    },
    "rsquared": 0.653695787197112,
    "aic": 163.5009673489472,
    "fvalue": 8.022446718455159,
    "f_pvalue": 0.0007981002876670123,
    "mse_model": 651.652987862121,
    "rmse_model": 25.527494743161167
}