{
    "coefs": {
        "const": -22.017009489564458,
        "ndvi_mean": -36.16955130945436,
        "cire_mean": 39.75030897804312,
        "ndre_mean": 105.66677029326297,
        "msi_mean": 20.002978668991105
    },
    "p_values": {
        "const": 0.8797963024467936,
        "ndvi_mean": 0.9355603747732052,
        "cire_mean": 0.6239672349323206,
        "ndre_mean": 0.8994760466567733,
        "msi_mean": 0.7656440452072122
    },
    "rsquared": 0.6273944325834939,
    "aic": 165.11142858840495,
    "fvalue": 7.156163438371989,
    "f_pvalue": 0.0014362127341873354,
    "mse_model": 625.4338249816706,
    "rmse_model": 25.008674994522814
}