{
    "coefs": {
        "const": 45.053103877743965,
        "gndvi_mean": 87.97586954138848,
        "cire_mean": 75.66423336587437,
        "ndre1_mean": -345.8652067344241,
        "msi_mean": -20.023269981978313
    },
    "p_values": {
        "const": 0.7530372464084165,
        "gndvi_mean": 0.6043223197059493,
        "cire_mean": 0.12872766327791899,
        "ndre1_mean": 0.4598831692632658,
        "msi_mean": 0.7758666229434263
    },
    "rsquared": 0.641598373895087,
    "aic": 164.25637258626227,
    "fvalue": 7.608205126435226,
    "f_pvalue": 0.0010518307689457536,
    "mse_model": 639.5933789766649,
    "rmse_model": 25.29018345083058
}