{
    "coefs": {
        "const": -373.2626652908609,
        "ndvi_mean": 167.0489417367764,
        "ndre1_mean": -161.56108862506454,
        "ndmi_mean": 798.3394612937022,
        "msi_mean": 364.89671959012793
    },
    "p_values": {
        "const": 0.05943900465473939,
        "ndvi_mean": 0.5376957876687044,
        "ndre1_mean": 0.6902711052820181,
        "ndmi_mean": 0.05070412352477254,
        "msi_mean": 0.03799542853425595
    },
    "rsquared": 0.6634415515604133,
    "aic": 162.87296002831013,
    "fvalue": 8.377821466686159,
    "f_pvalue": 0.0006340645229451653,
    "mse_model": 661.368296711787,
    "rmse_model": 25.717081807852676
}