{
    "coefs": {
        "const": 50.19237657497713,
        "ndvi_mean": -245.61344140257808,
        "ndre1_mean": -627.7179249531248,
        "ndre_mean": 895.919486259316,
        "ndmi_mean": 132.83120535561352
    },
    "p_values": {
        "const": 0.5436356860176134,
        "ndvi_mean": 0.3312948899531355,
        "ndre1_mean": 0.3232168900332687,
        "ndre_mean": 0.06398151050384734,
        "ndmi_mean": 0.41080145502189647
    },
    "rsquared": 0.645160407622738,
    "aic": 164.03662815338396,
    "fvalue": 7.727242932579633,
    "f_pvalue": 0.0009707479236302763,
    "mse_model": 643.1442813489168,
    "rmse_model": 25.3602894571201
}