{
    "coefs": {
        "const": -246.61586310516464,
        "ndre1_mean": -745.404910663866,
        "ndre_mean": 625.0319498854707,
        "ndmi_mean": 695.2448079855673,
        "msi_mean": 275.42937878271397
    },
    "p_values": {
        "const": 0.06670668238127227,
        "ndre1_mean": 0.20485616370608847,
        "ndre_mean": 0.14828979173667767,
        "ndmi_mean": 0.053638736810179895,
        "msi_mean": 0.06033960915394755
    },
    "rsquared": 0.6965471438870152,
    "aic": 160.59495760180525,
    "fvalue": 9.755470419489463,
    "f_pvalue": 0.0002741084234475863,
    "mse_model": 694.3704340623683,
    "rmse_model": 26.35090954905292
}