{
    "coefs": {
        "const": 47.1495306407414,
        "gndvi_mean": -328.12800146614086,
        "ndre1_mean": -1239.5590137719187,
        "ndre_mean": 1501.1935553472779,
        "ndmi_mean": 77.3403823946563
    },
    "p_values": {
        "const": 0.5483363561031881,
        "gndvi_mean": 0.3139773686616607,
        "ndre1_mean": 0.13676925869094292,
        "ndre_mean": 0.08405077149245119,
        "ndmi_mean": 0.6078911969184257
    },
    "rsquared": 0.6466623387116257,
    "aic": 163.94331102599546,
    "fvalue": 7.778154554776966,
    "f_pvalue": 0.0009382153443908372,
    "mse_model": 644.6415189031519,
    "rmse_model": 25.389791627800964
}