{
    "coefs": {
        "const": 31.500587949369404,
        "ndvi_mean": -158.23137048674994,
        "cire_mean": 28.121808552264085,
        "ndre_mean": 226.6116595741701,
        "ndmi_mean": 25.593771879785606
    },
    "p_values": {
        "const": 0.7063236943375829,
        "ndvi_mean": 0.7224462867138255,
        "cire_mean": 0.7394835385003866,
        "ndre_mean": 0.7883432476350866,
        "ndmi_mean": 0.8621311210305591
    },
    "rsquared": 0.6260673210084228,
    "aic": 165.1896469129111,
    "fvalue": 7.115682217080927,
    "f_pvalue": 0.0014776418501837485,
    "mse_model": 624.1108606302714,
    "rmse_model": 24.98221088355215
}