{
    "coefs": {
        "const": 11.834895787764182,
        "ndvi_mean": 495.05798139104235,
        "gndvi_mean": -135.98839503856544,
        "cire_mean": 133.3351619920434,
        "ndre1_mean": -1076.362079447796
    },
    "p_values": {
        "const": 0.8316905404774184,
        "ndvi_mean": 0.35051760480052874,
        "gndvi_mean": 0.6341545347428239,
        "cire_mean": 0.105944933358392,
        "ndre1_mean": 0.2539293884322913
    },
    "rsquared": 0.6583548426877828,
    "aic": 163.20297801328405,
    "fvalue": 8.18980752847633,
    "f_pvalue": 0.0007156019229276869,
    "mse_model": 656.2974838043834,
    "rmse_model": 25.618303687098088
}