{
    "coefs": {
        "const": -244.35538272153929,
        "ndvi_mean": -48.69926831963849,
        "ndre_mean": 170.3854857696632,
        "ndmi_mean": 543.9138852479905,
        "msi_mean": 253.7850719666336
    },
    "p_values": {
        "const": 0.2489940896461898,
        "ndvi_mean": 0.8656370351767702,
        "ndre_mean": 0.5904137684423786,
        "ndmi_mean": 0.15205811038684727,
        "msi_mean": 0.15934973632820046
    },
    "rsquared": 0.6660997562079958,
    "aic": 162.69850988141462,
    "fvalue": 8.478352491552666,
    "f_pvalue": 0.0005947534527392514,
    "mse_model": 664.0181944698458,
    "rmse_model": 25.76855049221523
}