{
    "coefs": {
        "const": -14.008216194375507,
        "ndvi_mean": -60.43631747579124,
        "gndvi_mean": 92.55564406831104,
        "cire_mean": 45.58050709721403,
        "msi_mean": 8.770646627756797
    },
    "p_values": {
        "const": 0.9226442530093797,
        "ndvi_mean": 0.8231210891122255,
        "gndvi_mean": 0.6878889051077134,
        "cire_mean": 0.0777611407238336,
        "msi_mean": 0.9034277288608846
    },
    "rsquared": 0.630662382609821,
    "aic": 164.9176257016461,
    "fvalue": 7.257086740937564,
    "f_pvalue": 0.0013384441929213532,
    "mse_model": 628.6915626641653,
    "rmse_model": 25.07372255298693
}