{
    "coefs": {
        "const": -144.41034569565306,
        "cire_mean": 48.16719010348348,
        "ndre1_mean": -300.4639520197809,
        "ndmi_mean": 544.0319396264705,
        "msi_mean": 211.6500731094963
    },
    "p_values": {
        "const": 0.4745320059068342,
        "cire_mean": 0.34846534095458426,
        "ndre1_mean": 0.4875083014446543,
        "ndmi_mean": 0.17896930861671534,
        "msi_mean": 0.24527553181112954
    },
    "rsquared": 0.6734652753910004,
    "aic": 162.2077783227989,
    "fvalue": 8.76546108178556,
    "f_pvalue": 0.0004966572100917712,
    "mse_model": 671.3606964054036,
    "rmse_model": 25.910629023730852
}