{
    "coefs": {
        "const": -252.29038230327345,
        "ndvi_mean": 35.93751009063408,
        "cire_mean": 15.331775561043711,
        "ndmi_mean": 544.087109646089,
        "msi_mean": 258.0868422226425
    },
    "p_values": {
        "const": 0.24768477342181,
        "ndvi_mean": 0.8477525361428702,
        "cire_mean": 0.6445947036685657,
        "ndmi_mean": 0.18587254562982577,
        "msi_mean": 0.172060210251819
    },
    "rsquared": 0.6645404692286556,
    "aic": 162.80100894664668,
    "fvalue": 8.4191884121691,
    "f_pvalue": 0.0006175483440530549,
    "mse_model": 662.463780262316,
    "rmse_model": 25.738371748467618
}