{
    "coefs": {
        "const": -19.71687664121405,
        "gndvi_mean": 112.32408609124172,
        "cire_mean": 58.56191270589735,
        "ndre_mean": -152.08463342593217,
        "msi_mean": 10.293827145544514
    },
    "p_values": {
        "const": 0.867850313949751,
        "gndvi_mean": 0.6848559738786557,
        "cire_mean": 0.3429728887315977,
        "ndre_mean": 0.8022505832412041,
        "msi_mean": 0.8697769837938898
    },
    "rsquared": 0.6309475599756927,
    "aic": 164.9006322378308,
    "fvalue": 7.265978595670789,
    "f_pvalue": 0.0013301919508903483,
    "mse_model": 628.9758488507687,
    "rmse_model": 25.079390918656074
}