{
    "coefs": {
        "const": -10.45624302794775,
        "ndvi_mean": -222.4895174323412,
        "gndvi_mean": 33.715950085017425,
        "ndre_mean": 480.81494967615095,
        "msi_mean": 7.20962005016465
    },
    "p_values": {
        "const": 0.9432591087011086,
        "ndvi_mean": 0.471368582076914,
        "gndvi_mean": 0.8931174064195837,
        "ndre_mean": 0.09767701303891033,
        "msi_mean": 0.9213759108851771
    },
    "rsquared": 0.6223434821617122,
    "aic": 165.40765197565185,
    "fvalue": 7.003612209123439,
    "f_pvalue": 0.0015994455564661025,
    "mse_model": 620.3986587799568,
    "rmse_model": 24.907803170491707
}