{
    "coefs": {
        "const": 27.503998668593056,
        "gndvi_mean": -175.33189651356935,
        "cire_mean": 38.8356327398506,
        "ndre1_mean": -785.1360508397228,
        "ndre_mean": 851.0981323379605
    },
    "p_values": {
        "const": 0.658932319614506,
        "gndvi_mean": 0.6522613868590192,
        "cire_mean": 0.48592230546547,
        "ndre1_mean": 0.32527951645006803,
        "ndre_mean": 0.4631519181883026
    },
    "rsquared": 0.651387845682161,
    "aic": 163.6470997539907,
    "fvalue": 7.941198578019633,
    "f_pvalue": 0.0008419308768594996,
    "mse_model": 649.3522586644042,
    "rmse_model": 25.48239114887777
}