{
    "coefs": {
        "const": 23.22928371140182,
        "ndvi_mean": -26.186399783765097,
        "gndvi_mean": -306.53334287291125,
        "ndre1_mean": -974.8672966117001,
        "ndre_mean": 1377.3207021957303
    },
    "p_values": {
        "const": 0.7124408334766694,
        "ndvi_mean": 0.9341805255981045,
        "gndvi_mean": 0.48390918374372294,
        "ndre1_mean": 0.35593482628752393,
        "ndre_mean": 0.1795658022051086
    },
    "rsquared": 0.6411307889381086,
    "aic": 164.28505595097664,
    "fvalue": 7.592754599716928,
    "f_pvalue": 0.0010628972134597578,
    "mse_model": 639.1272552226769,
    "rmse_model": 25.2809662636276
}