{
    "coefs": {
        "const": 28.564610795870955,
        "gndvi_mean": -335.4723929463637,
        "ndre1_mean": -1064.0765682847955,
        "ndre_mean": 1444.0843902290715,
        "msi_mean": -3.1062678909391703
    },
    "p_values": {
        "const": 0.8336502805522081,
        "gndvi_mean": 0.33008523254482747,
        "ndre1_mean": 0.24409075894669965,
        "ndre_mean": 0.1309071014737733,
        "msi_mean": 0.9617994036783972
    },
    "rsquared": 0.6410323709487904,
    "aic": 164.29108850784075,
    "fvalue": 7.58950767714964,
    "f_pvalue": 0.0010652392759448342,
    "mse_model": 639.0291447895754,
    "rmse_model": 25.279025787984303
}