{
    "coefs": {
        "const": -264.9633171738978,
        "ndvi_mean": -208.70882223849475,
        "gndvi_mean": 269.0310573385013,
        "ndmi_mean": 689.2334162688984,
        "msi_mean": 279.13952622135463
    },
    "p_values": {
        "const": 0.07838889045088035,
        "ndvi_mean": 0.4189767331749542,
        "gndvi_mean": 0.17086370026262432,
        "ndmi_mean": 0.011632780598644333,
        "msi_mean": 0.031238373757474912
    },
    "rsquared": 0.6966710159563292,
    "aic": 160.58597517885713,
    "fvalue": 9.76118990787943,
    "f_pvalue": 0.00027320034258197627,
    "mse_model": 694.4939190314658,
    "rmse_model": 26.35325253230549
}