{
    "coefs": {
        "const": 31.909658775463456,
        "ndvi_mean": -207.98056770384676,
        "gndvi_mean": 183.32724039627502,
        "cire_mean": 37.54688833487291,
        "ndmi_mean": 88.53000305021973
    },
    "p_values": {
        "const": 0.6951581592322489,
        "ndvi_mean": 0.46848621492385234,
        "gndvi_mean": 0.46948442322565365,
        "cire_mean": 0.20119403978904796,
        "ndmi_mean": 0.6089555672502209
    },
    "rsquared": 0.6361468481524657,
    "aic": 164.58848764499965,
    "fvalue": 7.430536442847366,
    "f_pvalue": 0.0011872542955065598,
    "mse_model": 634.1588892519893,
    "rmse_model": 25.182511575535695
}