{
    "coefs": {
        "const": 13.59517200599636,
        "gndvi_mean": 211.8605872367417,
        "cire_mean": 75.43763700952124,
        "ndre_mean": -429.19933107449003,
        "ndmi_mean": 61.9004324696442
    },
    "p_values": {
        "const": 0.8427584107132472,
        "gndvi_mean": 0.48852069543587395,
        "cire_mean": 0.2014259851429991,
        "ndre_mean": 0.5129506515223046,
        "ndmi_mean": 0.6858545369606828
    },
    "rsquared": 0.6339917261717622,
    "aic": 164.71841044871036,
    "fvalue": 7.361759361468592,
    "f_pvalue": 0.0012448034489006918,
    "mse_model": 632.0105020274755,
    "rmse_model": 25.139819053196774
}