{
    "coefs": {
        "const": 0.35008138927185506,
        "ndvi_max": 334.0059156060894,
        "gndvi_max": -329.03085509016415,
        "cire_max": 4.6901989514567575,
        "ndre_max": 25.614836805369123
    },
    "p_values": {
        "const": 0.9974234568967623,
        "ndvi_max": 0.16287126280033765,
        "gndvi_max": 0.22015622936598034,
        "cire_max": 0.8262994851750941,
        "ndre_max": 0.921751174133773
    },
    "rsquared": 0.3006897301559468,
    "aic": 245.80668190745416,
    "fvalue": 2.794872791514281,
    "f_pvalue": 0.04695683839953104,
    "mse_model": 392.4728453688708,
    "rmse_model": 19.8109274232397
}