{
    "coefs": {
        "const": 7.065209483620052,
        "ndvi_max": -189.32995824054444,
        "cire_max": -23.09992505818117,
        "ndre1_max": 824.4027207080253,
        "ndre_max": -232.4522951556379
    },
    "p_values": {
        "const": 0.9449713033513668,
        "ndvi_max": 0.5305110383455323,
        "cire_max": 0.3659790701331225,
        "ndre1_max": 0.1004010933755968,
        "ndre_max": 0.3998232813882846
    },
    "rsquared": 0.3327120272889367,
    "aic": 244.35362434617718,
    "fvalue": 3.2409218595559923,
    "f_pvalue": 0.027695766056419803,
    "mse_model": 434.26969045737405,
    "rmse_model": 20.839138428864423
}