{
    "coefs": {
        "const": 22.238878193106416,
        "gndvi_max": -192.18262769812793,
        "cire_max": -15.394954050150247,
        "ndre1_max": 625.3033478913424,
        "ndre_max": -157.40336972174384
    },
    "p_values": {
        "const": 0.8242428385273798,
        "gndvi_max": 0.3958524652988876,
        "cire_max": 0.508163087043362,
        "ndre1_max": 0.06245993533541065,
        "ndre_max": 0.586414614035613
    },
    "rsquared": 0.34122446218607794,
    "aic": 243.95562062385778,
    "fvalue": 3.3667901688784205,
    "f_pvalue": 0.023925439945834674,
    "mse_model": 445.38047745819927,
    "rmse_model": 21.104039363548374
}