{
    "coefs": {
        "const": 21.521958709298126,
        "ndvi_max": -5.23187934507655,
        "gndvi_max": -230.54916443473883,
        "cire_max": -19.37214643538551,
        "ndre1_max": 526.1752882903857
    },
    "p_values": {
        "const": 0.8413824807445245,
        "ndvi_max": 0.9888507655242167,
        "gndvi_max": 0.3894891966864775,
        "cire_max": 0.47472380270451664,
        "ndre1_max": 0.2660676547136108
    },
    "rsquared": 0.33354024184272946,
    "aic": 244.31512433020953,
    "fvalue": 3.2530269764106836,
    "f_pvalue": 0.027307303047871934,
    "mse_model": 435.3507108245625,
    "rmse_model": 20.865059569159214
}