{
    "coefs": {
        "const": 51.20403553882237,
        "ndvi_max": 75.28248683485162,
        "gndvi_max": -235.713130098127,
        "ndre1_max": 460.6408865215925,
        "ndre_max": -191.92404412563633
    },
    "p_values": {
        "const": 0.6145352621390443,
        "ndvi_max": 0.8187016122382044,
        "gndvi_max": 0.38350919557454455,
        "ndre1_max": 0.27615980087754555,
        "ndre_max": 0.5162215279198858
    },
    "rsquared": 0.3311969563793551,
    "aic": 244.42392976362856,
    "fvalue": 3.218855292301716,
    "f_pvalue": 0.028418974130400454,
    "mse_model": 432.2921563709566,
    "rmse_model": 20.79163669293393
}