{
    "coefs": {
        "const": 183.43693372775144,
        "ndvi_max": -366.40687141407443,
        "cire_max": 17.034675129021025,
        "ndre1_max": 241.19236776890284
    },
    "p_values": {
        "const": 0.24243884543730243,
        "ndvi_max": 0.6184109229514942,
        "cire_max": 0.8949880689580463,
        "ndre1_max": 0.8993884652537031
    },
    "rsquared": 0.3292685963949864,
    "aic": 65.90620964206522,
    "fvalue": 0.654546354671433,
    "f_pvalue": 0.6209666535689188,
    "mse_model": 106.66930570712582,
    "rmse_model": 10.328083351093069
}