{
    "coefs": {
        "const": 189.2612392920159,
        "ndvi_max": -285.2577403749408,
        "cire_max": 30.999186349747447,
        "ndre_max": 22.70094452829744
    },
    "p_values": {
        "const": 0.310912382472105,
        "ndvi_max": 0.39183005496218903,
        "cire_max": 0.7068764848268849,
        "ndre_max": 0.9791180873930374
    },
    "rsquared": 0.32635877300301597,
    "aic": 65.94084084915477,
    "fvalue": 0.6459596195003012,
    "f_pvalue": 0.6251661774292632,
    "mse_model": 105.7266441707687,
    "rmse_model": 10.282346238615421
}