{
    "coefs": {
        "const": 246.33881799244523,
        "ndvi_max": -649.3806719334757,
        "ndre1_max": 1548.7992850849623,
        "ndre_max": -768.5346581822596
    },
    "p_values": {
        "const": 0.3204537048520309,
        "ndvi_max": 0.3428097396385252,
        "ndre1_max": 0.6024802855604141,
        "ndre_max": 0.716511326265038
    },
    "rsquared": 0.35062830686294355,
    "aic": 65.64730168462023,
    "fvalue": 0.7199334588979687,
    "f_pvalue": 0.59014497023282,
    "mse_model": 113.58896191080775,
    "rmse_model": 10.657812247868122
}