{
    "coefs": {
        "const": -19.251510955594313,
        "ndvi_max": -759.0892700971922,
        "gndvi_max": 1046.4621466858916,
        "ndre_max": -32.94871099934426
    },
    "p_values": {
        "const": 0.8912636842867472,
        "ndvi_max": 0.11014943234357365,
        "gndvi_max": 0.23425681743659377,
        "ndre_max": 0.927165412948955
    },
    "rsquared": 0.5293187589418491,
    "aic": 63.072708283533046,
    "fvalue": 1.499440138445214,
    "f_pvalue": 0.3430073357232523,
    "mse_model": 171.4772229488699,
    "rmse_model": 13.09493119297959
}