{
    "coefs": {
        "const": -999.3452722314214,
        "gndvi_max": 3458.6956126668138,
        "ndre1_max": -8576.577879380759,
        "ndre_max": 5217.473906665877
    },
    "p_values": {
        "const": 0.03671577125593391,
        "gndvi_max": 0.03409677943626741,
        "ndre1_max": 0.025332565832180916,
        "ndre_max": 0.023865844763827363
    },
    "rsquared": 0.7608831641374261,
    "aic": 57.65487781262617,
    "fvalue": 4.2427413438158394,
    "f_pvalue": 0.09823655237996236,
    "mse_model": 246.49444171535367,
    "rmse_model": 15.700141455265735
}