{
    "coefs": {
        "const": 248.7119994734453,
        "gndvi_max": -218.89018485503766,
        "cire_max": 67.03515497120924,
        "ndre_max": -383.1700903338342
    },
    "p_values": {
        "const": 0.3573914383589071,
        "gndvi_max": 0.7248324373312675,
        "cire_max": 0.417176992037265,
        "ndre_max": 0.6302511554717942
    },
    "rsquared": 0.1999828300398374,
    "aic": 67.31632504802229,
    "fvalue": 0.33329756335070615,
    "f_pvalue": 0.8032490536516574,
    "mse_model": 64.786104314989,
    "rmse_model": 8.048981570049033
}