{
    "coefs": {
        "const": 132.12382845662876,
        "gndvi_max": 303.6919615957095,
        "cire_max": 81.1675501284021,
        "ndre1_max": -986.2628128693896
    },
    "p_values": {
        "const": 0.5952521549730436,
        "gndvi_max": 0.7391846440316494,
        "cire_max": 0.263935018479445,
        "ndre1_max": 0.39644835267194656
    },
    "rsquared": 0.30273800456489575,
    "aic": 66.21654937117829,
    "fvalue": 0.5789081799895159,
    "f_pvalue": 0.6592127554631888,
    "mse_model": 98.0744993955027,
    "rmse_model": 9.903257009464244
}