{
    "coefs": {
        "const": 162.2717996628786,
        "cire_max": 61.83625688555799,
        "ndre1_max": -1054.8518260228475,
        "ndre_max": 445.74623499602967
    },
    "p_values": {
        "const": 0.3910602769580476,
        "cire_max": 0.42229131741670983,
        "ndre1_max": 0.4356572374726028,
        "ndre_max": 0.7428652736362096
    },
    "rsquared": 0.30210284341005245,
    "aic": 66.22383354314164,
    "fvalue": 0.577167835418009,
    "f_pvalue": 0.6601264782559189,
    "mse_model": 97.86873364638159,
    "rmse_model": 9.892862762940846
}