{
    "coefs": {
        "const": -156.0642243700122,
        "ndvi_max": -960.6036269658557,
        "gndvi_max": 1569.2731406303037,
        "cire_max": -27.35431746079604
    },
    "p_values": {
        "const": 0.5666679511653937,
        "ndvi_max": 0.11870293115907093,
        "gndvi_max": 0.2080167976440725,
        "cire_max": 0.5727591855959184
    },
    "rsquared": 0.5687718870506153,
    "aic": 62.37235724473159,
    "fvalue": 1.7586110304373863,
    "f_pvalue": 0.29358622007126883,
    "mse_model": 184.25839257577226,
    "rmse_model": 13.574181101479834
}