{
    "coefs": {
        "const": -50.046925078800314,
        "ndvi_max": -762.7100691045723,
        "gndvi_max": 1166.5001967364924,
        "ndre1_max": -131.93083322324355
    },
    "p_values": {
        "const": 0.8022137955926743,
        "ndvi_max": 0.10052630031451353,
        "gndvi_max": 0.2510948493888382,
        "ndre1_max": 0.8216557388652841
    },
    "rsquared": 0.534937995836287,
    "aic": 62.97662544080472,
    "fvalue": 1.5336678867103668,
    "f_pvalue": 0.3358154840047735,
    "mse_model": 173.29762156779717,
    "rmse_model": 13.16425545056754
}