{
    "coefs": {
        "const": -295.44318251555615,
        "gndvi_max": -777.322168636686,
        "cire_max": -123.48393652719304,
        "ndre_max": 2090.246836863688
    },
    "p_values": {
        "const": 0.394919295531476,
        "gndvi_max": 0.5308259709627485,
        "cire_max": 0.19492875154495132,
        "ndre_max": 0.23392322347330563
    },
    "rsquared": 0.4821129577921789,
    "aic": 63.83731675487126,
    "fvalue": 1.2412306635744799,
    "f_pvalue": 0.40520237979768764,
    "mse_model": 156.18451028475795,
    "rmse_model": 12.497380136842999
}