{
    "coefs": {
        "const": -24.211127482600816,
        "ndvi_max": -779.3453771376703,
        "gndvi_max": 1103.126977459849,
        "ndre1_max": -121.46087051200072
    },
    "p_values": {
        "const": 0.9202133828633954,
        "ndvi_max": 0.15344690723148105,
        "gndvi_max": 0.23405657649830336,
        "ndre1_max": 0.8554393159064149
    },
    "rsquared": 0.5560660800879815,
    "aic": 62.60466530755258,
    "fvalue": 1.6701166702112968,
    "f_pvalue": 0.3092215769839995,
    "mse_model": 180.14224052850236,
    "rmse_model": 13.421707809682879
}