{
    "coefs": {
        "const": -39.783344708713344,
        "gndvi_max": -97.69128124872657,
        "ndre1_max": -1579.5233315233436,
        "ndre_max": 1607.2308436222684
    },
    "p_values": {
        "const": 0.8933414358717844,
        "gndvi_max": 0.9337088694662297,
        "ndre1_max": 0.30476063681612675,
        "ndre_max": 0.3534522996008359
    },
    "rsquared": 0.3825780979223429,
    "aic": 65.24368021800304,
    "fvalue": 0.8261840547712944,
    "f_pvalue": 0.5442083189727781,
    "mse_model": 123.939362972759,
    "rmse_model": 11.132805709827105
}