{
    "coefs": {
        "const": -221.41841761454737,
        "ndvi_max": -576.9836776612565,
        "cire_max": -105.02602054547418,
        "ndre_max": 1744.1641828475567
    },
    "p_values": {
        "const": 0.38201549610317437,
        "ndvi_max": 0.11908229198185825,
        "cire_max": 0.11848697669253393,
        "ndre_max": 0.057264040962534034
    },
    "rsquared": 0.707447900421099,
    "aic": 59.26840168115345,
    "fvalue": 3.224259434766883,
    "f_pvalue": 0.1438485060719163,
    "mse_model": 229.1836427405852,
    "rmse_model": 15.13881246137177
}