{
    "coefs": {
        "const": 88.6793053419982,
        "ndvi_max": -377.4125478801998,
        "ndre1_max": -845.7813194754217,
        "ndre_max": 1160.2396686272368
    },
    "p_values": {
        "const": 0.6983323795838197,
        "ndvi_max": 0.48994795200583896,
        "ndre1_max": 0.6185366357842698,
        "ndre_max": 0.39798593060897225
    },
    "rsquared": 0.45930502279220964,
    "aic": 64.18210198427661,
    "fvalue": 1.1326287886357234,
    "f_pvalue": 0.4362579557654519,
    "mse_model": 148.79568967539294,
    "rmse_model": 12.19818386791218
}