{
    "coefs": {
        "const": -166.38960315295793,
        "ndvi_max": -1121.7058318241852,
        "cire_max": -167.612082361915,
        "ndre1_max": 3176.64544597041
    },
    "p_values": {
        "const": 0.4987314403244531,
        "ndvi_max": 0.06515961956872683,
        "cire_max": 0.10769374893791661,
        "ndre1_max": 0.06964773667512619
    },
    "rsquared": 0.6800102491648821,
    "aic": 59.98557126204447,
    "fvalue": 2.833466790275513,
    "f_pvalue": 0.1700911577864278,
    "mse_model": 220.2949869690399,
    "rmse_model": 14.84233765176631
}