{
    "coefs": {
        "const": -250.79101576938575,
        "gndvi_max": 546.2520374126549,
        "cire_max": -29.058168475183038,
        "ndre1_max": 34.298236431744954
    },
    "p_values": {
        "const": 0.5629365136134301,
        "gndvi_max": 0.6146177659208663,
        "cire_max": 0.7915067529311158,
        "ndre1_max": 0.9848112240724501
    },
    "rsquared": 0.2281949342851327,
    "aic": 67.02911562963331,
    "fvalue": 0.3942185998719287,
    "f_pvalue": 0.7647922703640537,
    "mse_model": 73.92565058612111,
    "rmse_model": 8.598002709125016
}