{
    "coefs": {
        "const": -49.275107824415784,
        "ndvi_max": -829.3413913111568,
        "gndvi_max": 1292.7804637231297,
        "ndre_max": -212.76585221982396
    },
    "p_values": {
        "const": 0.843996167710787,
        "ndvi_max": 0.1311965271376652,
        "gndvi_max": 0.31873176188539737,
        "ndre_max": 0.7778840242492031
    },
    "rsquared": 0.5618512619887168,
    "aic": 62.49972702677038,
    "fvalue": 1.709773305259786,
    "f_pvalue": 0.30206814450541647,
    "mse_model": 182.01639841509473,
    "rmse_model": 13.491345315241722
}