{
    "coefs": {
        "const": -311.57301917421137,
        "cire_max": -69.93699391143642,
        "ndre1_max": -908.6256281705566,
        "ndre_max": 1726.2894017215199
    },
    "p_values": {
        "const": 0.3688842256044565,
        "cire_max": 0.4543202890813505,
        "ndre1_max": 0.5696536549449587,
        "ndre_max": 0.20559787236623311
    },
    "rsquared": 0.47184498179631096,
    "aic": 63.994378214506995,
    "fvalue": 1.191178007803102,
    "f_pvalue": 0.4191107145717434,
    "mse_model": 152.85811389442992,
    "rmse_model": 12.363580140656262
}