{
    "coefs": {
        "const": -211.38136327482368,
        "ndvi_max": -818.8805826716543,
        "gndvi_max": 1462.635061406452,
        "cire_max": -30.865658658396484
    },
    "p_values": {
        "const": 0.4641422107723618,
        "ndvi_max": 0.10576449216679376,
        "gndvi_max": 0.0963841205081022,
        "cire_max": 0.4114691447931273
    },
    "rsquared": 0.6295864937311346,
    "aic": 61.15621925784812,
    "fvalue": 2.2662474345599692,
    "f_pvalue": 0.22288249008107608,
    "mse_model": 203.95979119831546,
    "rmse_model": 14.281449198114155
}