{
    "coefs": {
        "const": -48.50818946796238,
        "ndvi_max": -1017.6567626127921,
        "gndvi_max": 1628.8177474151653,
        "ndre1_max": 589.5556375909073,
        "ndre_max": -848.995068771248
    },
    "p_values": {
        "const": 0.8679642513765204,
        "ndvi_max": 0.33371490426435596,
        "gndvi_max": 0.44109943323431317,
        "ndre1_max": 0.8132531244742304,
        "ndre_max": 0.7651486348674381
    },
    "rsquared": 0.5713455176101288,
    "aic": 64.32446906542117,
    "fvalue": 0.999660929283967,
    "f_pvalue": 0.5211673882740158,
    "mse_model": 138.81910623183597,
    "rmse_model": 11.782152020400856
}