{
    "coefs": {
        "const": -248.0379139769435,
        "ndvi_max": -673.132828821848,
        "gndvi_max": 450.3234061517355,
        "cire_max": -91.52816928816475,
        "ndre_max": 1331.3230032433585
    },
    "p_values": {
        "const": 0.41856052895736345,
        "ndvi_max": 0.20878046497300096,
        "gndvi_max": 0.7391183241130574,
        "cire_max": 0.28413267807078657,
        "ndre_max": 0.39785343529878997
    },
    "rsquared": 0.7199073182833852,
    "aic": 60.92022396515635,
    "fvalue": 1.9276850983875984,
    "f_pvalue": 0.3083095300438193,
    "mse_model": 174.91498123916625,
    "rmse_model": 13.22554275782912
}