{
    "coefs": {
        "const": -245.02861925303165,
        "gndvi_max": -665.0677457129887,
        "cire_max": -96.68399100870107,
        "ndre1_max": -743.5581797880991,
        "ndre_max": 2372.4052978056197
    },
    "p_values": {
        "const": 0.5496514587910732,
        "gndvi_max": 0.6423469666935713,
        "cire_max": 0.4327823290346201,
        "ndre1_max": 0.6840738668603692,
        "ndre_max": 0.27536992216802475
    },
    "rsquared": 0.5146836704655666,
    "aic": 65.31766676231848,
    "fvalue": 0.7953838133150788,
    "f_pvalue": 0.5991110436089837,
    "mse_model": 125.05204805843064,
    "rmse_model": 11.182667305183976
}