{
    "coefs": {
        "const": -374.46838067507895,
        "ndvi_max": -1315.102286026458,
        "gndvi_max": 1054.2441196595923,
        "cire_max": -162.9608333386277,
        "ndre1_max": 2426.967703366467
    },
    "p_values": {
        "const": 0.13613599096867515,
        "ndvi_max": 0.027889771425459686,
        "gndvi_max": 0.11374517901887067,
        "cire_max": 0.06667877385285784,
        "ndre1_max": 0.08937760503675582
    },
    "rsquared": 0.8784686047289897,
    "aic": 54.24064054247208,
    "fvalue": 5.421244873207692,
    "f_pvalue": 0.09819525254897009,
    "mse_model": 213.4404188052467,
    "rmse_model": 14.609600227427398
}