{
    "coefs": {
        "const": -268.7731849689734,
        "ndvi_max": -937.9951888555065,
        "cire_max": -164.49168283743916,
        "ndre1_max": 1773.179709563783,
        "ndre_max": 1096.8552089766895
    },
    "p_values": {
        "const": 0.3203644147679256,
        "ndvi_max": 0.12488474679854514,
        "cire_max": 0.12007303190750855,
        "ndre1_max": 0.3644282779837319,
        "ndre_max": 0.3047212009649083
    },
    "rsquared": 0.7878680127681996,
    "aic": 58.696928826765884,
    "fvalue": 2.7855346913356436,
    "f_pvalue": 0.21316926116335091,
    "mse_model": 191.4273062272735,
    "rmse_model": 13.835725721019244
}