{
    "coefs": {
        "const": 728.3007852840165,
        "ndvi_mean": 883.7481125964127,
        "gndvi_mean": 1097.89150305994,
        "cire_mean": 564.4247379787118,
        "ndre1_mean": -259.1982835347744,
        "ndre_mean": -5427.694620347571,
        "ndmi_mean": -32.19172269122464,
        "msi_mean": -418.219042544923
    },
    "p_values": {
        "const": 0.3645654970141037,
        "ndvi_mean": 0.5705329041736438,
        "gndvi_mean": 0.5739972117817507,
        "cire_mean": 0.2011632250816513,
        "ndre1_mean": 0.9502293458585067,
        "ndre_mean": 0.36115451831660705,
        "ndmi_mean": 0.9696232071413691,
        "msi_mean": 0.4580758614943141
    },
    "rsquared": 0.9537046084174645,
    "aic": 62.77819095447101,
    "fvalue": 5.885834889000304,
    "f_pvalue": 0.15287288251954645,
    "mse_model": 185.29118106396453,
    "rmse_model": 13.61217032893596
}