{
    "coefs": {
        "const": 65.09089249281533,
        "ndvi_mean": 173.36220640894226,
        "gndvi_mean": 149.81378131922065,
        "cire_mean": 142.3512052612821,
        "ndre1_mean": 106.53138553180088,
        "ndre_mean": -1054.4165759369998,
        "ndmi_mean": 134.6826411706335,
        "msi_mean": -19.120464333961877
    },
    "p_values": {
        "const": 0.9207533020728447,
        "ndvi_mean": 0.9259255665829526,
        "gndvi_mean": 0.9173207687247339,
        "cire_mean": 0.6483665444804574,
        "ndre1_mean": 0.9826236910708943,
        "ndre_mean": 0.7893369327504082,
        "ndmi_mean": 0.887240624365334,
        "msi_mean": 0.9698826354538588
    },
    "rsquared": 0.8817572499050246,
    "aic": 72.15516388676703,
    "fvalue": 2.1306223225326724,
    "f_pvalue": 0.35624348523230853,
    "mse_model": 171.31283712440475,
    "rmse_model": 13.088652991213602
}