{
    "coefs": {
        "const": -589.9761408797985,
        "gndvi_mean": 816.8425759960658,
        "ndmi_mean": -124.0785485118729,
        "msi_mean": 283.27042692273557
    },
    "p_values": {
        "const": 0.024044334028332313,
        "gndvi_mean": 0.014449056796528057,
        "ndmi_mean": 0.6210532893100253,
        "msi_mean": 0.0816165299521346
    },
    "rsquared": 0.841991437686273,
    "aic": 54.34045331626115,
    "fvalue": 7.105027941582847,
    "f_pvalue": 0.04426889326665792,
    "mse_model": 272.77014283378224,
    "rmse_model": 16.515754382824365
}