{
    "coefs": {
        "const": -200.32798766374185,
        "gndvi_mean": 547.6079268259903,
        "cire_mean": 29.34900725938001,
        "ndmi_mean": -581.8320538193773
    },
    "p_values": {
        "const": 0.19761086384190893,
        "gndvi_mean": 0.16346153941392008,
        "cire_mean": 0.3620557717950889,
        "ndmi_mean": 0.03809564743436955
    },
    "rsquared": 0.7076053451841731,
    "aic": 59.264095107519026,
    "fvalue": 3.2267135463648304,
    "f_pvalue": 0.1437032557117121,
    "mse_model": 229.23464828362273,
    "rmse_model": 15.140496962901276
}