{
    "coefs": {
        "const": -1124.2958371952934,
        "ndvi_mean": 1457.9353888345524,
        "ndmi_mean": -550.2959164395943,
        "msi_mean": 482.13557554175543
    },
    "p_values": {
        "const": 0.01471003628464348,
        "ndvi_mean": 0.015127501531516643,
        "ndmi_mean": 0.13348711119937534,
        "msi_mean": 0.026744453416915007
    },
    "rsquared": 0.8384593577469389,
    "aic": 54.51731365548508,
    "fvalue": 6.920523496359119,
    "f_pvalue": 0.04620873222841265,
    "mse_model": 271.6258961034354,
    "rmse_model": 16.481076909699663
}