{
    "coefs": {
        "const": -493.00276898363074,
        "cire_mean": -113.24855602521001,
        "ndre1_mean": 2726.6389055867885,
        "ndmi_mean": -1412.2524281530432
    },
    "p_values": {
        "const": 0.05568342854607316,
        "cire_mean": 0.1507011745365135,
        "ndre1_mean": 0.04981484986986177,
        "ndmi_mean": 0.022871311877437975
    },
    "rsquared": 0.8278399957205722,
    "aic": 55.02665394356529,
    "fvalue": 6.411400055318539,
    "f_pvalue": 0.0522733417969462,
    "mse_model": 268.1856652803104,
    "rmse_model": 16.376375217987356
}