{
    "coefs": {
        "const": -258.27715972081967,
        "gndvi_mean": 349.17443345548736,
        "ndre_mean": 564.8640058898188,
        "ndmi_mean": -734.5640666210066
    },
    "p_values": {
        "const": 0.06700380093670953,
        "gndvi_mean": 0.3641364514333286,
        "ndre_mean": 0.19450341194129622,
        "ndmi_mean": 0.022684439399340187
    },
    "rsquared": 0.7698259541669192,
    "aic": 57.34994547906058,
    "fvalue": 4.459384644523516,
    "f_pvalue": 0.0913525805780425,
    "mse_model": 249.39153306865822,
    "rmse_model": 15.792135164969245
}