{
    "coefs": {
        "const": -1439.8232415568145,
        "ndvi_mean": 1775.0115690158154,
        "ndre_mean": -438.9286456528125,
        "msi_mean": 766.3835421211272
    },
    "p_values": {
        "const": 0.06673701809972958,
        "ndvi_mean": 0.11181265745612617,
        "ndre_mean": 0.39358739977377816,
        "msi_mean": 0.051391569744268416
    },
    "rsquared": 0.7523981075647007,
    "aic": 57.93383700009045,
    "fvalue": 4.051655126242943,
    "f_pvalue": 0.1049720743720119,
    "mse_model": 243.7456369298145,
    "rmse_model": 15.61235526529596
}