{
    "coefs": {
        "const": 98.00439481499984,
        "cire_mean": 64.26394759110596,
        "ndmi_mean": -540.9522689102168,
        "msi_mean": -82.59402757262274
    },
    "p_values": {
        "const": 0.7286667535638645,
        "cire_mean": 0.17225921948222608,
        "ndmi_mean": 0.42691290292271133,
        "msi_mean": 0.7747693569180436
    },
    "rsquared": 0.5067496555345689,
    "aic": 63.44739427500926,
    "fvalue": 1.3698240963454176,
    "f_pvalue": 0.3723632425529133,
    "mse_model": 164.1657738242197,
    "rmse_model": 12.812719220533154
}