{
    "coefs": {
        "const": -795.2744855658977,
        "cire_mean": -133.44404711385926,
        "ndre_mean": 1762.7903831297012,
        "msi_mean": 419.7714364118806
    },
    "p_values": {
        "const": 0.15965312416338737,
        "cire_mean": 0.3151245192690726,
        "ndre_mean": 0.21005312276731183,
        "msi_mean": 0.10052898194305229
    },
    "rsquared": 0.6212222494278956,
    "aic": 61.33485651273408,
    "fvalue": 2.186760788666894,
    "f_pvalue": 0.23217418463891143,
    "mse_model": 201.2501245542453,
    "rmse_model": 14.186265349070744
}