{
    "coefs": {
        "const": -1563.1715332725794,
        "ndvi_mean": 2023.6199345221467,
        "ndre1_mean": -699.9092651903311,
        "msi_mean": 806.7663260091526
    },
    "p_values": {
        "const": 0.04154662616512148,
        "ndvi_mean": 0.0703971028679635,
        "ndre1_mean": 0.25457002325834366,
        "msi_mean": 0.030283250827485557
    },
    "rsquared": 0.789070867998918,
    "aic": 56.65143720705228,
    "fvalue": 4.987905087761074,
    "f_pvalue": 0.07730151142107383,
    "mse_model": 255.62608327881617,
    "rmse_model": 15.988310832568153
}