{
    "coefs": {
        "const": -662.2198333015992,
        "gndvi_mean": 987.1512857253183,
        "ndre_mean": -192.5201985161002,
        "msi_mean": 336.38566145012896
    },
    "p_values": {
        "const": 0.012119563302939094,
        "gndvi_mean": 0.03487710865557952,
        "ndre_mean": 0.4624784894844637,
        "msi_mean": 0.008743409775986479
    },
    "rsquared": 0.8546345960263589,
    "aic": 53.67326432796284,
    "fvalue": 7.838954548693295,
    "f_pvalue": 0.037645359733985174,
    "mse_model": 276.8659993377059,
    "rmse_model": 16.639290830372126
}