{
    "coefs": {
        "const": 9.778756851815729,
        "gndvi_mean": 807.9501157894033,
        "cire_mean": 112.32545456855262,
        "ndre1_mean": -1653.7106587207995
    },
    "p_values": {
        "const": 0.9374845727209138,
        "gndvi_mean": 0.20046806339372206,
        "cire_mean": 0.12171698168203689,
        "ndre1_mean": 0.10214232217581816
    },
    "rsquared": 0.5408835113703505,
    "aic": 62.87369125472787,
    "fvalue": 1.5707952840313082,
    "f_pvalue": 0.32825936768547165,
    "mse_model": 175.22372087101976,
    "rmse_model": 13.237209708659138
}