{
    "coefs": {
        "const": -326.5246903025991,
        "ndvi_mean": 368.29052769429563,
        "ndre1_mean": 913.1939782755919,
        "ndmi_mean": -1044.214592631422
    },
    "p_values": {
        "const": 0.1528417020959071,
        "ndvi_mean": 0.45027924652819995,
        "ndre1_mean": 0.07558573171207342,
        "ndmi_mean": 0.04805273747577551
    },
    "rsquared": 0.7381003795563814,
    "aic": 58.3829499470877,
    "fvalue": 3.757675699344405,
    "f_pvalue": 0.11676287789780927,
    "mse_model": 239.11376879378608,
    "rmse_model": 15.463303941712653
}