{
    "coefs": {
        "const": -770.8631089149758,
        "gndvi_mean": 1063.586213342593,
        "cire_mean": -26.570017805162564,
        "msi_mean": 374.21861271677164
    },
    "p_values": {
        "const": 0.010017371504417899,
        "gndvi_mean": 0.015488914926528981,
        "cire_mean": 0.2445832192877423,
        "msi_mean": 0.005536312573184991
    },
    "rsquared": 0.8843814025689039,
    "aic": 51.84163409476392,
    "fvalue": 10.19883677561427,
    "f_pvalue": 0.024076421920756732,
    "mse_model": 286.5027252072178,
    "rmse_model": 16.926391381721558
}