{
    "coefs": {
        "const": 2.3835272263970637,
        "ndvi_mean": -1050.5116750870561,
        "gndvi_mean": 1169.4519416878934,
        "ndre_mean": 137.8712758293791
    },
    "p_values": {
        "const": 0.9782086948551827,
        "ndvi_mean": 0.0426389092076075,
        "gndvi_mean": 0.0841152639060367,
        "ndre_mean": 0.7232444661889789
    },
    "rsquared": 0.689919519986631,
    "aic": 59.73391454277524,
    "fvalue": 2.9666256104732773,
    "f_pvalue": 0.16040264976273452,
    "mse_model": 223.5051778290023,
    "rmse_model": 14.950089559230149
}