{
    "coefs": {
        "const": -1510.2687573632202,
        "ndvi_mean": 1664.2053100071437,
        "cire_mean": -38.904616892538726,
        "msi_mean": 788.1717459422082
    },
    "p_values": {
        "const": 0.05491531236276845,
        "ndvi_mean": 0.06741637017732602,
        "cire_mean": 0.3238065609520901,
        "msi_mean": 0.040550743995896546
    },
    "rsquared": 0.768937936991372,
    "aic": 57.380750292673504,
    "fvalue": 4.437122084454336,
    "f_pvalue": 0.09202620348379509,
    "mse_model": 249.10385250449656,
    "rmse_model": 15.783024187540757
}