{
    "coefs": {
        "const": 4.394846260160421,
        "ndvi_mean": -1068.5943120214315,
        "gndvi_mean": 1200.8097534815524,
        "ndre1_mean": 143.01816253529614
    },
    "p_values": {
        "const": 0.9656326744485882,
        "ndvi_mean": 0.05220389919325556,
        "gndvi_mean": 0.07105599888448083,
        "ndre1_mean": 0.7685676599512175
    },
    "rsquared": 0.6864969930485805,
    "aic": 59.821731141548206,
    "fvalue": 2.9196827582792966,
    "f_pvalue": 0.1637223708173935,
    "mse_model": 222.39642170636307,
    "rmse_model": 14.912961533725053
}