{
    "coefs": {
        "const": -6.520034826845119,
        "ndvi_mean": -1001.8347783422846,
        "gndvi_mean": 1222.9902560380933,
        "cire_mean": 4.907397614631648
    },
    "p_values": {
        "const": 0.9503367123864521,
        "ndvi_mean": 0.04593862022100267,
        "gndvi_mean": 0.08182979731123649,
        "cire_mean": 0.8773007375946044
    },
    "rsquared": 0.6808835795461545,
    "aic": 59.96370745376741,
    "fvalue": 2.844870130584551,
    "f_pvalue": 0.1692278813129972,
    "mse_model": 220.57790962380628,
    "rmse_model": 14.851865526721088
}