{
    "coefs": {
        "const": -112.7825664324937,
        "ndre1_mean": -5321.504285787444,
        "ndre_mean": 4814.179162384663,
        "msi_mean": 1.5926580447053311
    },
    "p_values": {
        "const": 0.6507871837718802,
        "ndre1_mean": 0.32622534748951576,
        "ndre_mean": 0.28767604563055926,
        "msi_mean": 0.9945883742366515
    },
    "rsquared": 0.6163722190424554,
    "aic": 61.436641625478316,
    "fvalue": 2.142257850405498,
    "f_pvalue": 0.23762804318490735,
    "mse_model": 199.67891679396212,
    "rmse_model": 14.130779058281327
}