{
    "coefs": {
        "const": -568.6994010962105,
        "cire_mean": -145.26474182415106,
        "ndre_mean": 2509.3620280926234,
        "ndmi_mean": -1252.5219308276323
    },
    "p_values": {
        "const": 0.01525993336676114,
        "cire_mean": 0.043437798635664014,
        "ndre_mean": 0.01357894858229164,
        "ndmi_mean": 0.0051731726457456976
    },
    "rsquared": 0.9070750018206701,
    "aic": 50.0936011016431,
    "fvalue": 13.015155872555273,
    "f_pvalue": 0.015680141418056407,
    "mse_model": 293.8545057981546,
    "rmse_model": 17.142184977363726
}