{
    "coefs": {
        "const": -237.20181303952916,
        "cire_mean": -56.84694081607934,
        "ndre1_mean": -6885.366271629639,
        "ndre_mean": 6632.048801107445
    },
    "p_values": {
        "const": 0.28525170540811334,
        "cire_mean": 0.5188288523786224,
        "ndre1_mean": 0.07953125693528644,
        "ndre_mean": 0.10010825962481766
    },
    "rsquared": 0.6589335883521852,
    "aic": 60.49587724001219,
    "fvalue": 2.5759737335558373,
    "f_pvalue": 0.19146422271237024,
    "mse_model": 213.46702705992666,
    "rmse_model": 14.610510841853774
}