{
    "coefs": {
        "const": -642.3739173727299,
        "ndvi_mean": 32.38770513084728,
        "gndvi_mean": 753.9545005016785,
        "msi_mean": 344.5398295219959
    },
    "p_values": {
        "const": 0.1245906042812002,
        "ndvi_mean": 0.959870416606921,
        "gndvi_mean": 0.14868331985709907,
        "msi_mean": 0.13081049298942932
    },
    "rsquared": 0.8308092806971512,
    "aic": 54.88747229061421,
    "fvalue": 6.547319570249911,
    "f_pvalue": 0.050542668552894285,
    "mse_model": 269.1475898925146,
    "rmse_model": 16.405718207153097
}