{
    "coefs": {
        "const": -257.01141783260346,
        "gndvi_mean": 353.7744092820303,
        "ndre1_mean": 696.0904323807076,
        "ndmi_mean": -794.5645304374774
    },
    "p_values": {
        "const": 0.07569177186579225,
        "gndvi_mean": 0.39137708510382657,
        "ndre1_mean": 0.23874764654817884,
        "ndmi_mean": 0.032172495125183484
    },
    "rsquared": 0.7499771519509311,
    "aic": 58.01167797597985,
    "fvalue": 3.999512619495969,
    "f_pvalue": 0.10692985335767355,
    "mse_model": 242.96134818410368,
    "rmse_model": 15.587217461243803
}