{
    "coefs": {
        "const": 142.70289393991783,
        "ndvi_mean": 162.6564859473192,
        "cire_mean": 103.68915531301604,
        "ndre1_mean": -1021.2369218081003
    },
    "p_values": {
        "const": 0.27667129806379354,
        "ndvi_mean": 0.9115235775168569,
        "cire_mean": 0.6106287028529055,
        "ndre1_mean": 0.7567672280337032
    },
    "rsquared": 0.2743056737531918,
    "aic": 66.53629063240598,
    "fvalue": 0.5039875400833724,
    "f_pvalue": 0.6999488517729533,
    "mse_model": 88.86360889296111,
    "rmse_model": 9.426749646243985
}