{
    "coefs": {
        "const": 113.11124435768323,
        "ndvi_mean": -711.7212331019073,
        "cire_mean": -38.47942243427269,
        "ndre_mean": 1043.0316181592507
    },
    "p_values": {
        "const": 0.46841990795117294,
        "ndvi_mean": 0.4941187916803274,
        "cire_mean": 0.8395624928794685,
        "ndre_mean": 0.6659003262472628
    },
    "rsquared": 0.29263624350144024,
    "aic": 66.3316198541461,
    "fvalue": 0.5515997312801462,
    "f_pvalue": 0.6737280206004032,
    "mse_model": 94.80194971765407,
    "rmse_model": 9.736629279050018
}