{
    "coefs": {
        "const": -650.8871455842808,
        "gndvi_mean": 982.0205646416043,
        "ndre1_mean": -231.90456489103735,
        "msi_mean": 325.4132008711782
    },
    "p_values": {
        "const": 0.011608674031470817,
        "gndvi_mean": 0.030802755820797556,
        "ndre1_mean": 0.4457154409571431,
        "msi_mean": 0.010126503223821857
    },
    "rsquared": 0.8563309048401775,
    "aic": 53.57936116857921,
    "fvalue": 7.947252250156888,
    "f_pvalue": 0.0367950814968156,
    "mse_model": 277.4155327138492,
    "rmse_model": 16.655795769456624
}