{
    "coefs": {
        "const": -386.1985898116794,
        "ndvi_mean": 791.9506686310988,
        "ndre1_mean": -10207.308933515844,
        "ndre_mean": 8374.939454955198
    },
    "p_values": {
        "const": 0.12448288861443171,
        "ndvi_mean": 0.21979451647234136,
        "ndre1_mean": 0.05295640308272628,
        "ndre_mean": 0.04388020405893687
    },
    "rsquared": 0.7489389562595183,
    "aic": 58.04482842264975,
    "fvalue": 3.977460063636614,
    "f_pvalue": 0.10777428498129074,
    "mse_model": 242.62501603823978,
    "rmse_model": 15.57642500826938
}