{
    "coefs": {
        "const": -178.03228225701739,
        "ndre1_mean": -1220.4473211685236,
        "ndre_mean": 1780.557222312551,
        "ndmi_mean": -577.3384920092362
    },
    "p_values": {
        "const": 0.10931072151628797,
        "ndre1_mean": 0.7712185862998543,
        "ndre_mean": 0.5910749769634756,
        "ndmi_mean": 0.300427437091935
    },
    "rsquared": 0.7164671732328707,
    "aic": 59.017882789161774,
    "fvalue": 3.3692379651513553,
    "f_pvalue": 0.13562838055353826,
    "mse_model": 232.1055113285654,
    "rmse_model": 15.235009397061933
}