{
    "coefs": {
        "const": -153.68073271841672,
        "ndre1_mean": 1101.752760366263,
        "ndmi_mean": -920.4236433514352,
        "msi_mean": -42.63983403356542
    },
    "p_values": {
        "const": 0.4279022788994142,
        "ndre1_mean": 0.057590245516252414,
        "ndmi_mean": 0.1611607583581816,
        "msi_mean": 0.8328152082814813
    },
    "rsquared": 0.6962143606474218,
    "aic": 59.56983808071093,
    "fvalue": 3.0557264529518453,
    "f_pvalue": 0.1543708970869645,
    "mse_model": 225.544443918071,
    "rmse_model": 15.01813716537677
}