{
    "coefs": {
        "const": 100.85273026185808,
        "gndvi_mean": 699.6541493445629,
        "cire_mean": 128.00707668183645,
        "ndre_mean": -1510.6650894201575
    },
    "p_values": {
        "const": 0.48014954555097344,
        "gndvi_mean": 0.3394397722544087,
        "cire_mean": 0.20674093183083894,
        "ndre_mean": 0.20982513810292147
    },
    "rsquared": 0.3759747184783848,
    "aic": 65.32878659138142,
    "fvalue": 0.8033322358598741,
    "f_pvalue": 0.5536743726950771,
    "mse_model": 121.80014317372677,
    "rmse_model": 11.036310215544267
}