{
    "coefs": {
        "const": -347.56485100230157,
        "ndvi_mean": 415.8661365507387,
        "ndre_mean": 722.1274719143682,
        "ndmi_mean": -997.5577852810848
    },
    "p_values": {
        "const": 0.11538851335632849,
        "ndvi_mean": 0.35830524890188353,
        "ndre_mean": 0.05627544223066665,
        "ndmi_mean": 0.04338654046816799
    },
    "rsquared": 0.7711338579624971,
    "aic": 57.30435792940889,
    "fvalue": 4.492488352055363,
    "f_pvalue": 0.09036446385096676,
    "mse_model": 249.815239402434,
    "rmse_model": 15.805544577850965
}