{
    "coefs": {
        "const": -241.13599714112445,
        "gndvi_mean": 569.977807344033,
        "ndre1_mean": -6126.003908114088,
        "ndre_mean": 5053.861358899474
    },
    "p_values": {
        "const": 0.07535284710070621,
        "gndvi_mean": 0.18505834505779512,
        "ndre1_mean": 0.023489413618027515,
        "ndre_mean": 0.027976222536672903
    },
    "rsquared": 0.7659679928306993,
    "aic": 57.48292263914841,
    "fvalue": 4.3638930822346405,
    "f_pvalue": 0.09429510309405895,
    "mse_model": 248.14171434411196,
    "rmse_model": 15.752514540355516
}