{
    "coefs": {
        "const": -702.6086905028394,
        "cire_mean": -95.87804226065555,
        "ndre1_mean": 1664.9298861846682,
        "msi_mean": 427.3754402812823
    },
    "p_values": {
        "const": 0.2865352805581222,
        "cire_mean": 0.5039311114927385,
        "ndre1_mean": 0.35935833399994255,
        "msi_mean": 0.20690019235687446
    },
    "rsquared": 0.5349335132319086,
    "aic": 62.976702550226435,
    "fvalue": 1.5336402527427784,
    "f_pvalue": 0.3358212017584775,
    "mse_model": 173.29616939075376,
    "rmse_model": 13.16420029438757
}