{
    "coefs": {
        "const": -284.3553812197017,
        "ndvi_mean": 656.0611866004365,
        "cire_mean": 49.016244727808385,
        "ndmi_mean": -909.1351486063645
    },
    "p_values": {
        "const": 0.24680418585449995,
        "ndvi_mean": 0.22090924200664222,
        "cire_mean": 0.12811110522784086,
        "ndmi_mean": 0.08878863443768678
    },
    "rsquared": 0.6689658515028474,
    "aic": 60.25703183068585,
    "fvalue": 2.694448511489851,
    "f_pvalue": 0.1811629034985458,
    "mse_model": 216.7170623097766,
    "rmse_model": 14.72131319922841
}