{
    "coefs": {
        "const": -126.08978494166274,
        "ndre_mean": 901.4511353044877,
        "ndmi_mean": -893.4222670237859,
        "msi_mean": -76.23833435710617
    },
    "p_values": {
        "const": 0.49214316519774365,
        "ndre_mean": 0.04780277856063368,
        "ndmi_mean": 0.1469183410365296,
        "msi_mean": 0.7032054629921942
    },
    "rsquared": 0.7212841156048606,
    "aic": 58.880802948633374,
    "fvalue": 3.4505107458331343,
    "f_pvalue": 0.13132285872415855,
    "mse_model": 233.66599995115794,
    "rmse_model": 15.286137509232276
}