{
    "coefs": {
        "const": -88.3855561911787,
        "ndvi_mean": -758.4607928259566,
        "gndvi_mean": 1159.1320639505464,
        "ndmi_mean": -154.9160210122718
    },
    "p_values": {
        "const": 0.7271949625261639,
        "ndvi_mean": 0.4478090066963372,
        "gndvi_mean": 0.11360783989457734,
        "ndmi_mean": 0.7779473919829804
    },
    "rsquared": 0.6858703424361693,
    "aic": 59.837706111777024,
    "fvalue": 2.911198506397215,
    "f_pvalue": 0.16433324592722798,
    "mse_model": 222.19341301838404,
    "rmse_model": 14.906153528606367
}