{
    "coefs": {
        "const": -70.07864427837076,
        "ndvi_mean": -450.0500512632825,
        "gndvi_mean": 491.0171313644677,
        "cire_mean": -23.013816503792537,
        "ndre1_mean": 465.21143692617227,
        "msi_mean": 28.353731732836692
    },
    "p_values": {
        "const": 0.6930067926106374,
        "ndvi_mean": 0.4829077193889101,
        "gndvi_mean": 0.1558580180156106,
        "cire_mean": 0.762942560983279,
        "ndre1_mean": 0.6550652322396122,
        "msi_mean": 0.7692264078746723
    },
    "rsquared": 0.23815758840513568,
    "aic": 250.46168325856178,
    "fvalue": 1.5630370847073827,
    "f_pvalue": 0.206875676650342,
    "mse_model": 248.6826173120723,
    "rmse_model": 15.769673976086896
}