{
    "coefs": {
        "const": -70.95069709337211,
        "ndvi_mean": -586.2818995563741,
        "gndvi_mean": 182.40309333352184,
        "cire_mean": -80.79998261192958,
        "ndre_mean": 1187.5639832419547,
        "msi_mean": 40.162391516582495
    },
    "p_values": {
        "const": 0.6762608473803045,
        "ndvi_mean": 0.13844373141921762,
        "gndvi_mean": 0.5545423983473209,
        "cire_mean": 0.20686815384283025,
        "ndre_mean": 0.13369852399582768,
        "msi_mean": 0.6656731054738598
    },
    "rsquared": 0.29927171987192325,
    "aic": 247.86947779809157,
    "fvalue": 2.1354334366041523,
    "f_pvalue": 0.09424583781975385,
    "mse_model": 312.49759910497266,
    "rmse_model": 17.677601621967067
}