{
    "coefs": {
        "const": 58.82205062297476,
        "gndvi_mean": -246.38449297850616,
        "ndre1_mean": -1389.2974260403746,
        "ndre_mean": 1692.64138920706,
        "ndmi_mean": -222.92351762813337,
        "msi_mean": -60.86510679106004
    },
    "p_values": {
        "const": 0.8284700378686249,
        "gndvi_mean": 0.6237011413340616,
        "ndre1_mean": 0.12785514720543562,
        "ndre_mean": 0.15981368398827311,
        "ndmi_mean": 0.6643364206361484,
        "msi_mean": 0.7825157278362711
    },
    "rsquared": 0.2998641658432395,
    "aic": 247.8432570875766,
    "fvalue": 2.141471348944696,
    "f_pvalue": 0.0934702162091905,
    "mse_model": 313.1162273659891,
    "rmse_model": 17.695090487646258
}