{
    "coefs": {
        "const": -30.25160067059809,
        "gndvi_mean": -272.2914186981736,
        "cire_mean": -28.404828366647937,
        "ndre1_mean": -1327.0978832529759,
        "ndre_mean": 1853.1264406791452,
        "ndmi_mean": -137.16546793445116
    },
    "p_values": {
        "const": 0.6923710582623543,
        "gndvi_mean": 0.48190504552815117,
        "cire_mean": 0.5613513586732719,
        "ndre1_mean": 0.07378420206382029,
        "ndre_mean": 0.07873664942705573,
        "ndmi_mean": 0.49015535232138974
    },
    "rsquared": 0.30728624333307175,
    "aic": 247.5128745660324,
    "fvalue": 2.2179886018982415,
    "f_pvalue": 0.08418866578015206,
    "mse_model": 320.866312796501,
    "rmse_model": 17.91274163260613
}