{
    "coefs": {
        "const": -280.1285490434377,
        "gndvi_mean": 200.13325479789137,
        "cire_mean": -26.014501481319705,
        "ndre_mean": 276.9435932580651,
        "ndmi_mean": 176.48844357910184,
        "msi_mean": 180.39208064410434
    },
    "p_values": {
        "const": 0.23999038622964577,
        "gndvi_mean": 0.6318884848393536,
        "cire_mean": 0.6245308583850293,
        "ndre_mean": 0.7042167706458538,
        "ndmi_mean": 0.711150464726404,
        "msi_mean": 0.35471831521167474
    },
    "rsquared": 0.2378900395949003,
    "aic": 250.47256813049728,
    "fvalue": 1.5607330434865974,
    "f_pvalue": 0.2075291203401263,
    "mse_model": 248.40324457054584,
    "rmse_model": 15.760813575781734
}