{
    "coefs": {
        "const": -21.492719136821172,
        "ndvi_mean": -622.1734412129671,
        "gndvi_mean": 151.23502677443616,
        "cire_mean": -81.08417643905449,
        "ndre_mean": 1267.2473005839643,
        "ndmi_mean": -79.82069453918038
    },
    "p_values": {
        "const": 0.7855641078148519,
        "ndvi_mean": 0.0901703532972871,
        "gndvi_mean": 0.6766076415540174,
        "cire_mean": 0.20629486428606136,
        "ndre_mean": 0.13529334524597605,
        "ndmi_mean": 0.7050238226064907
    },
    "rsquared": 0.29802941887771917,
    "aic": 247.92438814549877,
    "fvalue": 2.1228056195833904,
    "f_pvalue": 0.09588933479981555,
    "mse_model": 311.20039642166995,
    "rmse_model": 17.640872892849433
}