{
    "coefs": {
        "const": -213.86212787861962,
        "ndvi_mean": -250.68383086988894,
        "gndvi_mean": 520.5214381905098,
        "cire_mean": -16.278424300726655,
        "ndmi_mean": 339.35903332080966,
        "msi_mean": 163.1444895485251
    },
    "p_values": {
        "const": 0.39466684788639217,
        "ndvi_mean": 0.4202985206541222,
        "gndvi_mean": 0.10256953293273792,
        "cire_mean": 0.6725927161482392,
        "ndmi_mean": 0.4040195011123727,
        "msi_mean": 0.3956820712044278
    },
    "rsquared": 0.2534449066454987,
    "aic": 249.83330368279303,
    "fvalue": 1.6974293585399898,
    "f_pvalue": 0.17204149447056327,
    "mse_model": 264.6455363907997,
    "rmse_model": 16.267929689754617
}