{
    "coefs": {
        "const": -13.0467013059232,
        "ndvi_mean": -535.05836168009,
        "gndvi_mean": 543.8300680229265,
        "cire_mean": -23.551934724799118,
        "ndre1_mean": 419.8249411916309,
        "ndmi_mean": 31.310145823394407
    },
    "p_values": {
        "const": 0.8738047294690847,
        "ndvi_mean": 0.40399156759720756,
        "gndvi_mean": 0.13721303715005276,
        "cire_mean": 0.7598542085223554,
        "ndre1_mean": 0.687416117606515,
        "ndmi_mean": 0.8786194516579002
    },
    "rsquared": 0.2362041775590088,
    "aic": 250.5410674375508,
    "fvalue": 1.5462520913254754,
    "f_pvalue": 0.21168198513204914,
    "mse_model": 246.64287830919722,
    "rmse_model": 15.70486798127247
}