{
    "coefs": {
        "const": -247.23944755681475,
        "gndvi_mean": 392.0826618854128,
        "cire_mean": 3.004389383664517,
        "ndre1_mean": -254.48195564020705,
        "ndmi_mean": 314.48762240300175,
        "msi_mean": 178.57288926707662
    },
    "p_values": {
        "const": 0.32341311562525277,
        "gndvi_mean": 0.11191425606096629,
        "cire_mean": 0.9509887239625519,
        "ndre1_mean": 0.6166375488138158,
        "ndmi_mean": 0.4423459439784607,
        "msi_mean": 0.35455857093494403
    },
    "rsquared": 0.24119490397850907,
    "aic": 250.3378453440979,
    "fvalue": 1.5893073547023062,
    "f_pvalue": 0.1995648803374334,
    "mse_model": 251.85416263820443,
    "rmse_model": 15.869913756482877
}