{
    "coefs": {
        "const": -115.37109480859363,
        "cire_mean": -18.773597813532035,
        "ndre1_mean": -1047.255802199948,
        "ndre_mean": 1252.2521330747584,
        "ndmi_mean": 35.50591681967626,
        "msi_mean": 63.59073745200868
    },
    "p_values": {
        "const": 0.5881959790410931,
        "cire_mean": 0.7033693679189108,
        "ndre1_mean": 0.13689013855644322,
        "ndre_mean": 0.03585236347313961,
        "ndmi_mean": 0.9183061507738297,
        "msi_mean": 0.7106148581138305
    },
    "rsquared": 0.29712437820769555,
    "aic": 247.96433026100425,
    "fvalue": 2.113634112462461,
    "f_pvalue": 0.09710133494048206,
    "mse_model": 310.2553587930033,
    "rmse_model": 17.614067071321244
}