{
    "coefs": {
        "const": 1.800862693836061,
        "ndvi_mean": -370.50992902219787,
        "gndvi_mean": 22.604486202499118,
        "cire_mean": -53.03842742071795,
        "ndre1_mean": -786.8255225612553,
        "ndre_mean": 1528.456008654785
    },
    "p_values": {
        "const": 0.9763785764150161,
        "ndvi_mean": 0.5299191287210736,
        "gndvi_mean": 0.9593567461793513,
        "cire_mean": 0.48392632145194225,
        "ndre1_mean": 0.5338965549291295,
        "ndre_mean": 0.1264288264318014
    },
    "rsquared": 0.30497476264697476,
    "aic": 247.61614465910412,
    "fvalue": 2.1939833710820236,
    "f_pvalue": 0.08699411592618944,
    "mse_model": 318.4526795768571,
    "rmse_model": 17.84524249139969
}