{
    "coefs": {
        "const": -51.565000862395024,
        "ndvi_mean": 44.04153413859483,
        "gndvi_mean": -108.01067935801632,
        "ndre1_mean": -1282.278094011143,
        "ndre_mean": 1365.703853874051,
        "msi_mean": 33.98564329236556
    },
    "p_values": {
        "const": 0.761492533339589,
        "ndvi_mean": 0.915529125638544,
        "gndvi_mean": 0.8097960197631778,
        "ndre1_mean": 0.23064845549152813,
        "ndre_mean": 0.15896627688013248,
        "msi_mean": 0.714920888159003
    },
    "rsquared": 0.29478746297558556,
    "aic": 248.06722785055553,
    "fvalue": 2.0900611340477346,
    "f_pvalue": 0.10028875098224192,
    "mse_model": 307.8151669845065,
    "rmse_model": 17.544662065269495
}