{
    "coefs": {
        "const": -73.87655943879406,
        "ndvi_mean": -282.29805006576976,
        "gndvi_mean": 327.47390576911687,
        "ndre_mean": 217.0873919643036,
        "ndmi_mean": 42.989799607843224,
        "msi_mean": 50.40972279492553
    },
    "p_values": {
        "const": 0.7877849184281406,
        "ndvi_mean": 0.39874599878215433,
        "gndvi_mean": 0.41262751876267223,
        "ndre_mean": 0.7026049387610793,
        "ndmi_mean": 0.9294105873235283,
        "msi_mean": 0.8141138128747879
    },
    "rsquared": 0.25244475044569037,
    "aic": 249.8748064365518,
    "fvalue": 1.6884688496013989,
    "f_pvalue": 0.17417312311497915,
    "mse_model": 263.6011797395805,
    "rmse_model": 16.23579932555156
}