{
    "coefs": {
        "const": -22.721311304427594,
        "ndvi_mean": -357.1464170617475,
        "cire_mean": -56.04422126874103,
        "ndre1_mean": -678.6893406988981,
        "ndre_mean": 1547.4071768177996,
        "ndmi_mean": -78.44437113680362
    },
    "p_values": {
        "const": 0.7717423634052849,
        "ndvi_mean": 0.43601998861012925,
        "cire_mean": 0.4445904904942275,
        "ndre1_mean": 0.4342361839038199,
        "ndre_mean": 0.029882059091225033,
        "ndmi_mean": 0.6576341853890015
    },
    "rsquared": 0.3104500278509449,
    "aic": 247.37096605859028,
    "fvalue": 2.2511060865059185,
    "f_pvalue": 0.08047003175040629,
    "mse_model": 324.1699161785511,
    "rmse_model": 18.004719275194244
}