{
    "coefs": {
        "const": -23.594208000441313,
        "ndvi_mean": -588.8038343073968,
        "cire_mean": -88.84140988933068,
        "ndre_mean": 1465.392920920825,
        "ndmi_mean": -132.296287737096,
        "msi_mean": 2.0646919064885196
    },
    "p_values": {
        "const": 0.9227237664380289,
        "ndvi_mean": 0.15019617592864287,
        "cire_mean": 0.15326939599747103,
        "ndre_mean": 0.04547677684083204,
        "ndmi_mean": 0.7163864951499697,
        "msi_mean": 0.9912642292928464
    },
    "rsquared": 0.29303168741905916,
    "aic": 248.14431297787945,
    "fvalue": 2.0724527691296624,
    "f_pvalue": 0.10273914787262588,
    "mse_model": 305.9817974759659,
    "rmse_model": 17.492335392278697
}