{
    "coefs": {
        "const": -140.51090194521908,
        "ndvi_mean": 305.16964636672583,
        "cire_mean": 45.17090283971883,
        "ndre1_mean": -431.11083791736837,
        "ndmi_mean": 94.72965647196838,
        "msi_mean": 111.19740118965797
    },
    "p_values": {
        "const": 0.5869933190034697,
        "ndvi_mean": 0.4922155057949955,
        "cire_mean": 0.46741660452844247,
        "ndre1_mean": 0.6460371337091682,
        "ndmi_mean": 0.8117921819555531,
        "msi_mean": 0.575005466865405
    },
    "rsquared": 0.17482137823163835,
    "aic": 252.93734787030093,
    "fvalue": 1.0592941553490283,
    "f_pvalue": 0.406056283399248,
    "mse_model": 182.5473552696172,
    "rmse_model": 13.511008669585598
}