{
    "coefs": {
        "const": -86.76734126879654,
        "gndvi_mean": -168.63330703737245,
        "cire_mean": -28.53048191360078,
        "ndre1_mean": -1234.7342529297248,
        "ndre_mean": 1630.6780863313936,
        "msi_mean": 51.8229953109648
    },
    "p_values": {
        "const": 0.5940327684249923,
        "gndvi_mean": 0.6274600335780285,
        "cire_mean": 0.5730575401204883,
        "ndre1_mean": 0.1256664664645702,
        "ndre_mean": 0.1008596747417659,
        "msi_mean": 0.557354875307794
    },
    "rsquared": 0.3035483918144489,
    "aic": 247.67969945189532,
    "fvalue": 2.1792497012482777,
    "f_pvalue": 0.0887633442010077,
    "mse_model": 316.96327235592616,
    "rmse_model": 17.80346236988542
}