{
    "coefs": {
        "const": -171.19899363006095,
        "ndvi_mean": -193.72246827495223,
        "gndvi_mean": 456.8436659933533,
        "ndre1_mean": -85.59353739370704,
        "ndmi_mean": 253.7655355044103,
        "msi_mean": 129.45796303297715
    },
    "p_values": {
        "const": 0.4734061896416407,
        "ndvi_mean": 0.6143279839035516,
        "gndvi_mean": 0.09230980535736616,
        "ndre1_mean": 0.8627479323460495,
        "ndmi_mean": 0.5075972561654938,
        "msi_mean": 0.4776451893550018
    },
    "rsquared": 0.2489010789232753,
    "aic": 250.021410001385,
    "fvalue": 1.6569127710000402,
    "f_pvalue": 0.18188915971985842,
    "mse_model": 259.9009007982716,
    "rmse_model": 16.12144226793222
}