{
    "coefs": {
        "const": -63.19778854087626,
        "ndvi_mean": -314.738352472202,
        "cire_mean": -56.13289546638545,
        "ndre1_mean": -715.8902352855937,
        "ndre_mean": 1516.0355486560056,
        "msi_mean": 36.978846733110466
    },
    "p_values": {
        "const": 0.7079454077798953,
        "ndvi_mean": 0.49989017987677065,
        "cire_mean": 0.4447763895972652,
        "ndre1_mean": 0.39649673608074365,
        "ndre_mean": 0.03523396915161012,
        "msi_mean": 0.6783422340790606
    },
    "rsquared": 0.309762766509602,
    "aic": 247.4018477818828,
    "fvalue": 2.2438862428732715,
    "f_pvalue": 0.08126606575790583,
    "mse_model": 323.45228231986505,
    "rmse_model": 17.984779184629012
}