{
    "coefs": {
        "const": -19.586705205246737,
        "ndvi_mean": 73.66643069138317,
        "gndvi_mean": -212.27113711071308,
        "ndre1_mean": -1383.4578581688156,
        "ndre_mean": 1569.382293319324,
        "ndmi_mean": -110.56238332262888
    },
    "p_values": {
        "const": 0.8037704572865189,
        "ndvi_mean": 0.8574753864684145,
        "gndvi_mean": 0.6827043205583052,
        "ndre1_mean": 0.2034504828738588,
        "ndre_mean": 0.13959642251701954,
        "ndmi_mean": 0.6056796603633336
    },
    "rsquared": 0.2986074348573704,
    "aic": 247.8988516385296,
    "fvalue": 2.1286755071081203,
    "f_pvalue": 0.09512176172419565,
    "mse_model": 311.80395697848644,
    "rmse_model": 17.65797148537981
}