{
    "coefs": {
        "const": -21.074744219423792,
        "ndvi_mean": -58.48601655496384,
        "ndre1_mean": -1058.023923147455,
        "ndre_mean": 1196.5591142965102,
        "ndmi_mean": -58.11575197163006,
        "msi_mean": 1.916132240815159
    },
    "p_values": {
        "const": 0.9308453696207595,
        "ndvi_mean": 0.8630430435387875,
        "ndre1_mean": 0.15057102014184648,
        "ndre_mean": 0.03711257124775977,
        "ndmi_mean": 0.8767880015718548,
        "msi_mean": 0.9918872865260606
    },
    "rsquared": 0.29381140896943825,
    "aic": 248.11010393788837,
    "fvalue": 2.080261651782498,
    "f_pvalue": 0.10164501177286199,
    "mse_model": 306.7959776884101,
    "rmse_model": 17.51559241614197
}