{
    "coefs": {
        "const": 2.711455385341395,
        "ndvi_max": 130.34452916105408,
        "cire_max": 33.862861251903134,
        "ndre_max": -229.00355509961105
    },
    "p_values": {
        "const": 0.9817475546088106,
        "ndvi_max": 0.714939876521478,
        "cire_max": 0.4658641880599461,
        "ndre_max": 0.7106774544004655
    },
    "rsquared": 0.7453131250908704,
    "aic": 89.55047572701208,
    "fvalue": 7.803706679498558,
    "f_pvalue": 0.009236495011304986,
    "mse_model": 612.8130139636047,
    "rmse_model": 24.75506037083337
}