{
    "coefs": {
        "const": 38.08527017567707,
        "gndvi_max": 80.6838442414114,
        "cire_max": 44.22709564436758,
        "ndre1_max": -299.8824627867418
    },
    "p_values": {
        "const": 0.7080774292098198,
        "gndvi_max": 0.696160493024591,
        "cire_max": 0.1633510018924695,
        "ndre1_max": 0.3754646694793028
    },
    "rsquared": 0.7659876755210816,
    "aic": 88.53454293016927,
    "fvalue": 8.728744547698241,
    "f_pvalue": 0.006651619225176858,
    "mse_model": 629.8120887617782,
    "rmse_model": 25.096057235386162
}