{
    "coefs": {
        "const": -2.3105714483561925,
        "ndvi_max": 38.723744243228,
        "gndvi_max": -16.86466193618014,
        "cire_max": 18.44115198826544
    },
    "p_values": {
        "const": 0.9846084680345097,
        "ndvi_max": 0.9047299753288969,
        "gndvi_max": 0.9547491046249461,
        "cire_max": 0.36542734640387237
    },
    "rsquared": 0.7407193219580296,
    "aic": 89.7649916250652,
    "fvalue": 7.618197931824575,
    "f_pvalue": 0.009898067968855022,
    "mse_model": 609.0358869432689,
    "rmse_model": 24.67865245395844
}