{
    "coefs": {
        "const": 16.720892907625228,
        "gndvi_max": 39.57672937419156,
        "cire_max": 28.27028332395573,
        "ndre_max": -94.56488458410286
    },
    "p_values": {
        "const": 0.8832549989101224,
        "gndvi_max": 0.8741112236482217,
        "cire_max": 0.5162255336253414,
        "ndre_max": 0.8406686284903252
    },
    "rsquared": 0.7416177334398932,
    "aic": 89.72333923824131,
    "fvalue": 7.653959056485768,
    "f_pvalue": 0.009766045857132019,
    "mse_model": 609.7745808283568,
    "rmse_model": 24.69361417104343
}