{
    "coefs": {
        "const": -38.3265528858704,
        "ndvi_max": 364.433995334211,
        "cire_max": 51.91876704918529,
        "ndre1_max": -658.3997400346645
    },
    "p_values": {
        "const": 0.7188186767127003,
        "ndvi_max": 0.2343737340909828,
        "cire_max": 0.09084129904046004,
        "ndre1_max": 0.15349752369709938
    },
    "rsquared": 0.8021085620511865,
    "aic": 86.5226805836289,
    "fvalue": 10.808735272433019,
    "f_pvalue": 0.003461826724294803,
    "mse_model": 659.5114843531978,
    "rmse_model": 25.680955674452573
}