{
    "coefs": {
        "const": -119.29929627027624,
        "ndvi_max": 305.7071563375987,
        "gndvi_max": -47.1421958386677,
        "ndre1_max": -43.77192276885057
    },
    "p_values": {
        "const": 0.32477846628144275,
        "ndvi_max": 0.5443323596742792,
        "gndvi_max": 0.8859419063739936,
        "ndre1_max": 0.8972409673458102
    },
    "rsquared": 0.7115251747195419,
    "aic": 91.04535139493312,
    "fvalue": 6.5773519892909444,
    "f_pvalue": 0.014940312451211609,
    "mse_model": 585.0318103249568,
    "rmse_model": 24.187430833491945
}