{
    "coefs": {
        "const": -41.85359473703918,
        "ndvi_max": 28.676985526632052,
        "gndvi_max": -25.349354422831652,
        "ndre_max": 181.80800688037442
    },
    "p_values": {
        "const": 0.6956195624059223,
        "ndvi_max": 0.9440109064453817,
        "gndvi_max": 0.9337079791258652,
        "ndre_max": 0.5127143155652498
    },
    "rsquared": 0.7269011966652079,
    "aic": 90.38806129819314,
    "fvalue": 7.0978091717631235,
    "f_pvalue": 0.012097007884677073,
    "mse_model": 597.6743172580599,
    "rmse_model": 24.44737853550069
}