{
    "coefs": {
        "const": -126.00664558430154,
        "ndvi_max": 173.97606341259518,
        "ndre1_max": -1434.6209277831017,
        "ndre_max": 1332.1706281271267
    },
    "p_values": {
        "const": 0.1696907586225483,
        "ndvi_max": 0.5033780594421075,
        "ndre1_max": 0.03976479104036196,
        "ndre_max": 0.03094551549372314
    },
    "rsquared": 0.8439788438286615,
    "aic": 83.66995691240902,
    "fvalue": 14.425032511220467,
    "f_pvalue": 0.001364076278431665,
    "mse_model": 693.938160481344,
    "rmse_model": 26.342706020478307
}