{
    "coefs": {
        "const": -68.35256120586831,
        "cire_max": 0.39409587972873794,
        "ndre1_max": -1320.5144416237392,
        "ndre_max": 1370.3884166422451
    },
    "p_values": {
        "const": 0.4772360735361013,
        "cire_max": 0.9909939511178004,
        "ndre1_max": 0.06609112963517057,
        "ndre_max": 0.09679778323717156
    },
    "rsquared": 0.8344072125395324,
    "aic": 84.3844377822,
    "fvalue": 13.43709429757996,
    "f_pvalue": 0.0017232786284541017,
    "mse_model": 686.0681525325044,
    "rmse_model": 26.192902712996595
}