{
    "coefs": {
        "const": -15.02969439780378,
        "gndvi_max": -183.28858977990984,
        "ndre1_max": -1527.3288056890497,
        "ndre_max": 1674.715147751739
    },
    "p_values": {
        "const": 0.804203047322711,
        "gndvi_max": 0.35165504643004797,
        "ndre1_max": 0.031092634684796686,
        "ndre_max": 0.019819814471286803
    },
    "rsquared": 0.8524433308521451,
    "aic": 83.00060513324966,
    "fvalue": 15.405486100583799,
    "f_pvalue": 0.0010955169759168442,
    "mse_model": 700.8978498117639,
    "rmse_model": 26.47447543978471
}