{
    "coefs": {
        "const": 16.903473487636333,
        "cire_max": 32.65599991320277,
        "ndre1_max": -49.13460395095581
    },
    "p_values": {
        "const": 0.7379105811740135,
        "cire_max": 0.31897821643004143,
        "ndre1_max": 0.8507029808908395
    },
    "rsquared": 0.7839589804769205,
    "aic": 85.57567707620709,
    "fvalue": 16.329377726201987,
    "f_pvalue": 0.001012541847901371,
    "mse_model": 966.8827425882021,
    "rmse_model": 31.09473818169566
}