{
    "coefs": {
        "const": -41.97289980522122,
        "ndre1_max": -534.6199311064883,
        "ndre_max": 663.5130412364299
    },
    "p_values": {
        "const": 0.04662237661789463,
        "ndre1_max": 0.36335240257197043,
        "ndre_max": 0.21119296689726555
    },
    "rsquared": 0.7979307865620155,
    "aic": 84.77338089190462,
    "fvalue": 17.769597250553268,
    "f_pvalue": 0.0007494638320496643,
    "mse_model": 984.1146367598193,
    "rmse_model": 31.370601472713577
}