{
    "coefs": {
        "const": -0.6214472275385106,
        "cire_max": 21.742352994546337,
        "ndre_max": 36.27293472937964
    },
    "p_values": {
        "const": 0.9933067254383189,
        "cire_max": 0.6287052453359347,
        "ndre_max": 0.9106208103376824
    },
    "rsquared": 0.7833790534626393,
    "aic": 85.60784596963819,
    "fvalue": 16.273614333846893,
    "f_pvalue": 0.0010248304511970125,
    "mse_model": 966.1674992705885,
    "rmse_model": 31.083235019389285
}