{
    "coefs": {
        "const": -68.34544121638649,
        "ndvi_max": 128.87415537807345,
        "ndre1_max": 82.37314158002027
    },
    "p_values": {
        "const": 0.49540749276598217,
        "ndvi_max": 0.7059632850702189,
        "ndre1_max": 0.8160069564563965
    },
    "rsquared": 0.7612719923492908,
    "aic": 86.77395586475268,
    "fvalue": 14.34990388971912,
    "f_pvalue": 0.0015869570794756727,
    "mse_model": 938.9021238974588,
    "rmse_model": 30.64150981752464
}