{
    "coefs": {
        "const": -16.337660881041216,
        "ndvi_max": 49.569908910709785,
        "cire_max": 20.617729131722175
    },
    "p_values": {
        "const": 0.83527800981779,
        "ndvi_max": 0.7588004334006245,
        "cire_max": 0.3262414058324028
    },
    "rsquared": 0.7854470831921938,
    "aic": 85.4927344141329,
    "fvalue": 16.473846764483948,
    "f_pvalue": 0.0009815329960257081,
    "mse_model": 968.7180692703724,
    "rmse_model": 31.12423604316052
}