{
    "coefs": {
        "const": -125.79256482657179,
        "gndvi_max": 302.78107513160006,
        "cire_max": -0.12775974924182876
    },
    "p_values": {
        "const": 0.19841460614613324,
        "gndvi_max": 0.1730642391365028,
        "cire_max": 0.9946778347270462
    },
    "rsquared": 0.8255117597129132,
    "aic": 83.0123457195603,
    "fvalue": 21.289703607510265,
    "f_pvalue": 0.0003872110412592138,
    "mse_model": 1018.1311703125931,
    "rmse_model": 31.908167768027564
}