{
    "coefs": {
        "const": -128.80463773518014,
        "ndvi_max": -34.59472269525202,
        "gndvi_max": 348.1088254833594
    },
    "p_values": {
        "const": 0.0030203953667046696,
        "ndvi_max": 0.8019411322030956,
        "gndvi_max": 0.09482569500247688
    },
    "rsquared": 0.8267954363420682,
    "aic": 82.92373767610603,
    "fvalue": 21.480839678608106,
    "f_pvalue": 0.000374556198462537,
    "mse_model": 1019.7143714885508,
    "rmse_model": 31.93296684444699
}