{
    "coefs": {
        "const": -150.61209285134908,
        "gndvi_max": 391.8658956772581,
        "ndre_max": -60.68462679775919
    },
    "p_values": {
        "const": 0.06618301357037737,
        "gndvi_max": 0.1365094367427237,
        "ndre_max": 0.7095698174172513
    },
    "rsquared": 0.8283301142218085,
    "aic": 82.81693790506965,
    "fvalue": 21.713100682167912,
    "f_pvalue": 0.0003598516777170368,
    "mse_model": 1021.6071408735639,
    "rmse_model": 31.962589708494583
}