{
    "coefs": {
        "const": -145.7260477534223,
        "gndvi_max": 372.8582666674985,
        "ndre1_max": -54.86173405024903
    },
    "p_values": {
        "const": 0.040902724215111944,
        "gndvi_max": 0.08576113956775018,
        "ndre1_max": 0.7123701765994247
    },
    "rsquared": 0.8282739440909304,
    "aic": 82.82086364497931,
    "fvalue": 21.70452660010305,
    "f_pvalue": 0.00036038182438444266,
    "mse_model": 1021.5378643788142,
    "rmse_model": 31.96150597795439
}