{
    "coefs": {
        "const": -35.8695515996489,
        "ndvi_max": 0.9768368647013972,
        "ndre_max": 191.728769871746
    },
    "p_values": {
        "const": 0.622231512327718,
        "ndvi_max": 0.9969410106401704,
        "ndre_max": 0.4208222862269857
    },
    "rsquared": 0.777349160718159,
    "aic": 85.9373151532313,
    "fvalue": 15.711017459061562,
    "f_pvalue": 0.001159603491820344,
    "mse_model": 958.7306315523961,
    "rmse_model": 30.963375648536708
}