{
    "coefs": {
        "const": 577.255110959697,
        "gndvi_mean": 1627.4911831712243,
        "cire_mean": 423.71823443764424,
        "ndre1_mean": 1714.2004614395473,
        "ndre_mean": -5897.974763035412,
        "ndmi_mean": 241.24082759458588,
        "msi_mean": -293.68325225893614
    },
    "p_values": {
        "const": 0.35427452605629667,
        "gndvi_mean": 0.30225531138871503,
        "cire_mean": 0.11822438159572161,
        "ndre1_mean": 0.4553994781770346,
        "ndre_mean": 0.2486332444792205,
        "ndmi_mean": 0.7000259958861925,
        "msi_mean": 0.4952350339708746
    },
    "rsquared": 0.943234704569883,
    "aic": 62.817018162076295,
    "fvalue": 8.308198675113807,
    "f_pvalue": 0.055221256886224174,
    "mse_model": 213.7998663691735,
    "rmse_model": 14.621896811603257
}