{
    "coefs": {
        "const": 165.38817326340546,
        "ndvi_mean": 399.92064198410753,
        "gndvi_mean": 1063.6962279933914,
        "cire_mean": 355.25692449724124,
        "ndre1_mean": 474.35025376222256,
        "ndre_mean": -4120.831445886011,
        "ndmi_mean": 513.1249911777466
    },
    "p_values": {
        "const": 0.19633809101448255,
        "ndvi_mean": 0.7546252124839457,
        "gndvi_mean": 0.55402560776984,
        "cire_mean": 0.1562355170934833,
        "ndre1_mean": 0.9004014525519919,
        "ndre_mean": 0.4056026255145946,
        "ndmi_mean": 0.32613334727913024
    },
    "rsquared": 0.9344553350877634,
    "aic": 64.25508490468539,
    "fvalue": 7.128385936055852,
    "f_pvalue": 0.06777570379791123,
    "mse_model": 211.80987595322634,
    "rmse_model": 14.553689427537828
}