{
    "coefs": {
        "const": 719.05249001927,
        "ndvi_mean": 809.8675616898644,
        "gndvi_mean": 1199.6485257162994,
        "cire_mean": 558.8504789833175,
        "ndre_mean": -5648.574560134724,
        "ndmi_mean": 0.15750690879713147,
        "msi_mean": -411.15020841498153
    },
    "p_values": {
        "const": 0.24613703525713962,
        "ndvi_mean": 0.2998055189475083,
        "gndvi_mean": 0.1624238115345412,
        "cire_mean": 0.09960839134026515,
        "ndre_mean": 0.13481193246074685,
        "ndmi_mean": 0.9997607068362078,
        "msi_mean": 0.34289806418869945
    },
    "rsquared": 0.9535896444898029,
    "aic": 60.802992865937945,
    "fvalue": 10.273457658391393,
    "f_pvalue": 0.04134644844010322,
    "mse_model": 216.14698608435535,
    "rmse_model": 14.701938174416165
}