{
    "coefs": {
        "const": 707.8855768453059,
        "ndvi_mean": 853.0921941146175,
        "gndvi_mean": 1136.3780789182474,
        "cire_mean": 558.5126997573485,
        "ndre1_mean": -162.3230451331874,
        "ndre_mean": -5483.014396798728,
        "msi_mean": -402.48223670713355
    },
    "p_values": {
        "const": 0.12335868995711859,
        "ndvi_mean": 0.4138122248896627,
        "gndvi_mean": 0.3889801330676694,
        "cire_mean": 0.08330813468559377,
        "ndre1_mean": 0.9497912003793738,
        "ndre_mean": 0.22770478747167092,
        "msi_mean": 0.17239725685197882
    },
    "rsquared": 0.9536618499105658,
    "aic": 60.787422709872715,
    "fvalue": 10.290245165915833,
    "f_pvalue": 0.04125365153259361,
    "mse_model": 216.16335264639488,
    "rmse_model": 14.702494776275042
}