{
    "coefs": {
        "const": 501.6479300783458,
        "ndvi_mean": 1117.2150566587677,
        "gndvi_mean": -690.711825907068,
        "cire_mean": 381.36239741994166,
        "ndre1_mean": -3188.1334275696017,
        "ndmi_mean": -277.1460152576683,
        "msi_mean": -251.22440102430323
    },
    "p_values": {
        "const": 0.4851891656633799,
        "ndvi_mean": 0.4770151826405196,
        "gndvi_mean": 0.3784211203757435,
        "cire_mean": 0.25642520665647195,
        "ndre1_mean": 0.34748539819804475,
        "ndmi_mean": 0.7406706833800294,
        "msi_mean": 0.6249350320811808
    },
    "rsquared": 0.9217820010563474,
    "aic": 66.0227645975036,
    "fvalue": 5.892390584681091,
    "f_pvalue": 0.08697361369520941,
    "mse_model": 208.93725357277208,
    "rmse_model": 14.454662001332721
}