{
    "coefs": {
        "const": -157.14284693596392,
        "ndvi_mean": -834.1897488133409,
        "gndvi_mean": 562.502848408265,
        "ndre1_mean": 1558.6814405930836,
        "ndre_mean": -925.5075826529319,
        "ndmi_mean": 611.631138195999,
        "msi_mean": 239.12358214854316
    },
    "p_values": {
        "const": 0.7967314758928742,
        "ndvi_mean": 0.561194349236038,
        "gndvi_mean": 0.8150625673614489,
        "ndre1_mean": 0.7674634740199024,
        "ndre_mean": 0.8739862530508289,
        "ndmi_mean": 0.5471292067011493,
        "msi_mean": 0.5940352752008313
    },
    "rsquared": 0.8720626312121245,
    "aic": 70.9431751098874,
    "fvalue": 3.408162288604019,
    "f_pvalue": 0.17087267456779834,
    "mse_model": 197.66752974141488,
    "rmse_model": 14.059428499815164
}