{
    "coefs": {
        "const": 715.2675953046651,
        "ndvi_mean": 1301.681035004877,
        "cire_mean": 529.8200646640158,
        "ndre1_mean": -2404.102897560356,
        "ndre_mean": -2584.5159852987754,
        "ndmi_mean": -303.0886156624442,
        "msi_mean": -411.2731409004864
    },
    "p_values": {
        "const": 0.2945439664855524,
        "ndvi_mean": 0.3001400797667575,
        "cire_mean": 0.1416095097814179,
        "ndre1_mean": 0.23048819214252986,
        "ndre_mean": 0.20405522153305375,
        "ndmi_mean": 0.630373238975612,
        "msi_mean": 0.39352253337122145
    },
    "rsquared": 0.9434402339525665,
    "aic": 62.78074558382228,
    "fvalue": 8.340206297541581,
    "f_pvalue": 0.05493554697812936,
    "mse_model": 213.8464530292484,
    "rmse_model": 14.623489769177821
}