{
    "coefs": {
        "const": -132.56307204597937,
        "ndvi_max": 159.00613291368893,
        "gndvi_max": 488.733160827068,
        "cire_max": 54.421161151938904,
        "ndre1_max": 215.6234922280471,
        "ndre_max": -848.7148224292009
    },
    "p_values": {
        "const": 0.28836392625388385,
        "ndvi_max": 0.7435960409820341,
        "gndvi_max": 0.36512406794022906,
        "cire_max": 0.4211404656008486,
        "ndre1_max": 0.8858611003399411,
        "ndre_max": 0.6071854521238583
    },
    "rsquared": 0.8477876468156412,
    "aic": 87.37337681342522,
    "fvalue": 6.68372280498526,
    "f_pvalue": 0.019303317053730996,
    "mse_model": 418.24190576238306,
    "rmse_model": 20.450963443377994
}