{
    "coefs": {
        "const": 7.723675235869365,
        "cire_mean": 42.67929803607936,
        "ndmi_mean": 18.239778195630777
    },
    "p_values": {
        "const": 0.7921117419250919,
        "cire_mean": 0.20052735481364886,
        "ndmi_mean": 0.9123375502189085
    },
    "rsquared": 0.6857676820239563,
    "aic": 90.07164848005574,
    "fvalue": 9.82061485268065,
    "f_pvalue": 0.005465486435173544,
    "mse_model": 845.7801411628795,
    "rmse_model": 29.08229944765165
}