{
    "coefs": {
        "const": 47.901441233807844,
        "gndvi_mean": -131.6885925875465,
        "cire_mean": 62.96452461951175
    },
    "p_values": {
        "const": 0.6180879909346229,
        "gndvi_mean": 0.6505800321632088,
        "cire_mean": 0.1291340816495737
    },
    "rsquared": 0.6928111846654657,
    "aic": 89.79960864429414,
    "fvalue": 10.14897084582789,
    "f_pvalue": 0.004935422037295515,
    "mse_model": 854.4671277540745,
    "rmse_model": 29.231269691104327
}