{
    "coefs": {
        "const": -58.818355026924905,
        "ndvi_mean": 240.35775543063556,
        "msi_mean": -5.582077958023248
    },
    "p_values": {
        "const": 0.7723836948813959,
        "ndvi_mean": 0.26367485315504663,
        "msi_mean": 0.9575118458928151
    },
    "rsquared": 0.5538809305687775,
    "aic": 94.27708819646008,
    "fvalue": 5.586993155744842,
    "f_pvalue": 0.02645626574710431,
    "mse_model": 683.1198143681589,
    "rmse_model": 26.13656087491541
}