{
    "coefs": {
        "const": 41.45750477044528,
        "cire_mean": 88.73178245130039,
        "ndre1_mean": -314.13499967028
    },
    "p_values": {
        "const": 0.3708442328765654,
        "cire_mean": 0.11085843369461715,
        "ndre1_mean": 0.4072801247371246
    },
    "rsquared": 0.7096942281327209,
    "aic": 89.12127457702663,
    "fvalue": 11.00089745393451,
    "f_pvalue": 0.0038269299924446137,
    "mse_model": 875.2895480303558,
    "rmse_model": 29.58529276566916
}