{
    "coefs": {
        "const": -12.178835680605204,
        "gndvi_mean": 132.33980041305404,
        "ndmi_mean": 142.7076509417314
    },
    "p_values": {
        "const": 0.9002994898522059,
        "gndvi_mean": 0.5498531238872423,
        "ndmi_mean": 0.36292680456303295
    },
    "rsquared": 0.634815320282144,
    "aic": 91.87489590738011,
    "fvalue": 7.822532269088423,
    "f_pvalue": 0.010747475739766992,
    "mse_model": 782.9388950146445,
    "rmse_model": 27.981045280951253
}