{
    "coefs": {
        "const": 40.959515362331274,
        "ndvi_mean": -108.62586430968537,
        "cire_mean": 62.856194615338204
    },
    "p_values": {
        "const": 0.5304652750436405,
        "ndvi_mean": 0.5711665209308857,
        "cire_mean": 0.06921482418891056
    },
    "rsquared": 0.6969511254004066,
    "aic": 89.63678667568558,
    "fvalue": 10.349089956020045,
    "f_pvalue": 0.004643089337619744,
    "mse_model": 859.5730546605016,
    "rmse_model": 29.318476335930242
}