{
    "coefs": {
        "const": -370.1865941933025,
        "ndmi_mean": 892.921395497681,
        "msi_mean": 397.74011761079305
    },
    "p_values": {
        "const": 0.030612193899577093,
        "ndmi_mean": 0.004176580641424807,
        "msi_mean": 0.01806357373519488
    },
    "rsquared": 0.8020644258013511,
    "aic": 84.52535667689169,
    "fvalue": 18.2346701987172,
    "f_pvalue": 0.000682900371277042,
    "mse_model": 989.2127918216665,
    "rmse_model": 31.45175339820765
}