{
    "coefs": {
        "const": 20.483350591717283,
        "ndre1_mean": 109.44658109473767,
        "ndmi_mean": 150.6883427254263
    },
    "p_values": {
        "const": 0.8147274998777276,
        "ndre1_mean": 0.7662443883896484,
        "ndmi_mean": 0.5744059804861521
    },
    "rsquared": 0.6230881773887255,
    "aic": 92.25419275171824,
    "fvalue": 7.43913199332313,
    "f_pvalue": 0.012390217236774132,
    "mse_model": 768.4754187794282,
    "rmse_model": 27.72138919281334
}