{
    "coefs": {
        "const": -51.27649282380901,
        "gndvi_mean": 110.79435891388675,
        "ndre1_mean": 208.14274732305512
    },
    "p_values": {
        "const": 0.5504390696316571,
        "gndvi_mean": 0.7655887785436852,
        "ndre1_mean": 0.5645646972048612
    },
    "rsquared": 0.6129308780388262,
    "aic": 92.57329697955744,
    "fvalue": 7.125830490429526,
    "f_pvalue": 0.013965239009728785,
    "mse_model": 755.9480829145523,
    "rmse_model": 27.49451005045466
}