{
    "coefs": {
        "const": 64.04268401835273,
        "ndvi_mean": -37.55080444465091,
        "ndmi_mean": 258.73678570916087
    },
    "p_values": {
        "const": 0.5831481950208279,
        "ndvi_mean": 0.8790339635106936,
        "ndmi_mean": 0.24111831821561214
    },
    "rsquared": 0.6201902607606571,
    "aic": 92.34610283143608,
    "fvalue": 7.3480374121324346,
    "f_pvalue": 0.012824706536053044,
    "mse_model": 764.9013216048104,
    "rmse_model": 27.656849451895464
}