{
    "coefs": {
        "const": -20.71975023365016,
        "cire_mean": 51.649308870580874,
        "msi_mean": 19.91471575914275
    },
    "p_values": {
        "const": 0.8121685558814368,
        "cire_mean": 0.037685579945482134,
        "msi_mean": 0.7663564628535664
    },
    "rsquared": 0.6885662228895277,
    "aic": 89.96429820292585,
    "fvalue": 9.949299757244228,
    "f_pvalue": 0.005249835658257848,
    "mse_model": 849.2316748970843,
    "rmse_model": 29.141579828435592
}