{
    "coefs": {
        "const": -59.99875324559309,
        "gndvi_mean": 283.8132324210067,
        "msi_mean": -17.24126786837209
    },
    "p_values": {
        "const": 0.6934313554537688,
        "gndvi_mean": 0.13959578471519477,
        "msi_mean": 0.8160643045266709
    },
    "rsquared": 0.6000989639837464,
    "aic": 92.96466281641298,
    "fvalue": 6.7527840508447765,
    "f_pvalue": 0.01617284341125927,
    "mse_model": 740.1220555799541,
    "rmse_model": 27.205184351148112
}