{
    "coefs": {
        "const": 7.145330123109147,
        "gndvi_mean": -192.3066024891193,
        "ndre_mean": 424.14357864878
    },
    "p_values": {
        "const": 0.9459867995448294,
        "gndvi_mean": 0.7012567497237234,
        "ndre_mean": 0.31197756914398717
    },
    "rsquared": 0.6430560171855566,
    "aic": 91.60100384096744,
    "fvalue": 8.107020195489094,
    "f_pvalue": 0.009698404497536594,
    "mse_model": 793.1024211955199,
    "rmse_model": 28.162074163589583
}