{
    "coefs": {
        "const": -68.51806419594541,
        "ndre_mean": 311.1339308789889,
        "msi_mean": 23.19131049288316
    },
    "p_values": {
        "const": 0.5991306658244736,
        "ndre_mean": 0.07895047716488811,
        "msi_mean": 0.7761546045681602
    },
    "rsquared": 0.6402652087697052,
    "aic": 91.69446236515654,
    "fvalue": 8.009215426759189,
    "f_pvalue": 0.010044330377359542,
    "mse_model": 789.6604241493031,
    "rmse_model": 28.100897212532256
}