{
    "coefs": {
        "const": -87.95025554209275,
        "ndre1_mean": 397.6625219373507,
        "msi_mean": 39.1737908047952
    },
    "p_values": {
        "const": 0.575586835652641,
        "ndre1_mean": 0.11183710378692045,
        "msi_mean": 0.6929178906596298
    },
    "rsquared": 0.6159666062238587,
    "aic": 92.47881167914475,
    "fvalue": 7.217730991443717,
    "f_pvalue": 0.013479086370346388,
    "mse_model": 759.6921476760924,
    "rmse_model": 27.562513449903157
}