{
    "coefs": {
        "const": -99.13834730408485,
        "ndvi_mean": -89.02620741497026,
        "gndvi_mean": 427.2327158910496
    },
    "p_values": {
        "const": 0.06656263298835677,
        "ndvi_mean": 0.7981242019516396,
        "gndvi_mean": 0.33076707430831276
    },
    "rsquared": 0.6006299408753716,
    "aic": 92.94871898039645,
    "fvalue": 6.767745032923759,
    "f_pvalue": 0.016076435470803365,
    "mse_model": 740.776927079625,
    "rmse_model": 27.21721747496656
}