{
    "coefs": {
        "const": -6.745845742285979,
        "ndre_mean": 180.84783651459827,
        "ndmi_mean": 79.44899290687471
    },
    "p_values": {
        "const": 0.9238153728154221,
        "ndre_mean": 0.45674725933472504,
        "ndmi_mean": 0.6994932467162115
    },
    "rsquared": 0.6431327867928293,
    "aic": 91.59842266741353,
    "fvalue": 8.10973222941507,
    "f_pvalue": 0.009689021564875964,
    "mse_model": 793.1971037111562,
    "rmse_model": 28.16375514222413
}