{
    "coefs": {
        "const": 19.931530590847885,
        "ndvi_mean": -244.90801494346783,
        "ndre1_mean": 598.0877205998685
    },
    "p_values": {
        "const": 0.8015048607791204,
        "ndvi_mean": 0.5375955584584847,
        "ndre1_mean": 0.22004247158013818
    },
    "rsquared": 0.6259379785746364,
    "aic": 92.16311693420772,
    "fvalue": 7.530090579238026,
    "f_pvalue": 0.011974193557109039,
    "mse_model": 771.9901735753849,
    "rmse_model": 27.78471114795662
}