{
    "coefs": {
        "const": 52.64250430441831,
        "cire_mean": 98.35968680431148,
        "ndre_mean": -322.17574298744466
    },
    "p_values": {
        "const": 0.42359085463811075,
        "cire_mean": 0.18272190853155656,
        "ndre_mean": 0.45687592088383244
    },
    "rsquared": 0.7051207006696635,
    "aic": 89.3088509515691,
    "fvalue": 10.760481187453262,
    "f_pvalue": 0.00410581414639997,
    "mse_model": 869.6488641592517,
    "rmse_model": 29.48980949682876
}