{
    "coefs": {
        "const": 19.47653585520625,
        "ndvi_mean": -285.74904933417713,
        "ndre_mean": 549.9707577295267
    },
    "p_values": {
        "const": 0.7573148537579633,
        "ndvi_mean": 0.38340944440109026,
        "ndre_mean": 0.11258818625718717
    },
    "rsquared": 0.6678216190911483,
    "aic": 90.73812293621246,
    "fvalue": 9.046938207380752,
    "f_pvalue": 0.007017317678267136,
    "mse_model": 823.6466635457497,
    "rmse_model": 28.699244999577076
}