{
    "coefs": {
        "const": -37.04637600961908,
        "ndre1_mean": -530.3916846245152,
        "ndre_mean": 715.3464524998644
    },
    "p_values": {
        "const": 0.16660096117250126,
        "ndre1_mean": 0.5098839852337349,
        "ndre_mean": 0.3017442649442279
    },
    "rsquared": 0.6548886619218071,
    "aic": 91.19646254639218,
    "fvalue": 8.539270239740492,
    "f_pvalue": 0.008333290546146309,
    "mse_model": 807.6960163702289,
    "rmse_model": 28.419993250706955
}