{
    "aic": 2679.2177876427886,
    "bic": 4680.073683306926,
    "rmse": 1.7863255158041476,
    "mse": 3.190958848412954,
    "r2": 0.8535334724326302
}