{
    "aic": 2356.381837515076,
    "bic": 4307.239233451084,
    "rmse": 1.7399580408212243,
    "mse": 3.0274539838184333,
    "r2": 0.8549891652794268
}