{
    "aic": 2315.8420774118467,
    "bic": 4266.699473347855,
    "rmse": 1.715984591480129,
    "mse": 2.944603118197225,
    "r2": 0.8516300217724578
}