{
    "aic": 2632.768313841161,
    "bic": 4633.6242095052985,
    "rmse": 1.7616989137133998,
    "mse": 3.1035830625789727,
    "r2": 0.8501359532730832
}