{
    "aic": 2751.6913780309847,
    "bic": 4752.547273695122,
    "rmse": 1.8254389807847964,
    "mse": 3.3322274725686363,
    "r2": 0.8460759251056317
}