{
    "aic": 2419.663438974577,
    "bic": 4370.520834910585,
    "rmse": 1.778051223440802,
    "mse": 3.161466153179332,
    "r2": 0.8472309549635096
}