{
    "coefs": {
        "const": 53.90793366281404,
        "ndvi_max": -43.34512465878947,
        "gndvi_max": -154.98744150625458,
        "cire_max": -3.697647622174202,
        "ndre1_max": -513.4790999156502,
        "ndre_max": 727.9839209830589
    },
    "p_values": {
        "const": 0.5991221624764695,
        "ndvi_max": 0.9239998346231153,
        "gndvi_max": 0.7151254420352527,
        "cire_max": 0.9463574059824211,
        "ndre1_max": 0.5959474126091604,
        "ndre_max": 0.30669163829357105
    },
    "rsquared": 0.2028799033692228,
    "aic": 251.86491772440985,
    "fvalue": 1.2725805322607233,
    "f_pvalue": 0.3067096175225239,
    "mse_model": 211.84588619553998,
    "rmse_model": 14.55492652662802
}