{
    "coefs": {
        "const": -149.40426061469879,
        "gndvi_max": 387.0814035822048,
        "ndre1_max": -16.478928960309418,
        "ndre_max": -43.077162651427784
    },
    "p_values": {
        "const": 0.14296210901990755,
        "gndvi_max": 0.2679737052032932,
        "ndre1_max": 0.9817465313132165,
        "ndre_max": 0.9564476762178642
    },
    "rsquared": 0.8283420692138868,
    "aic": 84.8161022028744,
    "fvalue": 12.868104458993397,
    "f_pvalue": 0.0019843712811687224,
    "mse_model": 681.0812569091958,
    "rmse_model": 26.097533540723646
}