{
    "coefs": {
        "const": -115.9033792160671,
        "ndvi_max": -45.640593526603695,
        "gndvi_max": 330.39335199545684,
        "cire_max": 3.0491272030625467
    },
    "p_values": {
        "const": 0.2888449564660661,
        "ndvi_max": 0.7879026300946428,
        "gndvi_max": 0.20198512948849057,
        "cire_max": 0.8966444104168697
    },
    "rsquared": 0.8271838356593448,
    "aic": 84.89679828555718,
    "fvalue": 12.763988659128747,
    "f_pvalue": 0.002037373471535872,
    "mse_model": 680.128931542128,
    "rmse_model": 26.079281653107856
}