{
    "coefs": {
        "const": -112.94078203720227,
        "gndvi_max": 334.4571541522021,
        "cire_max": 14.174975989095667,
        "ndre1_max": -141.83916560525256
    },
    "p_values": {
        "const": 0.2765081188914276,
        "gndvi_max": 0.1660870760090667,
        "cire_max": 0.6631566327068885,
        "ndre1_max": 0.5778672534164823
    },
    "rsquared": 0.832553372570728,
    "aic": 84.51803343725555,
    "fvalue": 13.25880587110089,
    "f_pvalue": 0.001800207523050522,
    "mse_model": 684.5438841137097,
    "rmse_model": 26.16378955949825
}