{
    "coefs": {
        "const": -157.44667321271686,
        "ndvi_max": 46.31489019476044,
        "gndvi_max": 367.92955672517326,
        "ndre1_max": -99.08143731002178
    },
    "p_values": {
        "const": 0.15372880578521675,
        "ndvi_max": 0.8814529499979231,
        "gndvi_max": 0.11363598857520033,
        "ndre1_max": 0.7684385273973005
    },
    "rsquared": 0.8287812697903381,
    "aic": 84.7853598958032,
    "fvalue": 12.907953372865578,
    "f_pvalue": 0.0019645418470794385,
    "mse_model": 681.4423773831669,
    "rmse_model": 26.104451294428063
}