{
    "coefs": {
        "const": -13.024803169178426,
        "ndvi_max": 142.91671153576252,
        "cire_max": 38.4164040437194,
        "ndre_max": -213.20551158432158
    },
    "p_values": {
        "const": 0.8764639104417248,
        "ndvi_max": 0.6853014266818986,
        "cire_max": 0.5426385952267934,
        "ndre_max": 0.7615210591322976
    },
    "rsquared": 0.788059862833866,
    "aic": 87.34570389323689,
    "fvalue": 9.915502536028244,
    "f_pvalue": 0.004523943864518407,
    "mse_model": 647.960331663401,
    "rmse_model": 25.4550649510741
}