{
    "coefs": {
        "const": -36.83408220758784,
        "cire_max": 3.0488951531217054,
        "ndre1_max": -515.0162378962816,
        "ndre_max": 624.3223919762065
    },
    "p_values": {
        "const": 0.6858396690598341,
        "cire_max": 0.9536235824164456,
        "ndre1_max": 0.4681779284802723,
        "ndre_max": 0.47682848096804975
    },
    "rsquared": 0.798021691852642,
    "aic": 86.76798121267063,
    "fvalue": 10.536071246758858,
    "f_pvalue": 0.0037494468829967647,
    "mse_model": 656.1511688566169,
    "rmse_model": 25.615447855866524
}