{
    "coefs": {
        "const": -111.14747334785676,
        "gndvi_max": 405.22467506770727,
        "cire_max": 26.966850640990295,
        "ndre_max": -263.2286663826128
    },
    "p_values": {
        "const": 0.27407307378497575,
        "gndvi_max": 0.1410575369616129,
        "cire_max": 0.5194732561081453,
        "ndre_max": 0.46350273504135864
    },
    "rsquared": 0.8375473773254489,
    "aic": 84.15469441581664,
    "fvalue": 13.748375594663425,
    "f_pvalue": 0.0015985523423799066,
    "mse_model": 688.6500658009248,
    "rmse_model": 26.242142934618066
}