{
    "coefs": {
        "const": -155.1738374322644,
        "ndvi_max": 15.840919415390914,
        "gndvi_max": 392.59356424456786,
        "ndre_max": -75.5178031977085
    },
    "p_values": {
        "const": 0.16410262931600342,
        "ndvi_max": 0.94699761125782,
        "gndvi_max": 0.16132638475632735,
        "ndre_max": 0.7894248512101945
    },
    "rsquared": 0.8284310161298851,
    "aic": 84.80988262643504,
    "fvalue": 12.876158187302558,
    "f_pvalue": 0.0019803435355318423,
    "mse_model": 681.1543910401278,
    "rmse_model": 26.098934672513508
}