{
    "coefs": {
        "const": -73.95049716819639,
        "ndvi_max": 440.7000084256738,
        "cire_max": 56.277057586770596,
        "ndre1_max": -695.2006146138847
    },
    "p_values": {
        "const": 0.4320860875200745,
        "ndvi_max": 0.26347052356945505,
        "cire_max": 0.15701091159731503,
        "ndre1_max": 0.2736450864414013
    },
    "rsquared": 0.8170409626143099,
    "aic": 85.58120499831847,
    "fvalue": 11.908544838437352,
    "f_pvalue": 0.0025473359032046803,
    "mse_model": 671.7892359273216,
    "rmse_model": 25.918897274523882
}