{
    "coefs": {
        "const": -124.8029454631918,
        "ndvi_max": 282.1964001971859,
        "ndre1_max": -985.1983700999936,
        "ndre_max": 804.5221361238528
    },
    "p_values": {
        "const": 0.23422394610511937,
        "ndvi_max": 0.4097594597715287,
        "ndre1_max": 0.23511115386133416,
        "ndre_max": 0.16421261371930757
    },
    "rsquared": 0.8153883711590011,
    "aic": 85.68910931663599,
    "fvalue": 11.778071638326008,
    "f_pvalue": 0.002638572399058493,
    "mse_model": 670.4304385085121,
    "rmse_model": 25.892671521272426
}