{
    "coefs": {
        "const": 51.39461936427112,
        "ndvi_max": 78.29496072582651,
        "gndvi_max": -213.40578352433704,
        "cire_max": 28.708002009667553,
        "ndre1_max": -609.1983028350963,
        "ndre_max": 584.5113811037495
    },
    "p_values": {
        "const": 0.6048899080286574,
        "ndvi_max": 0.8416968493313632,
        "gndvi_max": 0.5436315077015099,
        "cire_max": 0.6902823329282394,
        "ndre1_max": 0.41805525209428096,
        "ndre_max": 0.5446129060025402
    },
    "rsquared": 0.6345818523737121,
    "aic": 166.68291055732243,
    "fvalue": 5.557091077131264,
    "f_pvalue": 0.003733353962824659,
    "mse_model": 506.0790272680355,
    "rmse_model": 22.496200285115606
}