{
    "coefs": {
        "const": 41.77435998340451,
        "ndvi_max": -237.76590300462158,
        "gndvi_max": 5.791698515845383,
        "cire_max": -19.41968508667533,
        "ndre_max": 459.44824019156897
    },
    "p_values": {
        "const": 0.6713256404223147,
        "ndvi_max": 0.37485915709116757,
        "gndvi_max": 0.9842369390710741,
        "cire_max": 0.6712108049571075,
        "ndre_max": 0.3471083832483024
    },
    "rsquared": 0.19368190947029262,
    "aic": 250.22057962748994,
    "fvalue": 1.5613346969926614,
    "f_pvalue": 0.214221174353573,
    "mse_model": 252.80175038521656,
    "rmse_model": 15.899740576035088
}