{
    "coefs": {
        "const": 56.652786996513846,
        "ndvi_max": -172.30404796767823,
        "gndvi_max": 61.44124743392578,
        "cire_max": 4.165502724170679,
        "ndre1_max": 201.50922759792616
    },
    "p_values": {
        "const": 0.5810901000426296,
        "ndvi_max": 0.6940876715251871,
        "gndvi_max": 0.8678653657979714,
        "cire_max": 0.939076826571787,
        "ndre1_max": 0.765265193523806
    },
    "rsquared": 0.1681591543452473,
    "aic": 251.1866268406634,
    "fvalue": 1.3139947490601593,
    "f_pvalue": 0.2909231750073206,
    "mse_model": 219.48838008692155,
    "rmse_model": 14.815140231767014
}