{
    "coefs": {
        "const": 58.3569190634189,
        "ndvi_max": -21.009305193808395,
        "gndvi_max": -170.8621637423471,
        "ndre1_max": -548.4345431033977,
        "ndre_max": 721.4178494005303
    },
    "p_values": {
        "const": 0.4479737582186789,
        "ndvi_max": 0.9449181791726528,
        "gndvi_max": 0.6216928484548934,
        "ndre1_max": 0.49385965952196387,
        "ndre_max": 0.29677561108856854
    },
    "rsquared": 0.20273263758538207,
    "aic": 249.87064436166622,
    "fvalue": 1.6528484752141184,
    "f_pvalue": 0.19116961529743387,
    "mse_model": 264.6151402676942,
    "rmse_model": 16.26699542840331
}