{
    "coefs": {
        "const": 30.35741523927864,
        "ndvi_max": -172.29250320819995,
        "cire_max": -14.87190173189309,
        "ndre1_max": -261.8573979985208,
        "ndre_max": 600.769522063237
    },
    "p_values": {
        "const": 0.6977327658563489,
        "ndvi_max": 0.5417339509803585,
        "cire_max": 0.7406468127280055,
        "ndre1_max": 0.6943996538858563,
        "ndre_max": 0.3230603884926878
    },
    "rsquared": 0.19853494870676835,
    "aic": 250.03343414831954,
    "fvalue": 1.6101477718981012,
    "f_pvalue": 0.20160367420821487,
    "mse_model": 259.13614071121333,
    "rmse_model": 16.097706069847757
}