{
    "coefs": {
        "const": 56.65630090692452,
        "gndvi_max": -186.40676324756936,
        "cire_max": 0.13323271924480196,
        "ndre1_max": -587.6178670190131,
        "ndre_max": 746.4535055977944
    },
    "p_values": {
        "const": 0.5572228717143689,
        "gndvi_max": 0.4788347945940077,
        "cire_max": 0.997110048000547,
        "ndre1_max": 0.30079370217134116,
        "ndre_max": 0.26687466453936226
    },
    "rsquared": 0.2025838204974788,
    "aic": 249.87643024910676,
    "fvalue": 1.6513269570917315,
    "f_pvalue": 0.19153204405783492,
    "mse_model": 264.4208979638463,
    "rmse_model": 16.26102389039037
}